13679,6,0,0,0,0.0,closed,True,True
13676,1,1,0,0,0.0,closed,True,True
13675,0,1,0,0,0.0,closed,True,True
13674,28,0,1,0,0.0,closed,False,False
13673,837,572,0,0,0.0,open,False,False
13672,2,2,0,0,0.0,closed,True,True
13671,228,23,0,0,0.0,closed,True,True
13670,88,14,0,0,0.0,closed,True,True
13669,4,3,0,0,0.0,closed,True,True
13667,202,54,1,0,0.0,closed,False,False
13666,9,2,0,0,0.0,closed,True,True
13665,4,3,0,0,0.0,closed,True,True
13663,10,4,0,0,0.0,closed,True,True
13661,3,3,1,0,0.0,closed,True,True
13660,685,421,2,0,0.0,closed,False,False
13658,105,1,0,0,0.0,closed,True,True
13657,422,160,0,0,0.0,open,False,False
13656,6,0,0,0,0.0,closed,True,True
13653,173,173,0,1,0.25,closed,True,True
13651,679,415,1,0,0.0,closed,False,False
13650,673,410,2,0,0.0,closed,False,False
13649,13,13,0,0,0.0,closed,True,True
13648,110,17,1,0,0.0,closed,True,True
13647,8,1,0,0,0.0,closed,True,True
13646,40,7,2,1,0.3333333333333333,closed,True,True
13645,327,33,4,21,0.9545454545454546,closed,True,True
13644,668,405,1,0,0.0,closed,False,False
13643,10,10,0,0,0.0,closed,True,True
13642,1,1,1,0,0.0,closed,True,True
13641,10,10,0,0,0.0,closed,True,True
13640,663,400,2,0,0.0,closed,False,False
13639,24,30,1,0,0.0,closed,False,False
13636,86,10,1,0,0.0,closed,True,True
13635,9,2,0,0,0.0,closed,True,True
13633,8,7,0,0,0.0,closed,True,True
13632,10,17,0,0,0.0,closed,True,True
13631,32,37,1,0,0.0,closed,False,False
13630,14,14,0,0,0.0,closed,True,True
13629,290,307,0,0,0.0,closed,True,True
13628,39,51,3,0,0.0,closed,False,False
13626,28,23,0,0,0.0,closed,True,True
13624,3,6,0,0,0.0,closed,True,True
13623,9,2,0,0,0.0,closed,True,True
13622,2,2,0,0,0.0,closed,True,True
13621,24,7,0,0,0.0,closed,True,True
13620,44,40,2,28,28.0,closed,True,True
13619,187,17,1,0,0.0,closed,True,True
13618,3,2,0,1,0.5,closed,True,True
13617,1,1,0,0,0.0,closed,True,True
13616,276,230,0,0,0.0,closed,True,True
13615,81,3,0,2,2.0,closed,True,True
13613,30,6,12,0,0.0,closed,False,False
13612,7,0,4,0,0.0,closed,False,False
13611,9,2,0,0,0.0,closed,True,True
13610,54,8,0,0,0.0,closed,True,True
13609,24,0,0,1,1.0,closed,True,True
13608,1,0,0,0,0.0,closed,True,True
13607,1,0,0,0,0.0,closed,True,True
13606,9,1,1,0,0.0,open,False,False
13605,318,291,0,0,0.0,closed,True,True
13604,1,1,0,0,0.0,closed,True,True
13603,1,1,0,0,0.0,closed,True,True
13602,311,285,1,0,0.0,closed,False,False
13601,7,7,0,0,0.0,closed,True,True
13598,240,308,0,0,0.0,open,False,False
13597,16,0,0,0,0.0,closed,True,True
13596,10,10,0,0,0.0,closed,True,True
13594,91,14,1,0,0.0,closed,True,True
13593,8,6,0,0,0.0,closed,True,True
13591,96,67,2,5,0.29411764705882354,closed,True,True
13590,261,258,0,0,0.0,closed,True,True
13588,12,3,0,0,0.0,closed,True,True
13587,2,2,0,0,0.0,closed,True,True
13586,41,37,0,0,0.0,closed,True,True
13585,11,1,0,0,0.0,closed,True,True
13584,14,17,0,0,0.0,closed,True,True
13583,2,2,0,0,0.0,closed,False,False
13580,288,262,0,0,0.0,closed,True,True
13579,21,7,0,0,0.0,closed,True,True
13577,14,14,0,0,0.0,closed,True,True
13575,23,23,0,0,0.0,closed,True,True
13574,288,262,1,0,0.0,closed,False,False
13573,45,37,1,0,0.0,closed,False,False
13572,199,65,0,4,1.3333333333333333,closed,True,True
13569,1,2,0,0,0.0,closed,True,True
13568,64,64,0,0,0.0,closed,True,True
13566,9,2,0,0,0.0,closed,True,True
13564,25,55,0,0,0.0,closed,True,True
13562,0,14,0,0,0.0,closed,True,True
13559,168,52,1,0,0.0,closed,True,True
13558,2,3,0,0,0.0,closed,True,True
13555,1,1,0,0,0.0,closed,True,True
13554,3,3,0,0,0.0,closed,True,True
13553,390,282,0,0,0.0,closed,True,True
13551,12224,13393,0,0,0.0,closed,False,False
13548,10,10,0,0,0.0,closed,True,True
13547,7,2,0,0,0.0,closed,True,True
13546,27,26,0,0,0.0,closed,True,True
13543,3,3,0,0,0.0,closed,True,True
13542,23,4,0,3,0.75,closed,True,True
13541,4,3,1,0,0.0,closed,True,True
13540,1,1,0,0,0.0,closed,True,True
13538,8,1,0,0,0.0,closed,True,True
13536,6,0,0,0,0.0,closed,True,True
13535,9,13,0,0,0.0,closed,True,True
13534,8,1,1,0,0.0,closed,True,True
13530,15,15,0,2,0.6666666666666666,closed,True,True
13529,83,34,0,0,0.0,closed,True,True
13528,10,10,0,0,0.0,closed,True,True
13526,1,1,1,0,0.0,closed,True,True
13525,10,10,0,0,0.0,closed,True,True
13524,363,240,0,0,0.0,closed,True,True
13523,105,64,1,0,0.0,closed,False,False
13521,7971,405,0,0,0.0,closed,False,False
13520,10,7,1,0,0.0,closed,True,True
13517,159,65,1,0,0.0,closed,True,True
13516,88,48,4,3,3.0,closed,True,True
13512,67,19,0,0,0.0,closed,True,True
13510,2,2,0,0,0.0,closed,True,True
13509,105,19,1,0,0.0,closed,True,True
13508,8,1,0,0,0.0,closed,False,False
13507,19,12,0,0,0.0,closed,True,True
13506,3,3,1,0,0.0,closed,False,False
13504,276,248,0,0,0.0,closed,True,True
13502,7,7,0,0,0.0,closed,True,True
13499,1,1,0,0,0.0,closed,True,True
13498,276,247,4,0,0.0,closed,False,False
13497,12,2,0,0,0.0,closed,True,True
13496,2,2,2,0,0.0,closed,False,False
13493,1,1,0,0,0.0,closed,True,True
13492,3,2,0,0,0.0,closed,True,True
13491,1,0,0,0,0.0,closed,True,True
13490,723,16,0,0,0.0,closed,False,False
13488,14,0,1,0,0.0,closed,True,True
13486,9,6,1,1,1.0,closed,True,True
13485,3616,142,1,0,0.0,closed,True,True
13484,1,1,0,0,0.0,closed,True,True
13483,76,15,0,0,0.0,closed,False,False
13481,7755,34,0,2,2.0,closed,True,True
13479,0,49,0,0,0.0,closed,True,True
13477,12,0,0,0,0.0,closed,True,True
13476,104,142,0,0,0.0,closed,False,False
13473,24,18,0,0,0.0,closed,True,True
13472,1,5,1,0,0.0,closed,True,True
13471,23,8,0,0,0.0,closed,True,True
13470,2,2,0,0,0.0,closed,True,True
13469,8,4,0,0,0.0,closed,True,True
13468,9,2,0,0,0.0,closed,True,True
13467,8,1,0,0,0.0,closed,False,False
13466,5,1,1,0,0.0,closed,True,True
13465,3,3,0,1,0.5,closed,True,True
13464,7,1,1,0,0.0,closed,False,False
13462,222,7,0,0,0.0,closed,True,True
13459,8,1,0,0,0.0,closed,True,True
13458,2,2,0,0,0.0,closed,True,True
13455,50,50,0,0,0.0,closed,True,True
13454,6,15,0,0,0.0,closed,True,True
13453,312,904,0,0,0.0,closed,True,True
13452,2,2,0,1,0.3333333333333333,closed,True,True
13448,1,1,0,0,0.0,closed,True,True
13447,45,45,0,0,0.0,closed,True,True
13446,45,45,0,0,0.0,closed,True,True
13444,2,0,0,0,0.0,closed,True,True
13440,174,0,3,0,0.0,closed,False,False
13436,10,10,1,0,0.0,closed,True,True
13435,250,258,0,0,0.0,closed,True,True
13431,45,45,0,0,0.0,closed,False,False
13430,465,497,1,0,0.0,closed,True,True
13429,91,140,0,0,0.0,closed,False,False
13427,17,308,2,0,0.0,closed,True,True
13426,0,136,0,0,0.0,closed,True,True
13425,8,45,0,0,0.0,closed,True,True
13424,288,1908,0,2,2.0,closed,True,True
13423,34,10,1,0,0.0,closed,True,True
13422,9,2,0,0,0.0,closed,True,True
13421,29,14,0,0,0.0,closed,True,True
13420,2,1,0,0,0.0,closed,True,True
13418,12,19,0,0,0.0,closed,True,True
13416,7,0,0,1,0.5,closed,True,True
13415,15,31,4,0,0.0,closed,False,False
13413,39,131,0,0,0.0,closed,True,True
13412,9,2,0,0,0.0,closed,True,True
13411,61,9,1,0,0.0,closed,True,True
13409,171,153,1,0,0.0,closed,True,True
13408,13,0,0,0,0.0,closed,True,True
13407,1,1,1,0,0.0,closed,True,True
13406,55,55,0,0,0.0,closed,True,True
13405,166,147,2,0,0.0,closed,False,False
13403,3,3,0,0,0.0,closed,True,True
13402,3,3,0,0,0.0,closed,True,True
13399,2,2,0,0,0.0,closed,True,True
13396,35,10,1,0,0.0,closed,True,True
13395,9,2,0,0,0.0,closed,True,True
13394,51,17,0,0,0.0,closed,True,True
13393,44,16,1,0,0.0,closed,True,True
13391,77,3,1,0,0.0,closed,True,True
13387,5,0,0,0,0.0,closed,True,True
13386,137,22,1,0,0.0,closed,True,True
13385,179,0,2,2,2.0,closed,True,True
13384,4,1,0,0,0.0,closed,True,True
13382,51,15,0,0,0.0,closed,False,False
13381,7,7,1,0,0.0,closed,True,True
13380,45,45,1,0,0.0,closed,True,True
13379,206,403,1,0,0.0,closed,True,True
13378,189,197,0,0,0.0,closed,True,True
13377,6,4,0,0,0.0,closed,True,True
13376,34,0,0,0,0.0,closed,True,True
13374,190,183,0,0,0.0,closed,True,True
13373,15,2,0,1,0.5,closed,True,True
13370,36,2,2,5,1.6666666666666667,closed,True,True
13369,13,7,0,0,0.0,closed,True,True
13368,1,1,0,0,0.0,closed,True,True
13366,13,32,0,0,0.0,closed,True,True
13363,19,29,0,0,0.0,closed,True,True
13362,0,2,0,0,0.0,closed,True,True
13361,5,11,0,0,0.0,closed,True,True
13359,7,0,2,0,0.0,closed,True,True
13358,34,10,1,0,0.0,closed,True,True
13357,9,2,0,0,0.0,closed,True,True
13356,12,3,2,1,1.0,closed,False,False
13354,19,38,0,0,0.0,closed,True,True
13351,30,0,0,0,0.0,closed,True,True
13350,38,1,0,0,0.0,closed,False,False
13349,1,0,10,0,0.0,closed,False,False
13348,142,127,0,0,0.0,closed,True,True
13346,1,1,1,0,0.0,closed,True,True
13345,146,131,8,0,0.0,closed,False,False
13342,59,27,0,0,0.0,closed,True,True
13340,302,101,0,3,1.5,closed,True,True
13339,51,12,0,2,2.0,closed,True,True
13338,13,10,0,0,0.0,closed,True,True
13337,95,38,0,0,0.0,closed,True,True
13336,0,2,0,0,0.0,closed,True,True
13335,1421,535,1,0,0.0,closed,True,True
13334,160,6,0,0,0.0,closed,True,True
13333,8,15,0,0,0.0,closed,True,True
13332,404,560,2,0,0.0,closed,True,True
13331,614,352,0,4,1.0,closed,True,True
13330,769,15,0,0,0.0,closed,False,False
13328,91,0,0,1,1.0,closed,True,True
13327,113,1,0,6,1.5,open,False,False
13325,1,1,0,0,0.0,closed,True,True
13324,5,5,0,0,0.0,closed,True,True
13323,6,6,0,0,0.0,closed,True,True
13321,1,1,2,0,0.0,closed,False,False
13320,2,2,0,0,0.0,closed,True,True
13319,6173,1779,0,0,0.0,closed,True,True
13318,13573,13246,0,0,0.0,closed,True,True
13316,928,31,13,30,1.25,closed,True,True
13315,4,2,0,0,0.0,closed,False,False
13314,188,11,1,0,0.0,closed,True,True
13313,340,4,0,0,0.0,closed,False,False
13312,9,2,0,0,0.0,closed,True,True
13311,90,22,5,1,0.2,closed,True,True
13310,1,1,1,0,0.0,closed,True,True
13309,338,4,11,11,0.6111111111111112,closed,True,True
13306,99,14,0,0,0.0,closed,True,True
13305,26,13,0,0,0.0,closed,True,True
13304,1,1,0,0,0.0,closed,True,True
13303,1,1,0,0,0.0,closed,True,True
13302,177,177,0,0,0.0,closed,True,True
13301,146,147,1,0,0.0,closed,True,True
13295,0,7,0,0,0.0,closed,True,True
13294,77,12,1,0,0.0,closed,True,True
13293,2,2,0,0,0.0,closed,True,True
13292,7,2,0,0,0.0,closed,True,True
13291,19,12,0,0,0.0,closed,True,True
13290,8,1,0,0,0.0,closed,False,False
13289,6,6,2,0,0.0,closed,False,False
13288,2,1,0,0,0.0,closed,False,False
13287,21,1,0,0,0.0,closed,True,True
13286,1,1,0,0,0.0,closed,True,True
13285,16132,6872,0,0,0.0,closed,True,True
13284,131,132,0,0,0.0,closed,True,True
13278,71,10,0,0,0.0,closed,False,False
13277,43,0,2,0,0.0,closed,True,True
13275,91,99,0,0,0.0,closed,True,True
13274,3,3,0,0,0.0,closed,True,True
13273,9,1,0,0,0.0,closed,True,True
13272,8,5,0,0,0.0,closed,True,True
13271,8,5,1,0,0.0,closed,False,False
13268,3,3,0,0,0.0,closed,True,True
13266,37,10,1,0,0.0,closed,True,True
13265,8,1,0,0,0.0,closed,True,True
13262,267,68,0,0,0.0,closed,True,True
13261,212,204,1,0,0.0,closed,True,True
13258,24,20,0,0,0.0,closed,True,True
13257,35,9,0,0,0.0,closed,True,True
13255,3,3,0,0,0.0,closed,True,True
13254,1,6,0,0,0.0,closed,True,True
13253,9,2,0,0,0.0,closed,False,False
13252,8,85,0,0,0.0,closed,True,True
13250,53,71,0,3,3.0,closed,True,True
13249,1,1,2,0,0.0,closed,True,True
13247,29,64,0,4,4.0,closed,True,True
13246,301,72,1,0,0.0,closed,True,True
13245,7,0,7,0,0.0,closed,False,False
13244,51,8,0,0,0.0,closed,True,True
13243,1,1,0,0,0.0,closed,True,True
13242,50,50,0,0,0.0,closed,True,True
13241,45,45,0,0,0.0,closed,True,True
13240,957,1723,0,0,0.0,closed,True,True
13233,226,281,1,0,0.0,closed,True,True
13232,28,6,0,0,0.0,closed,True,True
13231,1380,86,11,52,1.04,closed,True,True
13230,1,1,2,0,0.0,closed,True,True
13228,34,34,1,0,0.0,closed,True,True
13227,9,2,0,0,0.0,closed,True,True
13226,5,1,0,3,1.5,closed,True,True
13225,1,1,0,0,0.0,closed,True,True
13224,275,253,1,0,0.0,closed,True,True
13223,3020,3085,0,3,0.75,closed,True,True
13222,25,0,3,0,0.0,closed,True,True
13221,279,264,1,0,0.0,closed,True,True
13220,568,449,0,1,1.0,closed,True,True
13219,1,0,0,1,0.5,closed,True,True
13218,142,102,1,0,0.0,closed,False,False
13216,11,43,0,2,2.0,closed,True,True
13213,1,1,2,0,0.0,closed,False,False
13212,1,1,1,0,0.0,closed,True,True
13211,50,50,0,0,0.0,closed,True,True
13210,110,281,3,0,0.0,closed,False,False
13207,7,0,0,0,0.0,closed,True,True
13206,18,20,0,1,0.5,closed,True,True
13203,1291,826,2,0,0.0,closed,True,True
13202,60,22,1,0,0.0,closed,True,True
13201,0,1,0,0,0.0,closed,True,True
13200,3,2,0,1,1.0,closed,True,True
13199,7,0,0,0,0.0,closed,True,True
13198,15,2,0,0,0.0,closed,False,False
13196,34,0,0,0,0.0,closed,True,True
13195,13,13,0,0,0.0,closed,True,True
13191,51,22,0,0,0.0,closed,False,False
13189,8,1,0,0,0.0,closed,True,True
13187,3,0,0,0,0.0,closed,True,True
13186,14,0,0,0,0.0,closed,True,True
13185,0,12,2,0,0.0,closed,False,False
13184,37,37,0,0,0.0,closed,True,True
13183,49,49,0,0,0.0,closed,True,True
13182,77,125,0,0,0.0,closed,True,True
13181,11,4,0,0,0.0,closed,True,True
13179,4,0,0,0,0.0,closed,True,True
13177,11,15,0,0,0.0,closed,True,True
13176,82,58,0,0,0.0,open,False,False
13174,3,3,0,0,0.0,closed,True,True
13173,35,10,1,0,0.0,closed,True,True
13172,9,2,0,0,0.0,closed,False,False
13171,8,1,0,0,0.0,closed,True,True
13170,3,3,0,0,0.0,closed,False,False
13169,2,2,0,0,0.0,closed,False,False
13168,102,94,0,3,3.0,closed,True,True
13167,34,10,1,0,0.0,closed,True,True
13166,9,2,0,0,0.0,closed,True,True
13165,28,23,0,3,0.75,closed,True,True
13162,34,11,1,0,0.0,closed,True,True
13161,2,2,0,0,0.0,closed,True,True
13160,1,1,0,0,0.0,closed,True,True
13159,8,8,0,0,0.0,closed,True,True
13158,835,1111,0,0,0.0,closed,True,True
13156,56,0,0,0,0.0,closed,True,True
13153,52,4,0,3,1.5,closed,True,True
13151,5,4,0,0,0.0,closed,False,False
13150,3,3,0,0,0.0,closed,True,True
13149,9,2,0,0,0.0,closed,False,False
13148,15,1,0,0,0.0,closed,True,True
13147,10,10,0,0,0.0,closed,True,True
13146,5,12,0,0,0.0,closed,False,False
13143,1,1,0,0,0.0,closed,True,True
13142,26,26,0,0,0.0,closed,True,True
13141,9,9,0,0,0.0,closed,True,True
13140,86,97,0,0,0.0,closed,True,True
13139,2,1,0,0,0.0,closed,True,True
13138,41,10,1,0,0.0,closed,True,True
13137,3,0,0,0,0.0,closed,True,True
13136,8,6,0,0,0.0,closed,True,True
13135,1,1,0,0,0.0,closed,True,True
13134,88,16,0,0,0.0,closed,True,True
13128,7,2,0,0,0.0,closed,True,True
13127,5187,481,0,0,0.0,closed,True,True
13126,47,20,1,0,0.0,closed,True,True
13125,9,2,0,0,0.0,closed,True,True
13123,17,12,0,0,0.0,closed,True,True
13122,8535,10000,0,0,0.0,closed,True,True
13120,44,1,0,0,0.0,closed,True,True
13119,1,1,0,0,0.0,closed,True,True
13118,2,2,0,0,0.0,closed,True,True
13117,229,229,0,0,0.0,closed,True,True
13115,229,229,0,0,0.0,closed,True,True
13112,22,22,0,0,0.0,closed,True,True
13111,37,5,10,0,0.0,closed,False,False
13110,156,0,1,0,0.0,closed,False,False
13108,2,2,1,0,0.0,closed,True,True
13103,0,0,1,0,0,closed,False,False
13102,358,263,0,0,0.0,closed,True,True
13101,363,269,3,0,0.0,closed,False,False
13100,2,2,0,0,0.0,closed,True,True
13099,30,44,0,0,0.0,closed,True,True
13097,40,10,1,0,0.0,closed,True,True
13096,42,0,0,0,0.0,closed,True,True
13095,29,12,0,0,0.0,closed,True,True
13092,3,3,0,0,0.0,closed,True,True
13091,50,50,0,0,0.0,closed,True,True
13090,177,184,1,0,0.0,closed,False,False
13087,42,42,2,0,0.0,closed,True,True
13081,5,5,3,0,0.0,closed,True,True
13079,2,2,0,0,0.0,closed,True,True
13077,8,1,0,0,0.0,closed,False,False
13076,586,278,1,0,0.0,closed,False,False
13075,586,278,1,0,0.0,closed,False,False
13074,586,278,1,0,0.0,closed,False,False
13073,586,278,0,0,0.0,closed,True,True
13072,32,7,1,0,0.0,closed,True,True
13071,9,2,0,0,0.0,closed,True,True
13066,25,18,0,0,0.0,closed,True,True
13063,1,1,0,0,0.0,closed,True,True
13062,2,2,0,0,0.0,closed,True,True
13061,45,45,0,0,0.0,closed,True,True
13060,1279,287,0,0,0.0,closed,True,True
13059,48,50,3,0,0.0,closed,False,False
13052,1,1,1,0,0.0,closed,True,True
13049,3,0,0,0,0.0,closed,True,True
13046,8,1,0,0,0.0,closed,True,True
13045,86,2,0,0,0.0,closed,True,True
13044,8,1,0,0,0.0,closed,True,True
13040,85,17,1,0,0.0,closed,True,True
13039,21,1,0,0,0.0,closed,True,True
13036,104,10,1,0,0.0,closed,True,True
13035,9,2,0,0,0.0,closed,True,True
13033,11,5,0,0,0.0,closed,True,True
13031,7,7,0,0,0.0,closed,True,True
13030,50,50,1,0,0.0,closed,True,True
13029,133,79,1,0,0.0,closed,True,True
13028,11,10,0,0,0.0,closed,True,True
13026,5,11,0,0,0.0,closed,True,True
13025,79,38,1,2,1.0,closed,True,True
13024,11,3,1,0,0.0,closed,True,True
13023,1,9,0,0,0.0,closed,True,True
13022,5,10,0,0,0.0,closed,True,True
13021,7,2,2,0,0.0,closed,True,True
13017,1,1,2,0,0.0,closed,False,False
13015,329,206,1,0,0.0,closed,True,True
13014,82,10,1,0,0.0,closed,True,True
13013,9,2,0,0,0.0,closed,True,True
13007,22,0,0,0,0.0,closed,True,True
13006,51,18,1,0,0.0,closed,True,True
13005,21,12,0,0,0.0,closed,True,True
13004,10,0,0,0,0.0,closed,True,True
13002,86,0,0,0,0.0,closed,True,True
13000,10,10,0,1,0.5,closed,True,True
12999,510,34,0,0,0.0,closed,True,True
12997,1,1,1,0,0.0,closed,True,True
12996,1,1,0,0,0.0,closed,True,True
12995,50,50,0,0,0.0,closed,True,True
12994,100,100,0,0,0.0,closed,True,True
12991,21,13,0,0,0.0,closed,True,True
12990,17,8,2,1,0.3333333333333333,closed,True,True
12987,2,2,0,0,0.0,closed,True,True
12985,324,730,0,0,0.0,closed,True,True
12984,418,740,3,0,0.0,closed,False,False
12983,415,743,5,0,0.0,closed,False,False
12981,8,0,0,1,1.0,closed,True,True
12980,58,23,0,0,0.0,closed,True,True
12978,16,10,0,1,0.25,closed,True,True
12977,18,81,0,7,1.75,closed,True,True
12976,198,173,1,0,0.0,closed,True,True
12975,8,1,0,0,0.0,closed,True,True
12974,1,1,0,0,0.0,closed,True,True
12973,1,1,0,4,4.0,closed,True,True
12972,1,1,0,0,0.0,closed,True,True
12971,2,2,0,0,0.0,closed,True,True
12970,1838,468,0,0,0.0,closed,True,True
12969,347,756,5,0,0.0,closed,False,False
12966,18,1,0,2,2.0,closed,True,True
12965,1,1,0,0,0.0,closed,True,True
12963,3,3,0,0,0.0,closed,True,True
12962,1,1,0,0,0.0,closed,True,True
12959,8,1,2,0,0.0,closed,False,False
12957,1,1,0,0,0.0,closed,True,True
12956,237,646,1,0,0.0,closed,False,False
12955,7,0,0,0,0.0,closed,True,True
12954,28,0,0,0,0.0,closed,True,True
12951,9,2,0,0,0.0,closed,True,True
12950,28,113,6,0,0.0,closed,True,True
12949,237,646,1,0,0.0,closed,False,False
12948,9,1,0,0,0.0,closed,True,True
12947,16,16,0,0,0.0,closed,True,True
12946,4,0,0,0,0.0,closed,True,True
12945,208,109,0,0,0.0,closed,True,True
12944,8,1,0,0,0.0,closed,True,True
12943,37,28,0,0,0.0,closed,True,True
12942,25,74,0,0,0.0,closed,True,True
12941,2823,3,0,0,0.0,closed,False,False
12940,1819,281,0,0,0.0,closed,True,True
12939,11,0,0,0,0.0,closed,True,True
12938,13,6,1,0,0.0,closed,True,True
12937,217,129,1,0,0.0,closed,True,True
12934,14,2,0,0,0.0,closed,True,True
12932,7,7,1,0,0.0,closed,True,True
12931,1837,468,1,0,0.0,closed,False,False
12930,210,619,1,0,0.0,closed,False,False
12928,31,3,2,1,0.5,closed,True,True
12927,6,3,0,0,0.0,closed,True,True
12926,139,102,0,0,0.0,closed,True,True
12923,1,1,1,0,0.0,closed,True,True
12922,0,7,1,0,0.0,closed,False,False
12920,464,4,0,1,1.0,closed,False,False
12919,24,1,0,5,1.6666666666666667,closed,True,True
12918,98,88,0,0,0.0,closed,True,True
12914,36,12,1,0,0.0,closed,True,True
12913,6,2,0,0,0.0,closed,True,True
12912,32,2,0,0,0.0,closed,True,True
12911,35,11,0,0,0.0,closed,False,False
12910,9,2,0,0,0.0,closed,True,True
12908,9,2,0,0,0.0,closed,False,False
12904,1,1,0,0,0.0,closed,True,True
12903,31,9,1,0,0.0,closed,True,True
12902,4,1,0,0,0.0,closed,True,True
12901,1379,1084,1,0,0.0,closed,True,True
12899,7,11,0,0,0.0,closed,True,True
12898,151,64,0,0,0.0,closed,True,True
12897,16,132,0,0,0.0,closed,True,True
12895,82,44,2,1,0.5,closed,False,False
12894,103,88,0,0,0.0,closed,True,True
12893,4,0,0,0,0.0,closed,True,True
12892,21,42,0,0,0.0,closed,True,True
12891,7,1,0,0,0.0,closed,True,True
12890,1,1,0,0,0.0,closed,True,True
12889,34,83,4,2,0.6666666666666666,closed,True,True
12888,7,7,0,0,0.0,closed,True,True
12887,6,0,0,0,0.0,closed,True,True
12886,1,1,0,0,0.0,closed,True,True
12885,1,1,2,0,0.0,closed,False,False
12884,45,45,0,0,0.0,closed,True,True
12883,1,1,5,0,0.0,closed,False,False
12881,2,2,0,0,0.0,closed,True,True
12878,0,1,2,0,0.0,closed,True,True
12877,172,0,0,0,0.0,closed,True,True
12876,188,191,1,0,0.0,closed,False,False
12875,11,23,0,0,0.0,closed,True,True
12874,3,3,1,0,0.0,closed,True,True
12873,5,5,0,0,0.0,closed,True,True
12872,45,45,0,0,0.0,closed,True,True
12871,188,191,1,0,0.0,closed,False,False
12868,6,4,0,0,0.0,closed,True,True
12867,1,0,0,0,0.0,closed,True,True
12865,3,0,2,0,0.0,closed,True,True
12863,1195,897,0,0,0.0,closed,False,False
12862,15,1,6,0,0.0,closed,False,False
12859,28,4,0,0,0.0,closed,False,False
12858,9,2,0,0,0.0,closed,True,True
12852,55,11,0,0,0.0,closed,True,True
12850,0,14,2,0,0.0,closed,True,True
12849,19,6,0,0,0.0,closed,True,True
12848,5,7,0,0,0.0,closed,True,True
12847,2,2,0,0,0.0,closed,True,True
12846,0,42,2,2,2.0,closed,True,True
12845,1,13,0,2,2.0,closed,True,True
12844,1,1,0,0,0.0,closed,True,True
12842,5,3,3,2,0.5,closed,False,False
12841,207,207,0,0,0.0,closed,True,True
12840,18,0,8,0,0.0,closed,False,False
12838,4,4,0,0,0.0,closed,True,True
12837,49,49,0,0,0.0,closed,True,True
12836,202,202,1,0,0.0,closed,False,False
12835,7,7,0,0,0.0,closed,True,True
12832,1267,1227,1,0,0.0,closed,True,True
12831,38,13,0,0,0.0,closed,True,True
12830,34,88,0,2,0.25,closed,True,True
12828,1,1,4,0,0.0,closed,True,True
12824,7,241,0,0,0.0,closed,True,True
12823,271,80,5,5,0.3333333333333333,closed,True,True
12822,1,1,0,0,0.0,closed,True,True
12821,55,18,0,0,0.0,closed,True,True
12820,15,18,0,1,1.0,closed,True,True
12817,6,2,0,3,3.0,closed,True,True
12816,90,30,0,0,0.0,closed,True,True
12815,164,9,9,6,0.75,closed,True,True
12810,62,18,0,0,0.0,closed,True,True
12807,1,1,0,0,0.0,closed,True,True
12806,163,81,3,5,1.0,closed,True,True
12804,12,0,0,3,0.75,closed,True,True
12802,1,1,0,0,0.0,closed,True,True
12801,2,2,0,0,0.0,closed,True,True
12800,66,66,0,0,0.0,closed,True,True
12799,298,245,0,0,0.0,closed,True,True
12798,35,26,0,0,0.0,closed,True,True
12796,2,39,0,0,0.0,closed,True,True
12795,755,259,3,9,0.8181818181818182,closed,True,True
12794,44,0,0,0,0.0,closed,False,False
12793,2,2,0,0,0.0,closed,True,True
12792,65,113,1,1,0.3333333333333333,closed,True,True
12791,22,22,0,0,0.0,closed,True,True
12790,42,0,1,0,0.0,closed,True,True
12786,19,41,0,0,0.0,closed,True,True
12785,60,112,0,0,0.0,closed,True,True
12784,1,2,0,0,0.0,closed,True,True
12783,100,42,0,0,0.0,closed,True,True
12782,9,6,0,0,0.0,closed,False,False
12779,114,45,1,0,0.0,closed,True,True
12777,75,48,1,0,0.0,closed,True,True
12776,137,163,1,0,0.0,open,False,False
12771,53,16,0,2,0.6666666666666666,closed,True,True
12770,3,5,0,0,0.0,closed,False,False
12767,44,0,4,1,0.5,closed,True,True
12766,588,145,0,3,1.0,closed,True,True
12765,1,28,0,0,0.0,closed,True,True
12764,3,2,0,0,0.0,closed,True,True
12763,11,40,0,0,0.0,closed,True,True
12761,11,51,0,0,0.0,closed,True,True
12760,228,4,0,0,0.0,closed,True,True
12759,23,37,1,0,0.0,closed,True,True
12758,10,10,0,0,0.0,closed,True,True
12757,176,172,0,0,0.0,closed,True,True
12756,83,83,0,0,0.0,closed,True,True
12755,1,15,1,2,1.0,closed,True,True
12754,3,1,0,0,0.0,closed,True,True
12753,53,58,0,0,0.0,closed,True,True
12752,0,98,3,0,0.0,closed,True,True
12751,30,28,1,0,0.0,closed,False,False
12750,18,18,0,0,0.0,closed,True,True
12749,121,126,1,0,0.0,closed,True,True
12748,1427,303,3,0,0.0,closed,False,False
12745,4,1,0,0,0.0,closed,False,False
12744,51,45,10,3,0.6,closed,True,True
12743,2,1,0,0,0.0,closed,True,True
12742,11,6,0,3,1.0,closed,True,True
12741,0,597,0,0,0.0,closed,True,True
12740,10,10,0,0,0.0,closed,True,True
12739,27,3,0,1,1.0,closed,True,True
12738,77,19,1,0,0.0,closed,True,True
12736,28,14,1,0,0.0,closed,True,True
12735,42,4,1,0,0.0,closed,False,False
12734,103,93,0,6,1.5,closed,True,True
12732,22,3,0,4,1.3333333333333333,closed,True,True
12730,78,9,0,0,0.0,closed,True,True
12729,1,0,0,0,0.0,closed,True,True
12727,1,9,0,0,0.0,closed,True,True
12725,1,1,0,0,0.0,closed,True,True
12724,105,5,0,1,0.5,closed,True,True
12722,164,52,0,0,0.0,closed,True,True
12719,10,10,0,0,0.0,closed,True,True
12718,50,50,0,0,0.0,closed,True,True
12717,254,254,2,0,0.0,closed,True,True
12716,104,137,0,0,0.0,closed,True,True
12714,156,29,0,0,0.0,closed,True,True
12711,44,9,0,0,0.0,closed,True,True
12710,70,73,0,1,0.25,closed,True,True
12709,82,98,0,0,0.0,closed,True,True
12708,6,27,5,0,0.0,closed,False,False
12707,35,17,0,0,0.0,closed,True,True
12705,8,11,3,0,0.0,closed,False,False
12704,22,8,1,0,0.0,closed,True,True
12702,145,28,0,7,0.7,closed,True,True
12697,230,0,5,25,3.5714285714285716,closed,False,False
12696,8,6,0,0,0.0,closed,True,True
12695,7,23,1,2,2.0,closed,True,True
12694,126,91,3,0,0.0,closed,True,True
12693,80,16,1,0,0.0,closed,True,True
12692,14,1,5,0,0.0,closed,False,False
12691,18,14,0,4,0.6666666666666666,closed,True,True
12690,27,20,1,8,2.6666666666666665,closed,True,True
12689,715,316,0,0,0.0,closed,True,True
12687,49,42,12,0,0.0,closed,False,False
12686,2,2,0,0,0.0,closed,True,True
12685,54,54,0,0,0.0,closed,True,True
12684,176,177,3,0,0.0,closed,False,False
12683,40,43,3,0,0.0,closed,False,False
12679,1107,1042,0,4,0.8,closed,True,True
12678,222,181,1,1,0.125,closed,False,False
12677,104,5,0,1,0.3333333333333333,closed,True,True
12676,81,12,1,0,0.0,closed,True,True
12675,42,9,0,0,0.0,closed,True,True
12674,0,7,1,0,0.0,closed,False,False
12673,7,0,0,0,0.0,closed,True,True
12672,5,0,3,0,0.0,closed,True,True
12666,4,5,0,0,0.0,closed,True,True
12664,37,15,0,0,0.0,closed,True,True
12663,78,14,2,0,0.0,closed,True,True
12660,73,74,0,0,0.0,closed,True,True
12659,279,529,1,0,0.0,closed,True,True
12658,161,162,1,0,0.0,closed,False,False
12657,268,521,0,0,0.0,closed,False,False
12656,3,2,0,0,0.0,closed,True,True
12651,356,536,0,0,0.0,closed,True,True
12650,104,41,6,17,0.85,closed,True,True
12649,23,76,0,0,0.0,closed,True,True
12648,58,58,2,0,0.0,closed,True,True
12646,58,58,2,0,0.0,closed,False,False
12644,1,1,0,0,0.0,closed,True,True
12643,3,3,0,0,0.0,closed,True,True
12642,54,54,1,0,0.0,closed,False,False
12641,1,1,1,0,0.0,closed,False,False
12640,166,167,1,0,0.0,closed,False,False
12639,15,9,0,0,0.0,closed,True,True
12638,1,1,1,0,0.0,closed,False,False
12636,1,0,1,0,0.0,closed,False,False
12633,4,32,0,0,0.0,closed,True,True
12632,6,6,0,0,0.0,closed,True,True
12630,16,0,0,0,0.0,closed,True,True
12629,3,3,0,0,0.0,closed,True,True
12628,8,21,0,0,0.0,closed,True,True
12627,16,37,8,5,1.0,closed,True,True
12624,832,778,0,0,0.0,closed,True,True
12623,13,6,1,0,0.0,closed,True,True
12622,6,3,0,0,0.0,closed,True,True
12621,138,17,1,1,0.25,closed,True,True
12620,7,0,0,0,0.0,closed,False,False
12618,71,25,0,0,0.0,closed,True,True
12616,0,14,0,0,0.0,closed,True,True
12615,24,9,2,0,0.0,closed,True,True
12612,52,60,0,1,0.2,closed,True,True
12610,588,610,2,0,0.0,closed,True,True
12609,2,0,0,0,0.0,closed,True,True
12607,45,46,0,1,0.3333333333333333,closed,True,True
12606,41,12,1,0,0.0,closed,True,True
12605,44,24,1,0,0.0,closed,True,True
12603,303,375,1,4,1.3333333333333333,closed,True,True
12602,49,49,0,0,0.0,closed,True,True
12600,25,25,0,0,0.0,closed,True,True
12599,7,2,1,0,0.0,closed,True,True
12597,460,564,0,0,0.0,closed,True,True
12596,38,11,1,0,0.0,closed,True,True
12593,25,25,1,0,0.0,closed,False,False
12592,49,49,0,0,0.0,closed,True,True
12591,460,564,1,0,0.0,closed,False,False
12590,18,0,1,0,0.0,closed,False,False
12587,52,1,0,0,0.0,closed,True,True
12586,3,2,0,0,0.0,closed,True,True
12585,26,8,0,0,0.0,closed,True,True
12582,1,1,0,1,1.0,closed,True,True
12580,103,13,1,1,0.5,closed,True,True
12579,248,5,3,0,0.0,closed,True,True
12577,32,10,0,0,0.0,closed,False,False
12575,3,3,0,0,0.0,closed,True,True
12574,6,1,0,0,0.0,closed,True,True
12573,85,10,1,0,0.0,closed,True,True
12572,14,27,0,0,0.0,closed,True,True
12569,5,5,0,0,0.0,closed,True,True
12568,44,22,0,0,0.0,closed,True,True
12567,386,274,0,2,0.5,closed,True,True
12565,203,636,0,0,0.0,closed,True,True
12564,8,12,0,0,0.0,closed,True,True
12563,158,564,1,0,0.0,closed,False,False
12562,5,19,0,0,0.0,closed,True,True
12561,17,0,0,0,0.0,closed,True,True
12560,20,4,2,0,0.0,closed,True,True
12557,1,1,0,0,0.0,closed,True,True
12556,45,45,0,0,0.0,closed,True,True
12555,73,75,0,0,0.0,closed,True,True
12554,8,0,0,0,0.0,closed,True,True
12552,4,2,0,0,0.0,closed,True,True
12551,6,36,0,0,0.0,closed,True,True
12550,68,10,0,0,0.0,closed,True,True
12549,1,1,0,0,0.0,closed,True,True
12547,31,0,4,0,0.0,closed,True,True
12546,3,7,0,0,0.0,closed,True,True
12545,60,19,0,2,0.5,closed,True,True
12544,0,1,0,0,0.0,closed,True,True
12543,135,56,0,0,0.0,closed,True,True
12542,53,9,0,1,1.0,closed,True,True
12541,6,11,0,3,3.0,closed,True,True
12539,181,12,1,3,1.5,closed,True,True
12538,1,1,1,0,0.0,closed,True,True
12536,4,35,0,0,0.0,closed,True,True
12535,5,18,0,0,0.0,closed,True,True
12533,0,7,0,0,0.0,closed,True,True
12531,106,104,0,0,0.0,closed,True,True
12529,28,7,0,0,0.0,closed,True,True
12527,0,8,0,0,0.0,closed,True,True
12526,1,11,0,0,0.0,closed,True,True
12525,0,42,0,0,0.0,closed,True,True
12523,2,2,1,0,0.0,closed,True,True
12521,2,2,0,0,0.0,closed,True,True
12520,344,286,0,0,0.0,closed,True,True
12519,5,5,1,0,0.0,closed,False,False
12518,57,30,1,0,0.0,closed,False,False
12514,463,376,0,0,0.0,closed,True,True
12513,19,27,1,0,0.0,closed,True,True
12512,611,394,3,0,0.0,closed,False,False
12511,9041,8614,5,0,0.0,closed,False,False
12510,8821,8561,3,0,0.0,closed,False,False
12509,3,2,0,0,0.0,closed,True,True
12507,758,617,1,0,0.0,closed,True,True
12506,38,80,0,1,0.3333333333333333,closed,True,True
12505,11,32,4,0,0.0,closed,False,False
12504,26,35,2,0,0.0,closed,True,True
12502,17,34,2,11,5.5,closed,True,True
12501,9,44,0,2,1.0,closed,True,True
12500,346,287,0,6,6.0,closed,True,True
12499,12,25,0,1,0.25,closed,True,True
12496,91,0,3,0,0.0,closed,True,True
12494,8782,8601,6,0,0.0,closed,False,False
12493,1,1,0,0,0.0,closed,True,True
12491,1,1,0,0,0.0,closed,True,True
12490,1,1,0,0,0.0,closed,True,True
12489,5,5,0,0,0.0,closed,True,True
12488,133,321,3,0,0.0,closed,False,False
12487,55,13,0,0,0.0,closed,True,True
12484,3,3,0,0,0.0,closed,True,True
12483,14,111,4,0,0.0,closed,True,True
12482,4,1,0,0,0.0,closed,False,False
12478,30,22,0,0,0.0,closed,True,True
12477,3,2,0,0,0.0,closed,True,True
12475,3,30,0,0,0.0,closed,True,True
12474,2,0,0,0,0.0,closed,True,True
12472,0,1,0,0,0.0,closed,True,True
12468,1,1,2,0,0.0,closed,True,True
12464,24,24,0,0,0.0,closed,True,True
12463,55,52,0,0,0.0,closed,True,True
12462,363,365,0,0,0.0,closed,True,True
12459,335,3,0,10,5.0,closed,True,True
12457,2,7,0,0,0.0,closed,True,True
12456,355,15,4,0,0.0,closed,True,True
12455,2,1,0,0,0.0,closed,True,True
12454,1,8,0,0,0.0,closed,True,True
12453,28,28,0,0,0.0,closed,True,True
12451,2,2,0,0,0.0,closed,True,True
12448,131,11,2,0,0.0,closed,True,True
12446,14,13,2,0,0.0,closed,True,True
12445,68,0,0,0,0.0,closed,True,True
12441,38,1,0,0,0.0,closed,True,True
12438,7,9,0,0,0.0,closed,True,True
12437,35,10,1,0,0.0,closed,True,True
12436,3,2,0,0,0.0,closed,True,True
12433,0,42,2,0,0.0,closed,True,True
12432,815,333,0,0,0.0,closed,True,True
12431,43,76,0,0,0.0,closed,True,True
12430,38,9,8,2,2.0,closed,True,True
12429,1,1,2,0,0.0,closed,False,False
12428,25,25,0,0,0.0,closed,True,True
12427,50,69,0,0,0.0,closed,True,True
12426,815,333,1,0,0.0,closed,False,False
12425,41,74,1,0,0.0,closed,False,False
12421,24,25,0,0,0.0,closed,True,True
12420,3,3,0,0,0.0,closed,True,True
12417,1,1,2,0,0.0,closed,True,True
12415,37,12,2,0,0.0,closed,True,True
12414,3,2,0,0,0.0,closed,True,True
12413,2,2,0,0,0.0,closed,True,True
12411,1,3,0,0,0.0,closed,True,True
12410,71,56,0,0,0.0,closed,True,True
12407,95,52,0,0,0.0,closed,True,True
12406,63,28,0,2,2.0,closed,True,True
12405,9,13,0,0,0.0,closed,True,True
12404,12,1,0,0,0.0,closed,True,True
12403,1,1,0,0,0.0,closed,True,True
12402,27,45,0,5,5.0,closed,True,True
12400,15,32,0,0,0.0,closed,True,True
12399,49,43,0,0,0.0,closed,True,True
12398,110,105,0,2,2.0,closed,True,True
12397,23,23,0,0,0.0,closed,True,True
12396,1,1,6,0,0.0,closed,False,False
12394,1724,8977,0,0,0.0,closed,True,True
12393,0,4,0,0,0.0,closed,True,True
12388,10140,2198,0,0,0.0,closed,True,True
12387,122,516,0,0,0.0,closed,True,True
12386,2,2,0,0,0.0,closed,True,True
12385,160,179,0,0,0.0,closed,False,False
12384,194,177,1,0,0.0,closed,False,False
12383,38,0,0,0,0.0,closed,True,True
12382,399,0,0,2,0.6666666666666666,closed,True,True
12381,9,11,0,0,0.0,closed,True,True
12380,20,0,0,2,1.0,closed,True,True
12378,17,1,0,0,0.0,closed,True,True
12377,27,3,1,0,0.0,closed,True,True
12375,828,17,2,0,0.0,closed,True,True
12374,0,1,2,0,0.0,closed,True,True
12373,2,1,0,0,0.0,closed,True,True
12372,810,17,0,0,0.0,closed,False,False
12371,47,39,0,1,0.5,closed,True,True
12370,55,2,0,2,1.0,closed,True,True
12369,3,0,0,0,0.0,closed,True,True
12368,24,44,0,0,0.0,closed,True,True
12367,86,4,0,5,5.0,closed,True,True
12366,13,6,0,0,0.0,closed,True,True
12365,10,1,0,0,0.0,closed,True,True
12364,1,1,0,2,2.0,closed,False,False
12363,795,6,0,0,0.0,closed,True,True
12359,12,12,0,0,0.0,closed,True,True
12357,1,1,0,0,0.0,closed,True,True
12356,37,37,1,0,0.0,closed,True,True
12355,70,70,1,0,0.0,closed,True,True
12354,147,147,0,0,0.0,closed,True,True
12353,5,5,2,0,0.0,closed,False,False
12352,3,0,0,2,2.0,closed,True,True
12351,3,3,0,0,0.0,closed,True,True
12350,706,13,0,0,0.0,closed,True,True
12349,12,0,5,0,0.0,closed,True,True
12347,17,22,0,0,0.0,closed,True,True
12346,7,24,0,0,0.0,closed,True,True
12345,1,1,0,0,0.0,closed,True,True
12344,3,2,0,0,0.0,closed,True,True
12342,13,0,2,1,1.0,closed,True,True
12339,20,47,0,0,0.0,closed,True,True
12338,11,7,1,0,0.0,closed,True,True
12337,230,57,1,0,0.0,closed,True,True
12336,18,16,2,0,0.0,closed,False,False
12334,1,1,0,0,0.0,closed,True,True
12330,106,23,0,0,0.0,closed,True,True
12329,810,17,0,0,0.0,closed,False,False
12328,17,17,2,0,0.0,closed,True,True
12326,17,17,0,0,0.0,closed,True,True
12325,14,9,0,0,0.0,closed,True,True
12322,58,76,0,0,0.0,closed,True,True
12321,59,56,0,0,0.0,closed,True,True
12320,20,10,0,0,0.0,closed,True,True
12319,5,5,0,0,0.0,closed,True,True
12318,59,25,3,0,0.0,closed,True,True
12317,5,8,0,0,0.0,closed,True,True
12316,0,21,0,2,2.0,closed,True,True
12315,106,49,0,1,0.5,closed,True,True
12314,3,2,0,0,0.0,closed,True,True
12312,1,1,0,0,0.0,closed,False,False
12310,3,0,0,0,0.0,closed,True,True
12309,107,60,0,7,1.0,closed,False,False
12307,5,12,0,0,0.0,closed,True,True
12305,16,22,0,0,0.0,closed,True,True
12303,4,0,0,0,0.0,closed,True,True
12299,37,37,0,0,0.0,closed,True,True
12298,55,55,0,0,0.0,closed,True,True
12297,166,157,0,0,0.0,closed,True,True
12296,7,7,2,0,0.0,closed,False,False
12295,9,38,1,5,1.6666666666666667,closed,False,False
12291,405,787,1,0,0.0,closed,False,False
12290,57,19,1,4,4.0,closed,True,True
12287,532,1,1,5,1.25,closed,False,False
12285,596,1,0,2,1.0,closed,True,True
12284,4,4,1,0,0.0,closed,False,False
12282,0,14,0,0,0.0,closed,True,True
12280,147,77,2,0,0.0,closed,True,True
12279,28,32,0,1,1.0,closed,True,True
12278,32,26,0,0,0.0,closed,True,True
12277,51,89,0,0,0.0,closed,True,True
12276,26,32,0,0,0.0,closed,True,True
12274,70,37,3,0,0.0,closed,True,True
12273,2,2,0,0,0.0,closed,True,True
12272,26,32,0,3,1.5,closed,True,True
12270,22,9,0,0,0.0,closed,True,True
12269,100,62,0,2,0.5,closed,True,True
12267,7,7,0,0,0.0,closed,True,True
12266,32,25,0,1,1.0,closed,True,True
12265,17,27,0,0,0.0,closed,True,True
12264,10,6,0,0,0.0,closed,True,True
12263,58,24,0,0,0.0,closed,False,False
12262,58,27,0,0,0.0,closed,False,False
12261,1,3,0,0,0.0,closed,True,True
12260,4,0,0,0,0.0,closed,True,True
12259,136,1,0,0,0.0,closed,True,True
12256,96,106,0,0,0.0,closed,True,True
12255,7,0,0,0,0.0,closed,True,True
12254,49,10,0,0,0.0,closed,True,True
12252,2304,2114,2,0,0.0,closed,True,True
12251,0,16,0,0,0.0,closed,True,True
12250,50,50,0,0,0.0,closed,True,True
12249,1363,1309,0,0,0.0,closed,True,True
12248,3,2,0,0,0.0,closed,True,True
12245,8,22,0,0,0.0,closed,True,True
12244,14,23,0,2,2.0,closed,True,True
12242,12,12,0,0,0.0,closed,True,True
12241,239,170,1,0,0.0,closed,True,True
12240,336,146,3,0,0.0,closed,False,False
12239,1,1,0,0,0.0,closed,True,True
12238,1,0,0,0,0.0,closed,True,True
12237,9,56,0,0,0.0,closed,True,True
12236,936,997,1,0,0.0,closed,True,True
12234,19,15,0,0,0.0,closed,True,True
12233,134,43,0,2,2.0,closed,True,True
12230,4,4,0,0,0.0,closed,True,True
12229,384,107,1,0,0.0,closed,False,False
12226,66,15,0,0,0.0,closed,False,False
12225,4,2,3,0,0.0,closed,True,True
12224,10,1,0,0,0.0,closed,True,True
12223,17,7,0,0,0.0,closed,True,True
12220,42,6,0,1,0.5,closed,True,True
12218,0,7,0,0,0.0,closed,True,True
12217,116,35,1,3,1.0,closed,True,True
12216,4,21,1,0,0.0,closed,False,False
12215,99,68,0,0,0.0,closed,True,True
12213,157,157,0,0,0.0,closed,True,True
12211,193,84,3,0,0.0,closed,False,False
12210,25,7,1,0,0.0,closed,True,True
12209,3,2,0,0,0.0,closed,True,True
12208,12,12,0,0,0.0,closed,True,True
12207,20,11,0,0,0.0,closed,True,True
12206,10,0,0,0,0.0,closed,True,True
12205,3,2,0,0,0.0,closed,False,False
12203,7,10,4,1,0.3333333333333333,closed,True,True
12201,28,2,3,0,0.0,closed,True,True
12200,85,8,0,0,0.0,closed,True,True
12199,140,24,0,0,0.0,closed,True,True
12198,29,1,0,0,0.0,closed,True,True
12193,1,2,0,0,0.0,closed,True,True
12192,31,22,4,3,3.0,closed,True,True
12191,326,317,0,5,0.8333333333333334,closed,True,True
12190,225,40,3,0,0.0,closed,True,True
12181,1,1,0,0,0.0,closed,True,True
12180,10,10,0,0,0.0,closed,True,True
12179,5,5,1,0,0.0,closed,False,False
12177,7,0,0,0,0.0,closed,True,True
12176,18,3,0,0,0.0,closed,True,True
12175,21,0,17,0,0.0,closed,True,True
12171,94,33,0,1,0.3333333333333333,closed,True,True
12170,11,7,0,0,0.0,closed,True,True
12169,4,2,0,0,0.0,closed,True,True
12168,40,43,0,0,0.0,closed,True,True
12167,9,7,0,0,0.0,closed,True,True
12166,35,40,0,0,0.0,closed,True,True
12165,26,31,0,0,0.0,closed,True,True
12164,17,17,0,0,0.0,closed,True,True
12163,2,2,2,0,0.0,closed,True,True
12162,4,26,0,0,0.0,closed,True,True
12159,0,10,1,0,0.0,closed,True,True
12158,35,11,2,0,0.0,closed,True,True
12157,15,21,0,0,0.0,closed,True,True
12156,3,2,0,0,0.0,closed,True,True
12155,103,57,0,1,0.25,closed,True,True
12154,19,8,2,5,2.5,closed,True,True
12153,7,0,0,1,0.5,closed,True,True
12151,136,157,0,0,0.0,closed,True,True
12150,17,3,9,0,0.0,closed,True,True
12149,12,12,0,0,0.0,closed,True,True
12148,1,3,0,0,0.0,closed,True,True
12147,92,10,0,0,0.0,closed,True,True
12146,0,7,0,0,0.0,closed,True,True
12144,8,8,0,0,0.0,closed,True,True
12143,146,186,0,0,0.0,closed,True,True
12142,7,1,0,0,0.0,closed,True,True
12141,14,3,0,0,0.0,closed,True,True
12139,2,2,0,0,0.0,closed,True,True
12136,94,16,1,0,0.0,closed,False,False
12135,5,5,0,0,0.0,closed,True,True
12134,122,122,1,0,0.0,closed,False,False
12133,115,31,2,0,0.0,closed,False,False
12131,11,5,0,0,0.0,closed,True,True
12130,6,9,0,0,0.0,closed,True,True
12129,6,7,0,0,0.0,closed,False,False
12128,5,5,0,0,0.0,closed,True,True
12127,0,20,0,0,0.0,closed,False,False
12126,49,49,0,0,0.0,closed,True,True
12125,10,0,0,0,0.0,closed,True,True
12122,349,3,0,3,3.0,closed,True,True
12120,22,15,0,0,0.0,closed,True,True
12119,33,2,0,0,0.0,closed,True,True
12118,26966,6415,2,0,0.0,closed,True,True
12115,41,8,0,0,0.0,closed,True,True
12113,2,2,0,1,1.0,closed,True,True
12112,3,5,0,0,0.0,closed,True,True
12110,41,34,0,0,0.0,closed,True,True
12108,39,10,3,0,0.0,closed,True,True
12107,6,95,0,0,0.0,closed,True,True
12106,153,66,5,6,1.5,closed,True,True
12105,118,37,0,13,2.6,closed,True,True
12104,13,1,2,7,1.75,closed,True,True
12103,0,21,0,0,0.0,closed,True,True
12102,28,28,0,0,0.0,closed,True,True
12101,23243,2724,1,0,0.0,closed,True,True
12100,94,16,1,0,0.0,closed,False,False
12099,101,21,3,0,0.0,closed,True,True
12098,19,19,1,0,0.0,closed,True,True
12097,25,60,0,1,0.2,closed,True,True
12096,3,0,1,2,0.6666666666666666,closed,True,True
12095,18,1,0,5,2.5,closed,True,True
12092,1,1,1,0,0.0,closed,False,False
12091,1,1,0,0,0.0,closed,False,False
12090,1,1,1,0,0.0,closed,False,False
12089,161,160,0,0,0.0,closed,True,True
12088,26,23,0,0,0.0,closed,True,True
12087,4,4,0,0,0.0,closed,True,True
12086,166,165,4,0,0.0,closed,False,False
12085,3,3,0,0,0.0,closed,True,True
12084,112,45,1,3,3.0,closed,True,True
12082,1,1,0,0,0.0,closed,True,True
12081,25,5,1,0,0.0,closed,True,True
12079,0,7,0,0,0.0,closed,True,True
12078,3,2,0,0,0.0,closed,True,True
12074,0,8,1,0,0.0,closed,True,True
12073,5,5,0,0,0.0,closed,True,True
12072,7,7,0,0,0.0,closed,True,True
12068,1,1,0,0,0.0,closed,True,True
12067,166,165,4,0,0.0,closed,False,False
12066,94,16,1,0,0.0,closed,False,False
12065,6,6,3,0,0.0,closed,False,False
12062,6,6,3,0,0.0,closed,False,False
12060,9,8,0,2,0.5,closed,True,True
12059,101,21,1,0,0.0,closed,False,False
12058,11,1,0,0,0.0,closed,True,True
12056,54,17,2,0,0.0,closed,True,True
12055,3,2,0,0,0.0,closed,True,True
12053,106,91,0,0,0.0,closed,True,True
12052,20,7,0,0,0.0,closed,True,True
12051,341,54,5,5,1.6666666666666667,closed,True,True
12050,3,3,1,0,0.0,closed,True,True
12049,7,0,1,0,0.0,closed,True,True
12047,7,0,0,0,0.0,closed,True,True
12044,0,7,0,0,0.0,closed,True,True
12043,2,2,3,0,0.0,closed,False,False
12041,33,33,0,0,0.0,closed,True,True
12039,19,25,0,0,0.0,closed,True,True
12038,1056,519,0,0,0.0,closed,True,True
12037,4,10,1,1,0.3333333333333333,closed,True,True
12036,5,2,0,0,0.0,closed,True,True
12035,14,14,1,0,0.0,closed,True,True
12033,18,18,0,0,0.0,closed,True,True
12031,231,26,1,13,1.0833333333333333,closed,True,True
12030,94,16,1,0,0.0,closed,False,False
12029,194,237,0,0,0.0,closed,True,True
12028,108,30,1,0,0.0,closed,False,False
12027,6,6,1,4,2.0,closed,True,True
12026,3,13,0,0,0.0,closed,False,False
12024,3,2,0,0,0.0,closed,True,True
12023,7,0,0,0,0.0,closed,True,True
12020,17,14,0,0,0.0,closed,True,True
12019,7,0,0,0,0.0,closed,False,False
12018,30,2,0,1,1.0,closed,True,True
12017,4,4,1,6,6.0,closed,False,False
12016,3,4,0,0,0.0,closed,True,True
12015,8,8,0,5,1.6666666666666667,closed,True,True
12014,13,3,1,0,0.0,closed,True,True
12012,3,2,0,0,0.0,closed,True,True
12011,11,26,0,0,0.0,closed,True,True
12009,46,282,0,3,3.0,closed,True,True
12008,1,1,2,2,2.0,closed,False,False
12002,48,17,2,0,0.0,closed,True,True
12001,94,16,3,0,0.0,closed,False,False
11999,75,73,0,2,2.0,closed,True,True
11998,14,14,0,0,0.0,closed,True,True
11996,1,1,1,0,0.0,closed,True,True
11995,86,65,0,0,0.0,closed,True,True
11994,99,21,3,0,0.0,closed,False,False
11991,3,2,0,0,0.0,closed,True,True
11986,3,1,1,0,0.0,closed,True,True
11984,43,30,1,0,0.0,closed,True,True
11980,223,242,0,0,0.0,closed,False,False
11979,94,34,0,0,0.0,closed,True,True
11976,159,210,2,4,4.0,closed,True,True
11975,15,9,0,0,0.0,closed,True,True
11974,1214,906,0,0,0.0,closed,True,True
11973,17,5,0,0,0.0,closed,True,True
11972,45,15,2,0,0.0,closed,True,True
11971,76,36,0,0,0.0,closed,True,True
11970,17,7,0,0,0.0,closed,True,True
11968,9,2,0,0,0.0,closed,False,False
11963,105,31,4,3,3.0,closed,True,True
11962,15,0,0,0,0.0,closed,True,True
11961,9,2,1,0,0.0,closed,False,False
11960,265,149,0,0,0.0,closed,True,True
11959,8,8,0,0,0.0,closed,True,True
11958,239,176,0,1,0.25,closed,True,True
11957,43,2,3,0,0.0,closed,True,True
11956,1,5,0,0,0.0,closed,True,True
11955,12,0,1,0,0.0,closed,True,True
11954,115,21,0,1,0.5,closed,True,True
11952,4,8,0,0,0.0,closed,True,True
11951,100,21,0,0,0.0,closed,True,True
11950,9,1,0,0,0.0,closed,True,True
11949,235,63,3,0,0.0,closed,True,True
11948,3,2,0,0,0.0,closed,True,True
11947,222,15,1,4,4.0,closed,True,True
11946,44,8,0,0,0.0,closed,True,True
11941,2,2,1,0,0.0,closed,True,True
11940,39,39,0,0,0.0,closed,True,True
11939,7913,7419,2,0,0.0,closed,True,True
11937,4,0,0,0,0.0,closed,True,True
11934,3,3,0,0,0.0,closed,False,False
11932,31,1161,1,2,2.0,closed,True,True
11931,45,33,0,0,0.0,closed,True,True
11930,54,2,1,0,0.0,closed,True,True
11929,139,148,4,0,0.0,closed,False,False
11923,47,47,8,0,0.0,closed,True,True
11922,60,145,0,0,0.0,closed,True,True
11921,48,18,0,4,4.0,closed,True,True
11919,35,6,0,4,4.0,closed,True,True
11918,52,1,0,0,0.0,closed,True,True
11917,1,1,0,0,0.0,closed,True,True
11914,13,1,0,2,2.0,closed,True,True
11912,0,1,0,0,0.0,closed,True,True
11911,69,57,0,6,1.5,closed,True,True
11910,27,0,0,0,0.0,closed,True,True
11909,196,48,0,3,1.5,closed,True,True
11908,299,198,0,0,0.0,closed,True,True
11907,40,46,0,0,0.0,closed,True,True
11906,208,151,1,0,0.0,closed,False,False
11905,10,4,0,0,0.0,closed,True,True
11902,3,9,0,0,0.0,closed,True,True
11901,313,208,6,0,0.0,closed,True,True
11899,27,27,0,0,0.0,closed,True,True
11898,196,53,0,0,0.0,closed,True,True
11897,14,14,1,0,0.0,closed,False,False
11896,8,5,0,0,0.0,closed,True,True
11895,121,67,0,2,2.0,closed,False,False
11894,1,1,0,0,0.0,closed,True,True
11891,202,145,1,0,0.0,closed,False,False
11890,1,1,0,0,0.0,closed,True,True
11887,32,32,1,0,0.0,closed,True,True
11886,197,140,2,0,0.0,closed,False,False
11885,66,70,1,0,0.0,closed,True,True
11882,58,1,0,0,0.0,closed,True,True
11880,19,30,0,0,0.0,closed,True,True
11879,18,13,0,1,1.0,closed,True,True
11878,65,37,0,0,0.0,closed,True,True
11877,13,10,0,0,0.0,closed,True,True
11876,23,23,0,0,0.0,closed,True,True
11875,11,6,0,0,0.0,closed,True,True
11874,8,28,0,0,0.0,closed,True,True
11873,4,7,0,0,0.0,closed,True,True
11872,14,12,0,1,1.0,closed,True,True
11870,698,274,0,3,3.0,closed,True,True
11869,3,3,3,10,1.4285714285714286,closed,True,True
11868,31,24,0,0,0.0,closed,True,True
11867,1,1,6,0,0.0,closed,True,True
11866,129,145,0,4,4.0,closed,True,True
11864,2,5,0,2,2.0,closed,True,True
11863,1,1,0,0,0.0,closed,True,True
11862,2,1,0,0,0.0,closed,True,True
11861,15,0,0,0,0.0,closed,True,True
11860,4,8,0,0,0.0,closed,True,True
11859,10,10,0,0,0.0,closed,True,True
11856,33,23,0,0,0.0,closed,True,True
11855,1,1,0,0,0.0,closed,True,True
11853,12,0,0,0,0.0,closed,True,True
11852,3,7,0,0,0.0,closed,True,True
11851,12,34,0,0,0.0,closed,True,True
11850,12,9,0,0,0.0,closed,True,True
11848,21,25,0,0,0.0,closed,True,True
11847,81,0,0,8,4.0,closed,True,True
11846,4,4,0,0,0.0,closed,True,True
11844,131,115,0,0,0.0,closed,False,False
11843,14,8,0,0,0.0,closed,True,True
11842,31,4,0,0,0.0,closed,True,True
11836,1326,2117,2,28,5.6,closed,True,True
11835,1,1,0,0,0.0,closed,True,True
11834,117,115,2,0,0.0,closed,True,True
11833,106,94,2,1,1.0,closed,True,True
11830,4,4,5,0,0.0,closed,True,True
11829,2,2,0,0,0.0,closed,True,True
11826,230,34,0,1,0.5,closed,True,True
11825,11,77,1,0,0.0,closed,True,True
11824,979,92,0,0,0.0,closed,True,True
11823,0,0,0,0,0,closed,False,False
11822,1,32,0,0,0.0,closed,True,True
11821,513,991,3,0,0.0,closed,True,True
11820,14,3,1,0,0.0,closed,True,True
11819,104,16,0,0,0.0,closed,False,False
11818,104,16,0,0,0.0,closed,False,False
11817,13,2,0,0,0.0,closed,False,False
11815,85,92,3,0,0.0,closed,True,True
11814,0,12,0,0,0.0,closed,True,True
11812,24,0,0,0,0.0,closed,True,True
11811,28,10,0,0,0.0,closed,True,True
11810,39,39,0,0,0.0,closed,True,True
11807,1,2,0,2,2.0,closed,False,False
11806,11,18,0,0,0.0,closed,True,True
11805,64,60,10,1,1.0,closed,True,True
11804,74,79,0,2,2.0,closed,True,True
11803,3,43,0,0,0.0,closed,True,True
11802,12,8,0,0,0.0,closed,True,True
11801,31,0,0,0,0.0,closed,True,True
11800,7,7,0,0,0.0,closed,True,True
11799,6,0,2,0,0.0,closed,True,True
11798,5,5,0,0,0.0,closed,True,True
11797,20,14,0,0,0.0,closed,True,True
11796,46,46,0,0,0.0,closed,True,True
11795,5,5,7,0,0.0,closed,False,False
11794,2,0,6,0,0.0,closed,True,True
11792,10,174,0,1,1.0,closed,True,True
11791,6,12,0,0,0.0,closed,True,True
11790,29,11,1,0,0.0,closed,True,True
11789,67,69,0,0,0.0,closed,True,True
11788,44,69,0,0,0.0,closed,True,True
11787,0,142,0,0,0.0,closed,True,True
11785,52,23,2,0,0.0,closed,True,True
11784,169,42,2,0,0.0,closed,True,True
11783,21,15,0,0,0.0,closed,True,True
11782,193,689,14,2,2.0,closed,True,True
11780,0,168,7,0,0.0,closed,True,True
11779,108,32,8,11,1.8333333333333333,closed,True,True
11778,34,3,0,0,0.0,closed,True,True
11777,17,116,1,1,0.25,closed,True,True
11776,136,3,4,2,0.2857142857142857,closed,False,False
11774,1,30,0,0,0.0,closed,True,True
11773,4,0,1,0,0.0,closed,False,False
11772,31,1,1,3,3.0,closed,True,True
11771,803,814,5,0,0.0,closed,True,True
11770,9,9,1,0,0.0,closed,True,True
11769,221,278,1,0,0.0,closed,False,False
11768,12,11,0,0,0.0,closed,True,True
11766,16,16,0,0,0.0,closed,True,True
11765,522,116,0,0,0.0,closed,True,True
11764,253,276,2,0,0.0,closed,False,False
11760,11,0,0,0,0.0,closed,True,True
11757,260,161,0,4,4.0,closed,True,True
11756,1282,1205,2,0,0.0,closed,True,True
11755,1,1,0,0,0.0,closed,True,True
11754,155,47,1,3,0.75,closed,True,True
11753,34,86,0,1,1.0,closed,True,True
11752,51,49,0,2,2.0,closed,True,True
11748,135,4,1,4,4.0,closed,True,True
11747,6,3,0,2,1.0,closed,True,True
11746,2,2,0,0,0.0,closed,True,True
11745,176,175,0,0,0.0,closed,True,True
11744,34,10,2,0,0.0,closed,True,True
11743,8,28,0,0,0.0,closed,True,True
11742,1169,1131,2,0,0.0,closed,True,True
11741,8,0,0,0,0.0,closed,True,True
11740,1171,1132,0,0,0.0,closed,False,False
11739,8,7,0,0,0.0,closed,False,False
11738,47,1,0,2,2.0,closed,True,True
11737,20,19,0,0,0.0,closed,True,True
11736,0,93,0,0,0.0,closed,False,False
11735,1531,1547,0,1,1.0,closed,True,True
11734,113,51,1,0,0.0,closed,True,True
11733,36,7,0,0,0.0,closed,True,True
11731,48,46,0,0,0.0,closed,True,True
11730,586,314,0,4,4.0,closed,True,True
11729,87,53,3,0,0.0,closed,True,True
11728,17,6,0,0,0.0,closed,True,True
11727,46,11,0,3,3.0,closed,True,True
11726,31,3,0,0,0.0,closed,True,True
11725,6,3,0,0,0.0,closed,True,True
11723,84,32,0,7,7.0,closed,True,True
11722,24,0,0,0,0.0,closed,True,True
11721,50,106,0,0,0.0,closed,True,True
11718,46,46,1,0,0.0,closed,False,False
11717,17,6,1,0,0.0,closed,False,False
11716,84,0,4,17,2.8333333333333335,closed,True,True
11714,106,50,1,4,4.0,closed,True,True
11713,45,45,0,0,0.0,closed,True,True
11707,20,7,1,0,0.0,closed,True,True
11706,259,257,0,0,0.0,closed,True,True
11705,11,51,0,0,0.0,closed,True,True
11704,8,8,0,0,0.0,closed,True,True
11703,5,5,0,0,0.0,closed,True,True
11702,135,106,0,15,15.0,closed,True,True
11700,28,114,0,0,0.0,closed,True,True
11699,11,30,0,0,0.0,closed,True,True
11696,1,1,0,0,0.0,closed,True,True
11695,43,43,2,0,0.0,closed,True,True
11694,47,47,0,0,0.0,closed,True,True
11693,7,7,0,0,0.0,closed,True,True
11692,6,6,0,0,0.0,closed,True,True
11690,81,0,0,0,0.0,closed,True,True
11689,46,46,0,0,0.0,closed,True,True
11688,0,1,0,2,2.0,closed,False,False
11687,9,2,1,0,0.0,closed,True,True
11685,3,0,0,0,0.0,closed,True,True
11684,3,3,0,0,0.0,closed,True,True
11683,5,5,0,0,0.0,closed,True,True
11682,50,50,1,0,0.0,closed,True,True
11681,8,8,3,0,0.0,closed,True,True
11680,2,2,0,0,0.0,closed,True,True
11679,0,6,0,0,0.0,closed,True,True
11678,3,7,0,0,0.0,closed,True,True
11676,94,25,1,0,0.0,closed,True,True
11675,3,6,0,0,0.0,closed,True,True
11673,16,16,0,0,0.0,closed,True,True
11671,7,7,0,0,0.0,closed,True,True
11670,76,132,1,0,0.0,closed,False,False
11669,10,10,0,0,0.0,closed,True,True
11668,5,5,1,0,0.0,closed,True,True
11667,3,3,0,0,0.0,closed,True,True
11666,3,3,0,0,0.0,closed,True,True
11665,1265,1130,0,1,1.0,closed,False,False
11662,5,5,0,0,0.0,closed,True,True
11661,81,95,0,0,0.0,closed,True,True
11660,72,93,2,0,0.0,closed,True,True
11659,113,245,0,0,0.0,closed,True,True
11658,61,70,0,5,5.0,closed,True,True
11657,48,41,0,0,0.0,closed,True,True
11656,3,3,0,0,0.0,closed,True,True
11655,1,1,0,0,0.0,closed,True,True
11654,46,46,0,0,0.0,closed,True,True
11652,1,1,1,0,0.0,closed,False,False
11651,112,113,1,0,0.0,closed,True,True
11650,5,5,0,0,0.0,closed,True,True
11649,1607,0,2,74,7.4,closed,True,True
11647,2,3,0,0,0.0,closed,True,True
11645,51,51,0,0,0.0,closed,True,True
11644,1,1,0,0,0.0,closed,True,True
11643,4,4,1,0,0.0,closed,True,True
11637,51,19,0,0,0.0,closed,False,False
11636,18,7,0,2,2.0,closed,True,True
11634,6,6,1,0,0.0,closed,True,True
11631,413,680,0,0,0.0,closed,True,True
11630,12,16,0,0,0.0,closed,True,True
11629,28,29,0,0,0.0,closed,True,True
11628,1,1,0,0,0.0,closed,True,True
11625,5,5,0,0,0.0,closed,True,True
11624,9,25,1,0,0.0,closed,True,True
11622,534,401,0,0,0.0,closed,True,True
11621,1128,1130,0,0,0.0,closed,False,False
11619,49,6,0,0,0.0,closed,True,True
11618,7,41,0,0,0.0,closed,True,True
11617,48,14,1,0,0.0,closed,True,True
11616,229,558,1,0,0.0,closed,False,False
11615,2,2,0,0,0.0,closed,True,True
11614,71,0,0,1,0.5,closed,True,True
11612,204,564,3,0,0.0,closed,True,True
11609,193,556,1,0,0.0,closed,False,False
11608,50,50,0,0,0.0,closed,True,True
11605,4,49,1,0,0.0,closed,True,True
11604,70,12,0,1,1.0,closed,True,True
11603,47,2,0,0,0.0,closed,True,True
11600,87,0,1,3,1.5,closed,True,True
11598,122,0,0,0,0.0,closed,True,True
11596,8,6,6,1,1.0,closed,True,True
11595,86,27,0,0,0.0,closed,True,True
11594,12,5,1,0,0.0,closed,False,False
11593,355,216,3,0,0.0,closed,True,True
11592,17,16,1,0,0.0,closed,True,True
11589,96,459,1,0,0.0,closed,False,False
11588,13,13,0,0,0.0,closed,True,True
11586,92,455,1,0,0.0,closed,False,False
11584,21,409,1,0,0.0,closed,False,False
11583,1,1,0,0,0.0,closed,True,True
11582,19,407,1,0,0.0,closed,False,False
11581,1,1,0,0,0.0,closed,True,True
11580,42,0,0,0,0.0,closed,False,False
11579,1,0,2,0,0.0,closed,True,True
11578,139,62,5,1,0.3333333333333333,closed,True,True
11576,19,407,1,0,0.0,closed,False,False
11575,6,6,1,0,0.0,closed,False,False
11574,66,67,0,3,0.75,closed,True,True
11573,9,8,0,0,0.0,closed,True,True
11570,2,2,4,0,0.0,closed,False,False
11569,23,23,1,0,0.0,closed,True,True
11568,156,139,0,0,0.0,closed,True,True
11567,57,41,0,0,0.0,closed,True,True
11566,2035,2839,0,0,0.0,closed,False,False
11563,1164,4065,2,0,0.0,closed,True,True
11562,18,18,0,0,0.0,closed,True,True
11560,5,5,0,0,0.0,closed,True,True
11559,12,5,1,0,0.0,closed,False,False
11558,204,150,0,3,1.5,closed,True,True
11557,20,20,1,0,0.0,closed,True,True
11556,9,9,0,0,0.0,closed,True,True
11551,12,5,0,0,0.0,closed,False,False
11549,1,1,0,0,0.0,closed,True,True
11546,35,12,2,0,0.0,closed,True,True
11545,43,128,2,0,0.0,closed,True,True
11544,929,930,1,0,0.0,closed,True,True
11543,9,2,1,0,0.0,closed,True,True
11541,16,29,0,0,0.0,closed,True,True
11540,412,512,0,0,0.0,closed,True,True
11538,1,1,0,0,0.0,closed,True,True
11537,7,7,0,0,0.0,closed,True,True
11536,16,29,1,2,0.3333333333333333,closed,True,True
11533,1214,1516,0,0,0.0,closed,True,True
11532,681,97,4,36,0.8372093023255814,closed,True,True
11531,46,46,0,0,0.0,closed,True,True
11530,1,1,0,0,0.0,closed,True,True
11527,98,98,0,0,0.0,closed,True,True
11526,7,7,0,0,0.0,closed,True,True
11525,161,84,0,0,0.0,closed,True,True
11522,83,15,0,0,0.0,closed,True,True
11520,1,1,0,0,0.0,closed,True,True
11519,1,1,0,0,0.0,closed,True,True
11513,9,3,0,0,0.0,closed,True,True
11512,46,12,0,0,0.0,closed,True,True
11511,180,356,0,0,0.0,closed,True,True
11510,44,1,3,1,1.0,closed,False,False
11509,6,6,0,0,0.0,closed,True,True
11508,7,0,0,0,0.0,closed,False,False
11506,42,8,0,1,1.0,closed,True,True
11503,55,13,0,0,0.0,closed,False,False
11501,607,457,0,0,0.0,closed,True,True
11500,6,6,1,0,0.0,closed,False,False
11497,4,8,0,0,0.0,closed,True,True
11496,8,1,1,0,0.0,closed,True,True
11495,18,6,1,0,0.0,closed,True,True
11492,1,1,1,0,0.0,closed,True,True
11491,52,52,0,0,0.0,closed,True,True
11490,5,5,0,0,0.0,closed,True,True
11488,9,2,1,0,0.0,closed,True,True
11487,170,48,0,2,0.5,closed,True,True
11485,126,80,3,0,0.0,closed,False,False
11484,35,23,0,0,0.0,closed,True,True
11482,41,41,0,0,0.0,closed,True,True
11480,14,4,0,0,0.0,closed,True,True
11479,1,1,0,0,0.0,closed,True,True
11477,27,7,5,5,2.5,closed,True,True
11475,51,48,3,0,0.0,closed,False,False
11473,2,2,0,0,0.0,closed,True,True
11471,21,0,0,0,0.0,closed,True,True
11470,34,28,5,7,1.1666666666666667,closed,True,True
11468,5,6,0,0,0.0,closed,True,True
11467,0,0,0,0,0,closed,False,False
11466,59,56,3,0,0.0,closed,False,False
11465,18,15,1,0,0.0,closed,False,False
11464,5,5,0,0,0.0,closed,True,True
11460,5,8,0,0,0.0,closed,True,True
11459,46,46,0,0,0.0,closed,True,True
11455,16,21,0,0,0.0,closed,True,True
11454,2,2,0,0,0.0,closed,True,True
11452,51,51,0,0,0.0,closed,True,True
11451,329,156,6,25,1.7857142857142858,closed,True,True
11449,181,182,0,0,0.0,closed,True,True
11448,6,12,0,0,0.0,closed,True,True
11447,50,10,0,0,0.0,closed,True,True
11445,186,187,3,0,0.0,closed,False,False
11444,8,8,2,0,0.0,closed,False,False
11442,19,10,0,0,0.0,closed,True,True
11441,65,83,0,3,3.0,closed,True,True
11438,1,1,0,0,0.0,closed,True,True
11436,186,187,1,0,0.0,closed,False,False
11434,8110,14868,2,13,1.4444444444444444,closed,True,True
11431,614,340,3,0,0.0,closed,True,True
11430,186,187,1,0,0.0,closed,False,False
11427,185,185,1,0,0.0,closed,False,False
11426,185,185,2,0,0.0,closed,False,False
11424,185,185,1,0,0.0,closed,False,False
11423,5,5,1,0,0.0,closed,False,False
11422,198,20,1,0,0.0,closed,False,False
11421,83,9,1,0,0.0,closed,False,False
11420,7,7,1,0,0.0,closed,False,False
11419,46,62,0,0,0.0,closed,True,True
11416,107,107,1,0,0.0,closed,False,False
11415,26,18,0,0,0.0,closed,True,True
11414,5,5,0,0,0.0,closed,True,True
11412,269,485,4,27,2.7,closed,True,True
11411,0,1,0,0,0.0,closed,True,True
11409,1,1,0,0,0.0,closed,True,True
11407,3,2,0,0,0.0,closed,True,True
11406,20,5,0,0,0.0,closed,True,True
11405,303,92,0,2,0.5,closed,True,True
11404,9,2,1,0,0.0,closed,True,True
11403,6,1,0,0,0.0,closed,True,True
11402,149,0,0,0,0.0,closed,True,True
11401,5,5,1,0,0.0,closed,False,False
11399,28,15,0,0,0.0,closed,True,True
11398,78,149,0,4,4.0,closed,True,True
11397,10,3,0,2,0.6666666666666666,closed,True,True
11396,92,1,0,1,1.0,closed,True,True
11395,1,1,0,0,0.0,closed,True,True
11394,8,2,0,3,1.5,closed,True,True
11393,6,4,2,0,0.0,closed,True,True
11392,94,88,0,0,0.0,closed,True,True
11391,46,67,0,0,0.0,closed,True,True
11389,9,10,0,1,0.3333333333333333,closed,True,True
11388,14,11,0,0,0.0,closed,True,True
11386,12,2,0,0,0.0,closed,True,True
11385,51,51,0,0,0.0,closed,True,True
11384,4,4,0,0,0.0,closed,True,True
11383,46,46,2,0,0.0,closed,False,False
11382,0,60,1,0,0.0,closed,True,True
11380,0,1098,0,0,0.0,closed,True,True
11377,1,0,0,0,0.0,closed,True,True
11376,12,4,2,0,0.0,closed,True,True
11375,1,1,0,0,0.0,closed,True,True
11374,39,2,2,0,0.0,closed,True,True
11373,37,139,2,0,0.0,closed,True,True
11372,31,26,0,0,0.0,closed,True,True
11371,100,90,0,0,0.0,closed,True,True
11367,480,632,0,0,0.0,closed,True,True
11366,5,9,0,0,0.0,closed,True,True
11365,21,7,0,0,0.0,closed,True,True
11364,156,138,2,0,0.0,closed,True,True
11363,0,0,1,0,0,closed,False,False
11362,20,5,1,0,0.0,closed,False,False
11361,5,5,1,0,0.0,closed,False,False
11360,67,49,1,0,0.0,closed,False,False
11359,127,22,1,0,0.0,closed,True,True
11356,29,46,2,0,0.0,closed,True,True
11355,42,39,1,0,0.0,closed,False,False
11354,652,1095,6,0,0.0,closed,False,False
11353,300,246,0,0,0.0,closed,False,False
11352,3,5,0,0,0.0,closed,True,True
11351,37,29,0,2,1.0,closed,True,True
11350,101,54,2,4,0.4444444444444444,closed,True,True
11347,11,11,0,0,0.0,closed,True,True
11346,24,18,0,0,0.0,closed,True,True
11344,226,26,1,1,0.3333333333333333,closed,True,True
11343,648,490,5,15,1.3636363636363635,closed,True,True
11342,36,9,1,6,0.46153846153846156,closed,True,True
11341,101,227,2,1,0.25,closed,False,False
11340,43,28,2,0,0.0,closed,True,True
11339,9,6,0,1,0.3333333333333333,closed,True,True
11338,48,29,1,1,0.2,closed,True,True
11336,5,1,1,1,0.3333333333333333,closed,False,False
11334,615,1050,1,0,0.0,closed,False,False
11332,10,10,0,0,0.0,closed,True,True
11331,70,48,2,0,0.0,closed,True,True
11330,6,6,0,0,0.0,closed,True,True
11328,13,8,0,0,0.0,closed,True,True
11327,581,1019,1,0,0.0,closed,False,False
11326,165,25,14,0,0.0,closed,False,False
11324,8,20,0,0,0.0,closed,True,True
11322,382,425,0,2,0.4,closed,True,True
11321,69,66,0,0,0.0,closed,True,True
11320,4,19,0,0,0.0,closed,True,True
11319,12,5,0,0,0.0,closed,True,True
11318,67,67,0,0,0.0,closed,True,True
11314,65,65,0,0,0.0,closed,True,True
11311,45,9,0,0,0.0,closed,True,True
11310,73,203,0,0,0.0,closed,True,True
11308,23,23,0,0,0.0,closed,True,True
11307,63,128,3,0,0.0,closed,True,True
11305,7712,11306,3,0,0.0,closed,False,False
11304,41,0,2,0,0.0,closed,False,False
11301,3,0,0,0,0.0,closed,True,True
11300,144,161,0,0,0.0,closed,True,True
11299,64,5,0,0,0.0,closed,True,True
11296,1,1,6,2,2.0,closed,True,True
11295,9,21,0,0,0.0,closed,True,True
11294,50,38,0,0,0.0,closed,True,True
11293,140,23,1,0,0.0,closed,False,False
11291,0,1,7,0,0.0,closed,False,False
11289,1,1,2,0,0.0,closed,False,False
11287,21,220,0,0,0.0,closed,True,True
11286,42,12,1,2,0.6666666666666666,closed,True,True
11285,1,1,1,0,0.0,closed,True,True
11284,1422,1084,0,0,0.0,closed,True,True
11283,3,1,0,0,0.0,closed,True,True
11282,849,370,0,0,0.0,closed,False,False
11281,55,67,1,0,0.0,closed,True,True
11280,20,8,0,0,0.0,closed,True,True
11276,4,6,7,0,0.0,closed,False,False
11275,78,24,2,0,0.0,closed,True,True
11274,37,9,1,0,0.0,closed,True,True
11272,1,1,0,0,0.0,closed,True,True
11269,1,1,2,0,0.0,closed,True,True
11265,50,50,0,0,0.0,closed,True,True
11264,61,48,1,0,0.0,closed,True,True
11263,28,28,0,0,0.0,closed,True,True
11262,5,5,0,0,0.0,closed,True,True
11261,50,50,2,0,0.0,closed,False,False
11257,45,45,1,0,0.0,closed,False,False
11256,75,6,1,0,0.0,closed,False,False
11255,244,62,2,0,0.0,closed,False,False
11254,244,5,1,0,0.0,closed,False,False
11253,111,6,1,0,0.0,closed,False,False
11252,27,27,0,0,0.0,closed,True,True
11251,3,3,1,0,0.0,closed,True,True
11249,0,3,0,0,0.0,closed,True,True
11248,1,0,0,0,0.0,closed,True,True
11245,44,22,0,0,0.0,closed,False,False
11244,45,45,1,0,0.0,closed,False,False
11243,0,2,0,0,0.0,closed,True,True
11242,12,0,0,0,0.0,closed,True,True
11241,4,4,0,0,0.0,closed,True,True
11240,19,19,0,0,0.0,closed,True,True
11239,46,46,0,0,0.0,closed,True,True
11236,6,0,0,3,3.0,closed,True,True
11234,32,9,0,0,0.0,closed,True,True
11233,1081,1284,0,0,0.0,closed,True,True
11232,5,5,0,0,0.0,closed,True,True
11231,59,35,0,1,1.0,closed,True,True
11230,57,3,0,4,1.3333333333333333,closed,True,True
11229,144,113,0,0,0.0,closed,True,True
11228,2,2,0,0,0.0,closed,True,True
11227,22,23,0,0,0.0,closed,True,True
11226,97,58,0,0,0.0,closed,True,True
11225,249,194,0,2,2.0,closed,True,True
11224,2,0,0,2,2.0,closed,True,True
11223,60,35,1,0,0.0,closed,False,False
11222,45,45,0,0,0.0,closed,True,True
11221,1,1,0,0,0.0,closed,True,True
11218,38,44,0,0,0.0,closed,True,True
11217,6,6,4,0,0.0,closed,False,False
11216,1,1,1,0,0.0,closed,True,True
11214,39,11,2,0,0.0,closed,True,True
11213,1,1,1,0,0.0,closed,True,True
11212,3,3,6,0,0.0,closed,True,True
11210,1,1,0,0,0.0,closed,True,True
11206,43,43,0,0,0.0,closed,True,True
11205,210,28,1,0,0.0,closed,False,False
11204,3,3,1,0,0.0,closed,True,True
11202,45,45,0,0,0.0,closed,True,True
11201,173,173,0,0,0.0,closed,True,True
11200,1,0,2,0,0.0,closed,True,True
11197,5,5,1,0,0.0,closed,False,False
11196,174,173,1,0,0.0,closed,False,False
11195,5,5,1,0,0.0,closed,False,False
11194,5,5,1,0,0.0,closed,False,False
11193,5,5,1,0,0.0,closed,False,False
11192,5,5,1,0,0.0,closed,False,False
11190,16,0,0,0,0.0,closed,True,True
11188,113,113,1,0,0.0,closed,False,False
11187,20,20,0,0,0.0,closed,True,True
11185,80,12,6,19,2.111111111111111,closed,False,False
11184,0,9,0,0,0.0,closed,True,True
11183,9,0,0,0,0.0,closed,True,True
11182,50,9,0,0,0.0,closed,True,True
11180,46,46,0,0,0.0,closed,True,True
11179,100,23,0,1,0.5,closed,True,True
11178,253,133,0,0,0.0,closed,True,True
11177,3,3,0,0,0.0,closed,True,True
11176,32,14,0,0,0.0,closed,True,True
11175,4,0,0,0,0.0,closed,True,True
11174,6,0,0,0,0.0,closed,True,True
11171,8,1,0,0,0.0,closed,True,True
11170,5,5,1,0,0.0,closed,False,False
11169,54,54,2,0,0.0,closed,False,False
11168,7,1,7,0,0.0,closed,True,True
11167,305,259,0,13,6.5,closed,True,True
11166,3,3,1,0,0.0,closed,True,True
11164,45,45,1,0,0.0,closed,False,False
11163,1,1,0,0,0.0,closed,True,True
11160,44,46,0,1,1.0,closed,True,True
11159,63,0,1,11,2.2,closed,True,True
11157,7,6,0,0,0.0,closed,True,True
11156,61,3,2,0,0.0,closed,False,False
11154,29,29,0,0,0.0,closed,True,True
11153,4,5,4,0,0.0,closed,True,True
11152,79,1,3,22,4.4,closed,True,True
11151,30,8,0,0,0.0,closed,True,True
11150,123,101,0,0,0.0,closed,True,True
11149,10,6,0,0,0.0,closed,True,True
11148,1,1,0,0,0.0,closed,True,True
11145,4,4,0,0,0.0,closed,True,True
11144,148,21,3,5,5.0,closed,False,False
11142,3,1,0,0,0.0,closed,True,True
11141,3,1,0,2,2.0,closed,True,True
11139,2,0,0,0,0.0,closed,True,True
11137,27,40,0,0,0.0,closed,True,True
11136,492,1139,0,9,3.0,closed,True,True
11135,42,62,0,0,0.0,closed,True,True
11134,2,2,0,0,0.0,closed,True,True
11133,156,178,0,4,4.0,closed,True,True
11132,430,118,1,2,2.0,closed,True,True
11131,200,238,0,0,0.0,closed,True,True
11130,1,0,0,2,2.0,closed,True,True
11129,206,38,17,0,0.0,closed,False,False
11128,268,62,0,0,0.0,closed,True,True
11127,2,2,0,0,0.0,closed,True,True
11126,22,13,1,0,0.0,closed,True,True
11125,144,0,0,1,1.0,closed,True,True
11124,39,65,1,0,0.0,closed,True,True
11123,675,508,0,0,0.0,closed,True,True
11122,12,5,0,0,0.0,closed,False,False
11121,7,8,0,0,0.0,closed,True,True
11119,2821,2861,0,0,0.0,closed,True,True
11118,480,352,1,0,0.0,closed,False,False
11117,483,358,0,0,0.0,closed,False,False
11115,173,120,0,0,0.0,closed,True,True
11114,3433,3517,1,0,0.0,closed,False,False
11113,323,199,0,0,0.0,closed,False,False
11112,30,10,0,0,0.0,closed,True,True
11111,167,64,0,14,14.0,closed,True,True
11110,17,13,0,1,1.0,closed,True,True
11108,48,47,2,4,4.0,closed,False,False
11106,9,6,0,0,0.0,closed,True,True
11105,4,1,0,0,0.0,closed,True,True
11101,32,3,1,0,0.0,closed,True,True
11100,7,8,0,0,0.0,closed,True,True
11099,15,62,0,1,0.3333333333333333,closed,True,True
11098,45,45,6,0,0.0,closed,False,False
11097,1,1,0,0,0.0,closed,True,True
11096,1,1,0,0,0.0,closed,True,True
11095,217,42,3,0,0.0,closed,True,True
11093,128,43,2,0,0.0,closed,True,True
11091,20,16,1,0,0.0,closed,True,True
11088,2,2,0,0,0.0,closed,True,True
11086,40,17,2,0,0.0,closed,True,True
11085,2,2,0,0,0.0,closed,True,True
11084,830,18,1,9,9.0,closed,True,True
11082,0,6,0,0,0.0,closed,True,True
11081,66,42,2,0,0.0,closed,True,True
11079,238,5,1,0,0.0,closed,False,False
11078,75,6,1,0,0.0,closed,False,False
11077,2,1,0,0,0.0,closed,True,True
11075,24,14,0,0,0.0,closed,True,True
11069,1,1,1,0,0.0,closed,True,True
11068,1,1,0,0,0.0,closed,True,True
11064,1,1,0,0,0.0,closed,True,True
11063,18,18,1,0,0.0,closed,True,True
11057,30,18,1,0,0.0,closed,True,True
11056,210,159,1,0,0.0,closed,False,False
11055,10,5,0,0,0.0,closed,True,True
11054,0,14,0,0,0.0,closed,True,True
11053,1,1,0,0,0.0,closed,False,False
11051,31,9,2,0,0.0,closed,True,True
11050,133,101,0,0,0.0,closed,True,True
11049,238,5,1,0,0.0,closed,False,False
11048,75,6,1,0,0.0,closed,False,False
11047,8,13,0,0,0.0,closed,True,True
11045,86,72,0,0,0.0,closed,True,True
11043,14,14,0,0,0.0,closed,True,True
11042,140,5,0,0,0.0,closed,True,True
11041,1370,12,2,0,0.0,closed,False,False
11040,445,452,0,0,0.0,closed,True,True
11039,5,11,0,0,0.0,closed,True,True
11038,6,3,0,0,0.0,closed,True,True
11036,14,14,2,0,0.0,closed,False,False
11035,1,1,0,0,0.0,closed,True,True
11034,1,0,0,0,0.0,closed,True,True
11033,18,21,0,1,0.5,closed,True,True
11032,14,14,2,0,0.0,closed,False,False
11031,140,5,3,0,0.0,closed,False,False
11029,46,44,6,0,0.0,closed,True,True
11026,15,7,1,3,3.0,closed,True,True
11025,32,10,2,0,0.0,closed,True,True
11024,28,35,0,4,4.0,closed,True,True
11022,20,6,3,2,0.6666666666666666,closed,True,True
11021,43,46,2,0,0.0,closed,True,True
11019,1,1,0,0,0.0,closed,True,True
11018,1,1,0,0,0.0,closed,True,True
11017,10,10,1,0,0.0,closed,False,False
11016,140,5,1,0,0.0,closed,False,False
11010,46,15,2,0,0.0,closed,True,True
11009,2,10,0,0,0.0,closed,True,True
11008,54,33,2,4,0.6666666666666666,closed,True,True
11006,9,1,1,0,0.0,closed,True,True
11005,2,56,5,0,0.0,closed,True,True
11003,1945,1376,0,2,1.0,closed,True,True
11000,170,52,0,4,4.0,closed,True,True
10999,31,9,2,0,0.0,closed,True,True
10998,1,2,0,0,0.0,closed,True,True
10997,181,185,2,0,0.0,closed,True,True
10996,3,2,0,0,0.0,closed,True,True
10995,43,251,0,5,5.0,closed,True,True
10994,179,184,0,0,0.0,closed,False,False
10993,5,2,0,0,0.0,closed,True,True
10992,75,7,0,0,0.0,closed,True,True
10991,1,1,0,0,0.0,closed,True,True
10990,174,181,0,0,0.0,closed,False,False
10989,2,2,0,0,0.0,closed,True,True
10988,26,27,0,0,0.0,closed,False,False
10987,18,17,0,0,0.0,closed,True,True
10986,21,23,0,0,0.0,closed,True,True
10985,69,21,0,0,0.0,closed,True,True
10984,11,11,0,0,0.0,closed,True,True
10983,16,15,1,1,1.0,closed,True,True
10979,22,19,0,0,0.0,closed,False,False
10977,12,9,0,0,0.0,closed,False,False
10975,61,37,0,0,0.0,closed,False,False
10974,55,36,0,2,2.0,closed,True,True
10973,73,23,0,2,1.0,closed,True,True
10972,13,0,1,1,0.5,closed,False,False
10970,9,9,1,0,0.0,closed,False,False
10969,76,6,1,0,0.0,closed,False,False
10968,5,3,2,0,0.0,closed,False,False
10967,54,9,0,1,1.0,closed,True,True
10964,35,11,0,1,1.0,closed,True,True
10963,732,606,0,3,1.5,closed,True,True
10962,7,6,0,0,0.0,closed,True,True
10961,15,5,0,2,1.0,closed,True,True
10960,42,16,0,0,0.0,closed,True,True
10959,67,118,0,0,0.0,closed,True,True
10958,326,1129,0,0,0.0,closed,True,True
10957,3,9,0,0,0.0,closed,True,True
10956,80,131,1,0,0.0,closed,True,True
10955,26,17,0,0,0.0,closed,True,True
10953,61,6,0,0,0.0,closed,True,True
10951,1,1,0,0,0.0,closed,False,False
10949,7,45,0,0,0.0,closed,True,True
10948,45,45,1,0,0.0,closed,False,False
10946,5,0,4,0,0.0,closed,False,False
10945,15,19,0,0,0.0,closed,True,True
10944,0,1,0,0,0.0,closed,True,True
10943,236,235,0,0,0.0,closed,True,True
10942,99,22,2,0,0.0,closed,True,True
10941,63,6,0,0,0.0,closed,True,True
10938,19,7,0,0,0.0,closed,True,True
10937,7,7,0,0,0.0,closed,True,True
10936,7,7,0,0,0.0,closed,True,True
10935,16,16,0,0,0.0,closed,True,True
10933,785,9,1,30,30.0,closed,True,True
10932,7,3,2,0,0.0,closed,False,False
10931,47,55,0,3,3.0,closed,False,False
10930,106,163,0,0,0.0,closed,True,True
10929,5,19,0,2,2.0,closed,True,True
10928,169,151,0,5,5.0,closed,True,True
10927,23,151,0,0,0.0,closed,True,True
10926,25,19,0,1,1.0,closed,True,True
10925,220,233,0,4,4.0,closed,True,True
10924,1,1,0,0,0.0,closed,True,True
10923,1,1,0,0,0.0,closed,True,True
10922,5,17,0,0,0.0,closed,True,True
10921,1,0,3,1,1.0,closed,False,False
10920,2,2,0,0,0.0,closed,True,True
10919,86,0,0,0,0.0,closed,True,True
10918,2199,9454,0,2,2.0,closed,True,True
10917,96,80,0,0,0.0,closed,True,True
10916,157,11,1,0,0.0,closed,False,False
10915,251,9,1,0,0.0,closed,False,False
10914,393,372,0,0,0.0,closed,True,True
10913,707,612,0,0,0.0,closed,True,True
10912,9,26,5,1,0.5,closed,True,True
10911,43,35,0,0,0.0,closed,True,True
10910,9,0,0,0,0.0,closed,True,True
10909,493,281,0,12,6.0,closed,False,False
10907,1525,1562,2,0,0.0,closed,True,True
10906,9,9,0,0,0.0,closed,True,True
10905,88,11,1,0,0.0,closed,False,False
10904,40,11,0,2,2.0,closed,True,True
10903,258,258,0,0,0.0,closed,True,True
10902,6,9,0,1,1.0,closed,True,True
10899,758,782,0,0,0.0,closed,False,False
10898,26,10,2,2,0.6666666666666666,closed,True,True
10897,56,19,3,0,0.0,closed,True,True
10896,40,37,0,1,1.0,closed,True,True
10895,49,15,0,2,1.0,closed,True,True
10894,23,11,1,0,0.0,closed,False,False
10893,27,20,0,0,0.0,closed,True,True
10890,252,81,2,0,0.0,closed,True,True
10889,1900,1665,6,39,39.0,closed,True,True
10888,67,88,0,6,6.0,closed,True,True
10887,15,5,0,1,1.0,closed,True,True
10886,9,9,0,0,0.0,closed,True,True
10881,305,333,0,0,0.0,closed,True,True
10880,1,0,0,1,0.5,closed,True,True
10879,244,73,0,2,1.0,closed,False,False
10878,36,10,0,2,2.0,closed,True,True
10876,3,3,0,0,0.0,closed,True,True
10875,7,7,0,0,0.0,closed,True,True
10874,12,12,1,0,0.0,closed,True,True
10873,9,9,2,0,0.0,closed,False,False
10872,1,1,0,0,0.0,closed,True,True
10865,280,35,0,0,0.0,closed,True,True
10864,9,9,1,0,0.0,closed,False,False
10862,24,96,1,5,2.5,closed,True,True
10861,5,9,2,0,0.0,closed,False,False
10860,364,18,0,18,18.0,closed,True,True
10859,104,536,0,0,0.0,closed,True,True
10857,38,4,0,0,0.0,closed,True,True
10856,3,5,0,0,0.0,closed,True,True
10854,12,12,0,0,0.0,closed,True,True
10851,10,10,0,0,0.0,closed,True,True
10850,97,175,0,0,0.0,closed,True,True
10849,199,20,0,3,1.5,closed,True,True
10848,8,0,0,0,0.0,closed,True,True
10847,11,0,0,0,0.0,closed,True,True
10846,22,28,0,0,0.0,closed,True,True
10845,4,1,0,1,0.5,closed,True,True
10844,88,11,1,0,0.0,closed,False,False
10843,157,11,1,0,0.0,closed,False,False
10841,31,2,0,0,0.0,closed,True,True
10839,59,59,0,0,0.0,closed,True,True
10837,1,1,0,0,0.0,closed,True,True
10835,328,271,0,0,0.0,closed,True,True
10834,42,23,0,8,8.0,closed,True,True
10833,89,313,1,5,5.0,closed,True,True
10832,112,106,0,0,0.0,closed,True,True
10831,251,9,1,0,0.0,closed,False,False
10830,381,543,1,17,17.0,closed,True,True
10828,10,48,0,0,0.0,closed,True,True
10827,8,152,0,0,0.0,closed,True,True
10826,120,44,0,1,1.0,closed,True,True
10823,10,3,0,0,0.0,closed,True,True
10820,11,11,0,0,0.0,closed,True,True
10819,44,7,0,9,4.5,closed,True,True
10818,74,7,0,0,0.0,closed,True,True
10817,8,4,0,0,0.0,closed,True,True
10816,42,28,0,0,0.0,closed,True,True
10815,183,185,0,0,0.0,closed,True,True
10814,4,6,0,0,0.0,closed,True,True
10812,38,0,0,1,1.0,closed,True,True
10811,9,9,2,0,0.0,closed,False,False
10810,188,111,2,26,13.0,closed,True,True
10809,102,5,0,5,5.0,closed,True,True
10808,78,284,0,2,2.0,closed,True,True
10807,251,416,0,6,6.0,closed,True,True
10806,605,642,3,6,6.0,closed,True,True
10805,15,9,0,0,0.0,closed,True,True
10804,78,9,0,0,0.0,closed,True,True
10803,212,53,0,17,17.0,closed,True,True
10802,98,4,0,0,0.0,closed,True,True
10800,27,95,0,0,0.0,closed,True,True
10799,241,72,0,0,0.0,closed,False,False
10798,214,22,0,2,2.0,closed,True,True
10797,434,16,0,0,0.0,closed,True,True
10796,131,175,0,0,0.0,closed,True,True
10795,18,0,0,0,0.0,closed,True,True
10794,24,126,0,0,0.0,closed,True,True
10793,288,139,0,7,2.3333333333333335,closed,True,True
10790,45,9,0,2,2.0,closed,True,True
10789,17,17,0,0,0.0,closed,True,True
10785,341,230,0,2,2.0,closed,True,True
10784,210,61,0,8,8.0,closed,True,True
10781,407,143,0,2,2.0,closed,True,True
10780,9,9,0,0,0.0,closed,True,True
10778,245,330,2,7,7.0,closed,True,True
10777,45,26,0,0,0.0,closed,True,True
10775,234,203,0,9,9.0,closed,True,True
10774,106,182,2,0,0.0,closed,True,True
10773,524,159,1,25,25.0,closed,True,True
10772,2,3,0,0,0.0,closed,True,True
10771,197,153,2,0,0.0,closed,True,True
10770,14,0,0,0,0.0,closed,False,False
10769,17,3,1,0,0.0,closed,True,True
10768,3,2,0,0,0.0,closed,True,True
10764,44,25,0,0,0.0,closed,False,False
10763,1572,884,0,0,0.0,closed,True,True
10762,8,8,0,0,0.0,closed,True,True
10761,120,317,0,0,0.0,closed,True,True
10760,1,1,0,0,0.0,closed,True,True
10759,15,15,0,0,0.0,closed,True,True
10756,113,41,0,0,0.0,closed,True,True
10755,0,18,0,0,0.0,closed,True,True
10754,19,21,0,0,0.0,closed,True,True
10753,83,12,0,0,0.0,closed,True,True
10752,6,12,0,0,0.0,closed,True,True
10751,29,48,0,0,0.0,closed,True,True
10750,294,309,0,0,0.0,closed,True,True
10749,2,1,0,0,0.0,closed,True,True
10748,71,72,0,1,1.0,closed,True,True
10745,15,5,0,0,0.0,closed,True,True
10742,43,2,0,1,1.0,closed,True,True
10741,90,0,0,6,6.0,closed,True,True
10739,413,9,6,0,0.0,closed,True,True
10738,208,46,3,0,0.0,closed,True,True
10737,25,1,0,1,0.5,closed,True,True
10735,12,11,0,0,0.0,closed,True,True
10732,16,1,2,0,0.0,closed,False,False
10731,167,9,1,0,0.0,closed,False,False
10730,1,1,0,0,0.0,closed,True,True
10726,74,6,0,13,13.0,closed,True,True
10725,19,5,0,0,0.0,closed,True,True
10723,30,6,0,0,0.0,closed,True,True
10721,44,21,3,0,0.0,closed,True,True
10720,136,48,0,0,0.0,closed,True,True
10719,59,45,1,0,0.0,closed,False,False
10718,86,11,1,0,0.0,closed,False,False
10717,5,5,1,0,0.0,closed,False,False
10716,59,13,1,0,0.0,closed,True,True
10712,46,0,0,2,1.0,closed,True,True
10711,72,64,0,0,0.0,closed,True,True
10710,146,63,0,0,0.0,closed,True,True
10709,34,3,0,0,0.0,closed,True,True
10708,2,2,0,0,0.0,closed,False,False
10707,167,9,1,0,0.0,closed,False,False
10705,1,1,0,0,0.0,closed,True,True
10704,1,1,2,0,0.0,closed,False,False
10703,112,8,0,0,0.0,closed,True,True
10702,28,10,0,3,3.0,closed,False,False
10701,86,11,1,0,0.0,closed,False,False
10700,23,23,1,0,0.0,closed,False,False
10699,1,1,0,0,0.0,closed,True,True
10694,98,130,0,0,0.0,closed,True,True
10692,1,5,1,0,0.0,closed,False,False
10691,167,9,1,0,0.0,closed,False,False
10689,322,14,2,39,39.0,closed,False,False
10688,39,7,0,0,0.0,closed,True,True
10687,27,8,0,0,0.0,closed,True,True
10686,8,3,0,0,0.0,closed,True,True
10685,10,0,0,0,0.0,closed,True,True
10683,334,331,0,0,0.0,closed,False,False
10682,5,2,0,0,0.0,closed,True,True
10681,79,26,4,0,0.0,closed,True,True
10680,41,12,2,0,0.0,closed,True,True
10679,23,23,1,0,0.0,closed,False,False
10678,86,11,1,0,0.0,closed,False,False
10677,2,1,0,0,0.0,closed,True,True
10676,32,1,0,0,0.0,closed,True,True
10675,504,209,0,0,0.0,closed,True,True
10674,7,0,0,0,0.0,closed,False,False
10673,1,1,1,0,0.0,closed,False,False
10672,63,6,0,6,6.0,closed,True,True
10671,50,48,0,0,0.0,closed,True,True
10670,12,12,0,0,0.0,closed,True,True
10668,19,10,0,0,0.0,closed,True,True
10667,2,0,3,1,1.0,closed,True,True
10665,77,68,0,0,0.0,closed,True,True
10664,1,1,0,0,0.0,closed,True,True
10663,23,23,1,0,0.0,closed,False,False
10660,73,1,0,15,15.0,closed,True,True
10659,252,92,0,3,3.0,closed,True,True
10658,1,1,0,0,0.0,closed,True,True
10657,167,9,1,0,0.0,closed,False,False
10653,17,15,1,0,0.0,closed,False,False
10651,284,214,0,9,3.0,closed,True,True
10650,56,5,0,1,1.0,closed,True,True
10649,11,3,0,0,0.0,closed,True,True
10648,86,11,1,0,0.0,closed,False,False
10645,1,1,2,0,0.0,closed,False,False
10644,2,3,2,0,0.0,closed,True,True
10642,125,59,0,0,0.0,closed,True,True
10640,26,12,1,0,0.0,closed,False,False
10638,168,60,0,0,0.0,closed,True,True
10635,58,8,0,0,0.0,closed,True,True
10634,80,41,0,2,2.0,closed,True,True
10632,289,27,0,7,1.75,closed,True,True
10631,38,10,0,0,0.0,closed,True,True
10630,252,57,0,3,3.0,closed,True,True
10629,76,30,0,6,6.0,closed,True,True
10628,44,44,0,0,0.0,closed,True,True
10625,52,36,0,0,0.0,closed,True,True
10624,24,32,0,0,0.0,closed,True,True
10622,19,13,2,0,0.0,closed,True,True
10621,234,116,0,1,0.3333333333333333,closed,True,True
10620,398,286,0,3,3.0,closed,True,True
10619,1,1,0,0,0.0,closed,True,True
10618,199,21,0,0,0.0,closed,True,True
10617,26,12,1,0,0.0,closed,False,False
10616,1150,975,0,0,0.0,closed,False,False
10615,169,68,0,2,1.0,closed,True,True
10611,14,62,0,0,0.0,closed,True,True
10610,88,21,1,0,0.0,closed,False,False
10609,251,19,1,0,0.0,closed,False,False
10608,2,1,0,0,0.0,closed,True,True
10607,1075,963,0,20,10.0,closed,True,True
10606,110,42,0,0,0.0,closed,False,False
10605,5,3,0,0,0.0,closed,True,True
10603,39,35,0,1,1.0,closed,True,True
10602,215,127,0,0,0.0,closed,True,True
10601,57,34,0,0,0.0,closed,True,True
10600,20,12,0,0,0.0,closed,True,True
10599,8,8,0,1,1.0,closed,False,False
10598,664,224,3,0,0.0,closed,True,True
10597,2,33,0,0,0.0,closed,True,True
10595,10,0,0,0,0.0,closed,True,True
10594,134,59,0,0,0.0,closed,True,True
10593,4,24,7,0,0.0,closed,True,True
10591,528,470,1,0,0.0,closed,True,True
10590,6,6,0,0,0.0,closed,True,True
10588,10,6,0,0,0.0,closed,True,True
10585,3,3,0,0,0.0,closed,True,True
10584,40,26,0,0,0.0,closed,True,True
10583,76,91,0,0,0.0,closed,True,True
10581,0,30,0,0,0.0,closed,True,True
10580,20,11,0,0,0.0,closed,True,True
10579,9,5,1,0,0.0,closed,False,False
10578,3,3,0,0,0.0,closed,True,True
10577,384,253,3,0,0.0,closed,True,True
10576,15,33,0,0,0.0,closed,True,True
10574,6,18,2,0,0.0,closed,True,True
10573,458,229,1,11,11.0,closed,True,True
10572,75,152,0,0,0.0,closed,True,True
10570,104,78,2,0,0.0,closed,True,True
10569,543,145,2,0,0.0,closed,True,True
10568,1,1,0,0,0.0,closed,True,True
10567,64,5,0,4,4.0,closed,True,True
10566,16,0,0,0,0.0,closed,False,False
10565,241,0,0,0,0.0,closed,True,True
10564,4,0,0,1,0.5,closed,True,True
10563,143,47,0,6,1.2,closed,True,True
10562,4,4,0,0,0.0,closed,True,True
10560,1,1,0,0,0.0,closed,True,True
10559,15,15,0,0,0.0,closed,True,True
10555,2559,942,3,1,0.25,closed,True,True
10554,104,78,0,0,0.0,closed,False,False
10553,32,10,0,0,0.0,closed,False,False
10552,2,0,2,4,1.0,closed,True,True
10551,2,2,0,0,0.0,closed,True,True
10550,40,19,3,0,0.0,closed,True,True
10549,1,1,8,0,0.0,closed,True,True
10548,141,585,6,0,0.0,closed,True,True
10544,22,0,0,0,0.0,closed,True,True
10543,8,4,0,0,0.0,closed,True,True
10542,1,1,0,0,0.0,closed,True,True
10541,72,72,0,0,0.0,closed,True,True
10539,23,23,0,0,0.0,closed,True,True
10538,9,9,1,0,0.0,closed,False,False
10537,12,12,2,0,0.0,closed,False,False
10536,17,72,0,0,0.0,closed,True,True
10535,12,1,0,0,0.0,closed,True,True
10531,1,0,0,0,0.0,closed,True,True
10530,73,73,0,0,0.0,closed,True,True
10529,1,1,0,0,0.0,closed,True,True
10528,1,1,0,0,0.0,closed,True,True
10522,0,4,3,0,0.0,closed,False,False
10521,57,19,3,0,0.0,closed,True,True
10520,6,0,0,0,0.0,closed,True,True
10519,86,11,1,0,0.0,closed,False,False
10518,249,9,1,0,0.0,closed,False,False
10515,125,31,0,3,1.5,closed,True,True
10514,1,1,0,0,0.0,closed,True,True
10512,10,1,1,0,0.0,closed,True,True
10503,28,15,0,0,0.0,closed,True,True
10502,25,23,0,0,0.0,closed,True,True
10501,17,17,0,0,0.0,closed,True,True
10500,16,0,0,0,0.0,closed,True,True
10498,12,6,0,0,0.0,closed,True,True
10497,38,10,2,0,0.0,closed,True,True
10496,63,71,1,0,0.0,closed,True,True
10495,282,1371,0,0,0.0,closed,True,True
10494,1,1,0,0,0.0,closed,True,True
10493,1,1,0,0,0.0,closed,True,True
10492,6,0,0,0,0.0,closed,True,True
10487,14,29,0,0,0.0,closed,True,True
10485,109,9,1,0,0.0,closed,False,False
10484,6,0,0,1,0.5,closed,True,True
10482,61,11,1,0,0.0,closed,False,False
10480,3,2,0,0,0.0,closed,True,True
10479,12,8,0,0,0.0,closed,True,True
10478,320,177,0,16,16.0,closed,True,True
10476,11,7,0,0,0.0,closed,True,True
10475,49,25,0,0,0.0,closed,True,True
10474,30,12,0,1,0.5,closed,True,True
10472,61,11,1,0,0.0,closed,False,False
10471,9,9,1,0,0.0,closed,False,False
10468,36,12,0,1,1.0,closed,True,True
10467,6,6,0,0,0.0,closed,True,True
10466,237,75,0,1,1.0,closed,True,True
10465,9,9,0,0,0.0,closed,True,True
10464,2,2,0,0,0.0,closed,True,True
10463,6,3,0,1,1.0,closed,True,True
10461,9,9,1,0,0.0,closed,False,False
10460,27,27,0,0,0.0,closed,True,True
10459,831,660,0,1,1.0,closed,True,True
10458,150,34,0,3,3.0,closed,True,True
10453,41,50,0,2,2.0,closed,True,True
10452,30,14,0,0,0.0,closed,True,True
10450,1,1,0,0,0.0,closed,True,True
10449,1,1,0,0,0.0,closed,True,True
10448,17,17,0,0,0.0,closed,True,True
10446,1,1,0,0,0.0,closed,True,True
10445,202,33,4,0,0.0,closed,True,True
10443,242,46,0,0,0.0,closed,True,True
10442,148,118,0,0,0.0,closed,True,True
10441,17,67,0,0,0.0,closed,True,True
10440,61,11,0,0,0.0,closed,True,True
10439,3,3,0,0,0.0,closed,True,True
10437,1,0,0,0,0.0,closed,False,False
10436,68,29,0,1,1.0,closed,True,True
10434,1,1,0,0,0.0,closed,True,True
10433,11,11,1,0,0.0,closed,True,True
10432,14,0,0,0,0.0,closed,True,True
10431,1360,1606,0,0,0.0,closed,True,True
10430,9,9,0,0,0.0,closed,True,True
10429,9,9,1,0,0.0,closed,False,False
