Login,Contributions,URL,Type,Site Admin
ezyang,3280,https://github.com/ezyang,User,False
pytorchmergebot,3019,https://github.com/pytorchmergebot,User,False
malfet,2307,https://github.com/malfet,User,False
zou3519,1731,https://github.com/zou3519,User,False
jerryzh168,1215,https://github.com/jerryzh168,User,False
soumith,1151,https://github.com/soumith,User,False
gchanan,1084,https://github.com/gchanan,User,False
peterbell10,890,https://github.com/peterbell10,User,False
apaszke,886,https://github.com/apaszke,User,False
cyyever,798,https://github.com/cyyever,User,False
suo,792,https://github.com/suo,User,False
Chillee,750,https://github.com/Chillee,User,False
zdevito,732,https://github.com/zdevito,User,False
rohan-varma,679,https://github.com/rohan-varma,User,False
anijain2305,637,https://github.com/anijain2305,User,False
colesbury,630,https://github.com/colesbury,User,False
janeyx99,611,https://github.com/janeyx99,User,False
albanD,592,https://github.com/albanD,User,False
awgu,548,https://github.com/awgu,User,False
jansel,545,https://github.com/jansel,User,False
smessmer,545,https://github.com/smessmer,User,False
swolchok,540,https://github.com/swolchok,User,False
desertfire,528,https://github.com/desertfire,User,False
kshitij12345,508,https://github.com/kshitij12345,User,False
huydhn,504,https://github.com/huydhn,User,False
Yangqing,498,https://github.com/Yangqing,User,False
vkuzo,485,https://github.com/vkuzo,User,False
bdhirsh,477,https://github.com/bdhirsh,User,False
wanchaol,457,https://github.com/wanchaol,User,False
ssnl,454,https://github.com/ssnl,User,False
BowenBao,439,https://github.com/BowenBao,User,False
zasdfgbnm,435,https://github.com/zasdfgbnm,User,False
clee2000,430,https://github.com/clee2000,User,False
eellison,421,https://github.com/eellison,User,False
mrshenli,411,https://github.com/mrshenli,User,False
pietern,391,https://github.com/pietern,User,False
seemethere,390,https://github.com/seemethere,User,False
r-barnes,383,https://github.com/r-barnes,User,False
bwasti,375,https://github.com/bwasti,User,False
houseroad,374,https://github.com/houseroad,User,False
lezcano,370,https://github.com/lezcano,User,False
bddppq,366,https://github.com/bddppq,User,False
angelayi,356,https://github.com/angelayi,User,False
soulitzer,356,https://github.com/soulitzer,User,False
wconstab,354,https://github.com/wconstab,User,False
mlazos,326,https://github.com/mlazos,User,False
yanboliang,325,https://github.com/yanboliang,User,False
peterjc123,323,https://github.com/peterjc123,User,False
goldsborough,312,https://github.com/goldsborough,User,False
xuhdev,309,https://github.com/xuhdev,User,False
tugsbayasgalan,303,https://github.com/tugsbayasgalan,User,False
drisspg,301,https://github.com/drisspg,User,False
jbschlosser,295,https://github.com/jbschlosser,User,False
onnxbot,292,https://github.com/onnxbot,User,False
davidberard98,290,https://github.com/davidberard98,User,False
eqy,279,https://github.com/eqy,User,False
atalman,279,https://github.com/atalman,User,False
williamwen42,271,https://github.com/williamwen42,User,False
Skylion007,269,https://github.com/Skylion007,User,False
Krovatkin,265,https://github.com/Krovatkin,User,False
XuehaiPan,264,https://github.com/XuehaiPan,User,False
bertmaher,249,https://github.com/bertmaher,User,False
supriyar,241,https://github.com/supriyar,User,False
jeffdaily,239,https://github.com/jeffdaily,User,False
pritamdamania,239,https://github.com/pritamdamania,User,False
mikaylagawarecki,237,https://github.com/mikaylagawarecki,User,False
fegin,236,https://github.com/fegin,User,False
IvanYashchuk,236,https://github.com/IvanYashchuk,User,False
lw,236,https://github.com/lw,User,False
IvanKobzarev,233,https://github.com/IvanKobzarev,User,False
XiaobingSuper,233,https://github.com/XiaobingSuper,User,False
ydwu4,228,https://github.com/ydwu4,User,False
pytorchupdatebot,223,https://github.com/pytorchupdatebot,User,False
oulgen,220,https://github.com/oulgen,User,False
anjali411,218,https://github.com/anjali411,User,False
jspark1105,217,https://github.com/jspark1105,User,False
kimishpatel,216,https://github.com/kimishpatel,User,False
kit1980,211,https://github.com/kit1980,User,False
leslie-fang-intel,206,https://github.com/leslie-fang-intel,User,False
wz337,205,https://github.com/wz337,User,False
killeent,204,https://github.com/killeent,User,False
zhxchen17,198,https://github.com/zhxchen17,User,False
kurtamohler,195,https://github.com/kurtamohler,User,False
ljk53,192,https://github.com/ljk53,User,False
kwen2501,189,https://github.com/kwen2501,User,False
pearu,189,https://github.com/pearu,User,False
shunting314,187,https://github.com/shunting314,User,False
justinchuby,187,https://github.com/justinchuby,User,False
aorenste,186,https://github.com/aorenste,User,False
vfdev-5,182,https://github.com/vfdev-5,User,False
bobrenjc93,180,https://github.com/bobrenjc93,User,False
voznesenskym,180,https://github.com/voznesenskym,User,False
H-Huang,179,https://github.com/H-Huang,User,False
vishwakftw,177,https://github.com/vishwakftw,User,False
t-vi,175,https://github.com/t-vi,User,False
z-a-f,171,https://github.com/z-a-f,User,False
jjsjann123,171,https://github.com/jjsjann123,User,False
fduwjj,171,https://github.com/fduwjj,User,False
mingzhe09088,169,https://github.com/mingzhe09088,User,False
masnesral,164,https://github.com/masnesral,User,False
yifuwang,163,https://github.com/yifuwang,User,False
xta0,163,https://github.com/xta0,User,False
yf225,162,https://github.com/yf225,User,False
nkaretnikov,161,https://github.com/nkaretnikov,User,False
cpuhrsch,161,https://github.com/cpuhrsch,User,False
titaiwangms,158,https://github.com/titaiwangms,User,False
pjh5,158,https://github.com/pjh5,User,False
VitalyFedyunin,154,https://github.com/VitalyFedyunin,User,False
xiaomengy,152,https://github.com/xiaomengy,User,False
pbelevich,150,https://github.com/pbelevich,User,False
samestep,148,https://github.com/samestep,User,False
ysiraichi,148,https://github.com/ysiraichi,User,False
qqaatw,148,https://github.com/qqaatw,User,False
SherlockNoMad,147,https://github.com/SherlockNoMad,User,False
ejguan,147,https://github.com/ejguan,User,False
facebook-github-bot,142,https://github.com/facebook-github-bot,User,False
andresy,140,https://github.com/andresy,User,False
pmeier,139,https://github.com/pmeier,User,False
guangyey,138,https://github.com/guangyey,User,False
navahgar,136,https://github.com/navahgar,User,False
xmfan,136,https://github.com/xmfan,User,False
nikitaved,136,https://github.com/nikitaved,User,False
dreiss,134,https://github.com/dreiss,User,False
orionr,131,https://github.com/orionr,User,False
avikchaudhuri,130,https://github.com/avikchaudhuri,User,False
ZainRizvi,130,https://github.com/ZainRizvi,User,False
zhaojuanmao,128,https://github.com/zhaojuanmao,User,False
xuhancn,121,https://github.com/xuhancn,User,False
mingfeima,121,https://github.com/mingfeima,User,False
guilhermeleobas,120,https://github.com/guilhermeleobas,User,False
int3,116,https://github.com/int3,User,False
osalpekar,113,https://github.com/osalpekar,User,False
xwang233,111,https://github.com/xwang233,User,False
SS-JIA,111,https://github.com/SS-JIA,User,False
crcrpar,110,https://github.com/crcrpar,User,False
NivekT,110,https://github.com/NivekT,User,False
CaoE,109,https://github.com/CaoE,User,False
yushangdi,109,https://github.com/yushangdi,User,False
chunyuan-w,106,https://github.com/chunyuan-w,User,False
jon-chuang,104,https://github.com/jon-chuang,User,False
xw285cornell,103,https://github.com/xw285cornell,User,False
andrewor14,103,https://github.com/andrewor14,User,False
isuruf,101,https://github.com/isuruf,User,False
lukeyeager,100,https://github.com/lukeyeager,User,False
jianyuh,99,https://github.com/jianyuh,User,False
linbinyu,99,https://github.com/linbinyu,User,False
HDCharles,97,https://github.com/HDCharles,User,False
XilunWu,96,https://github.com/XilunWu,User,False
anderspapitto,95,https://github.com/anderspapitto,User,False
gmagogsfm,93,https://github.com/gmagogsfm,User,False
FFFrog,93,https://github.com/FFFrog,User,False
heitorschueroff,92,https://github.com/heitorschueroff,User,False
pianpwk,90,https://github.com/pianpwk,User,False
laithsakka,89,https://github.com/laithsakka,User,False
salexspb,89,https://github.com/salexspb,User,False
dzdang,88,https://github.com/dzdang,User,False
cccclai,87,https://github.com/cccclai,User,False
slayton58,87,https://github.com/slayton58,User,False
neginraoof,87,https://github.com/neginraoof,User,False
842974287,86,https://github.com/842974287,User,False
jamesjwu,85,https://github.com/jamesjwu,User,False
Xia-Weiwen,85,https://github.com/Xia-Weiwen,User,False
jithunnair-amd,85,https://github.com/jithunnair-amd,User,False
PaliC,83,https://github.com/PaliC,User,False
dhruvbird,83,https://github.com/dhruvbird,User,False
d4l3k,83,https://github.com/d4l3k,User,False
xush6528,81,https://github.com/xush6528,User,False
jiayisunx,79,https://github.com/jiayisunx,User,False
Gamrix,79,https://github.com/Gamrix,User,False
StrongerXi,78,https://github.com/StrongerXi,User,False
iotamudelta,78,https://github.com/iotamudelta,User,False
iseeyuan,77,https://github.com/iseeyuan,User,False
kittipatv,76,https://github.com/kittipatv,User,False
clementfarabet,72,https://github.com/clementfarabet,User,False
etaf,71,https://github.com/etaf,User,False
harouwu,71,https://github.com/harouwu,User,False
EikanWang,71,https://github.com/EikanWang,User,False
andreaskoepf,70,https://github.com/andreaskoepf,User,False
teng-li,69,https://github.com/teng-li,User,False
koraykv,69,https://github.com/koraykv,User,False
AlekseiNikiforovIBM,67,https://github.com/AlekseiNikiforovIBM,User,False
ifedan,67,https://github.com/ifedan,User,False
Valentine233,66,https://github.com/Valentine233,User,False
kennyhorror,66,https://github.com/kennyhorror,User,False
nickgg,66,https://github.com/nickgg,User,False
mcarilli,66,https://github.com/mcarilli,User,False
jjlilley,65,https://github.com/jjlilley,User,False
izdeby,65,https://github.com/izdeby,User,False
khushi-411,65,https://github.com/khushi-411,User,False
cbalioglu,65,https://github.com/cbalioglu,User,False
kiszk,63,https://github.com/kiszk,User,False
thomasjpfan,63,https://github.com/thomasjpfan,User,False
fmassa,63,https://github.com/fmassa,User,False
raghuramank100,62,https://github.com/raghuramank100,User,False
Aidyn-A,61,https://github.com/Aidyn-A,User,False
DenisVieriu97,61,https://github.com/DenisVieriu97,User,False
razarmehr,61,https://github.com/razarmehr,User,False
migeed-z,60,https://github.com/migeed-z,User,False
aakhundov,60,https://github.com/aakhundov,User,False
d1jang,60,https://github.com/d1jang,User,False
sf-wind,60,https://github.com/sf-wind,User,False
rec,60,https://github.com/rec,User,False
VirrageS,59,https://github.com/VirrageS,User,False
aaronenyeshi,59,https://github.com/aaronenyeshi,User,False
shuqiangzhang,58,https://github.com/shuqiangzhang,User,False
dskhudia,57,https://github.com/dskhudia,User,False
driazati,57,https://github.com/driazati,User,False
zhuhaozhe,57,https://github.com/zhuhaozhe,User,False
salilsdesai,57,https://github.com/salilsdesai,User,False
aazzolini,57,https://github.com/aazzolini,User,False
JacobSzwejbka,57,https://github.com/JacobSzwejbka,User,False
huiguoo,57,https://github.com/huiguoo,User,False
ColinPeppler,57,https://github.com/ColinPeppler,User,False
amjames,56,https://github.com/amjames,User,False
yanbing-j,56,https://github.com/yanbing-j,User,False
BoyuanFeng,55,https://github.com/BoyuanFeng,User,False
Jokeren,55,https://github.com/Jokeren,User,False
kulinseth,55,https://github.com/kulinseth,User,False
mcr229,55,https://github.com/mcr229,User,False
sraikund16,55,https://github.com/sraikund16,User,False
mengluy0125,54,https://github.com/mengluy0125,User,False
qihqi,53,https://github.com/qihqi,User,False
xianjiec,53,https://github.com/xianjiec,User,False
LucasLLC,53,https://github.com/LucasLLC,User,False
lantiga,53,https://github.com/lantiga,User,False
ajyu,53,https://github.com/ajyu,User,False
Flamefire,53,https://github.com/Flamefire,User,False
shink,52,https://github.com/shink,User,False
larryliu0820,52,https://github.com/larryliu0820,User,False
dominikgrewe,52,https://github.com/dominikgrewe,User,False
c-p-i-o,52,https://github.com/c-p-i-o,User,False
csarofeen,51,https://github.com/csarofeen,User,False
mattip,51,https://github.com/mattip,User,False
nairbv,50,https://github.com/nairbv,User,False
sjeaugey,50,https://github.com/sjeaugey,User,False
benjaminglass1,49,https://github.com/benjaminglass1,User,False
chenyang78,48,https://github.com/chenyang78,User,False
Lilyjjo,47,https://github.com/Lilyjjo,User,False
vspenubarthi,47,https://github.com/vspenubarthi,User,False
krshrimali,47,https://github.com/krshrimali,User,False
jfix71,46,https://github.com/jfix71,User,False
jataylo,46,https://github.com/jataylo,User,False
chuanqi129,46,https://github.com/chuanqi129,User,False
jcaip,46,https://github.com/jcaip,User,False
viswanathgs,45,https://github.com/viswanathgs,User,False
duc0,45,https://github.com/duc0,User,False
lly-zero-one,44,https://github.com/lly-zero-one,User,False
csummersea,44,https://github.com/csummersea,User,False
zeshengzong,44,https://github.com/zeshengzong,User,False
aivanou,43,https://github.com/aivanou,User,False
ChunliF,43,https://github.com/ChunliF,User,False
fritzo,42,https://github.com/fritzo,User,False
rgommers,42,https://github.com/rgommers,User,False
chocjy,42,https://github.com/chocjy,User,False
c00w,41,https://github.com/c00w,User,False
mruberry,41,https://github.com/mruberry,User,False
Freey0,41,https://github.com/Freey0,User,False
dagitses,41,https://github.com/dagitses,User,False
alykhantejani,41,https://github.com/alykhantejani,User,False
muchulee8,41,https://github.com/muchulee8,User,False
jhcross,41,https://github.com/jhcross,User,False
nicholas-leonard,40,https://github.com/nicholas-leonard,User,False
syed-ahmed,40,https://github.com/syed-ahmed,User,False
dcci,39,https://github.com/dcci,User,False
iramazanli,39,https://github.com/iramazanli,User,False
xuzhao9,39,https://github.com/xuzhao9,User,False
li-roy,39,https://github.com/li-roy,User,False
andrewwdye,38,https://github.com/andrewwdye,User,False
Fuzzkatt,38,https://github.com/Fuzzkatt,User,False
min-jean-cho,37,https://github.com/min-jean-cho,User,False
adamlerer,37,https://github.com/adamlerer,User,False
kostmo,37,https://github.com/kostmo,User,False
digantdesai,37,https://github.com/digantdesai,User,False
zhouzhuojie,36,https://github.com/zhouzhuojie,User,False
weiyangfb,36,https://github.com/weiyangfb,User,False
gujinghui,36,https://github.com/gujinghui,User,False
szagoruyko,36,https://github.com/szagoruyko,User,False
v0dro,36,https://github.com/v0dro,User,False
definitelynotmcarilli,35,https://github.com/definitelynotmcarilli,User,False
zengk95,35,https://github.com/zengk95,User,False
ev-br,35,https://github.com/ev-br,User,False
imaginary-person,35,https://github.com/imaginary-person,User,False
alexsamardzic,34,https://github.com/alexsamardzic,User,False
xcheng16,34,https://github.com/xcheng16,User,False
henrylhtsang,34,https://github.com/henrylhtsang,User,False
ShawnZhong,33,https://github.com/ShawnZhong,User,False
macandro96,33,https://github.com/macandro96,User,False
pavithranrao,33,https://github.com/pavithranrao,User,False
manuelcandales,33,https://github.com/manuelcandales,User,False
george-qi,33,https://github.com/george-qi,User,False
wesolwsk,33,https://github.com/wesolwsk,User,False
mszhanyi,32,https://github.com/mszhanyi,User,False
ngimel,32,https://github.com/ngimel,User,False
jaglinux,32,https://github.com/jaglinux,User,False
simpkins,32,https://github.com/simpkins,User,False
zrphercule,32,https://github.com/zrphercule,User,False
AlnisM,31,https://github.com/AlnisM,User,False
kadeng,31,https://github.com/kadeng,User,False
venkatacrc,31,https://github.com/venkatacrc,User,False
JackCaoG,31,https://github.com/JackCaoG,User,False
rohithkrn,30,https://github.com/rohithkrn,User,False
wschin,30,https://github.com/wschin,User,False
sinhaanshul,30,https://github.com/sinhaanshul,User,False
DanilBaibak,29,https://github.com/DanilBaibak,User,False
blzheng,29,https://github.com/blzheng,User,False
tringwald,29,https://github.com/tringwald,User,False
msaroufim,29,https://github.com/msaroufim,User,False
zrphercule2,28,https://github.com/zrphercule2,User,False
tinglvv,28,https://github.com/tinglvv,User,False
weiwangmeta,28,https://github.com/weiwangmeta,User,False
EscapeZero,28,https://github.com/EscapeZero,User,False
jiashenC,28,https://github.com/jiashenC,User,False
jeanschmidt,28,https://github.com/jeanschmidt,User,False
asuhan,27,https://github.com/asuhan,User,False
RockingJavaBean,27,https://github.com/RockingJavaBean,User,False
nmacchioni,27,https://github.com/nmacchioni,User,False
ringohoffman,27,https://github.com/ringohoffman,User,False
Maratyszcza,27,https://github.com/Maratyszcza,User,False
KsenijaS,27,https://github.com/KsenijaS,User,False
asl3,26,https://github.com/asl3,User,False
lanpa,26,https://github.com/lanpa,User,False
izaitsevfb,26,https://github.com/izaitsevfb,User,False
hl475,26,https://github.com/hl475,User,False
garymm,26,https://github.com/garymm,User,False
1ntEgr8,26,https://github.com/1ntEgr8,User,False
benzyx,26,https://github.com/benzyx,User,False
agolynski,26,https://github.com/agolynski,User,False
ailzhang,25,https://github.com/ailzhang,User,False
akfidjeland,25,https://github.com/akfidjeland,User,False
antoniojkim,25,https://github.com/antoniojkim,User,False
kazhou,25,https://github.com/kazhou,User,False
