Login,Contributions,URL,Type,Site Admin,Account Age (days),Total PRs Submitted,Total PRs Merged,Total Issues Opened,Total Repositories Contributed To,Followers,Stars Received,Is Member of Organization
Trott,3134,https://github.com/Trott,User,False,5061,30,30,30,30,1435,7,False
ry,3021,https://github.com/ry,User,False,6227,30,30,30,30,32262,686,False
bnoordhuis,2289,https://github.com/bnoordhuis,User,False,5392,30,30,30,30,2623,169,False
isaacs,1655,https://github.com/isaacs,User,False,6131,30,30,30,30,15356,317,False
addaleax,1594,https://github.com/addaleax,User,False,4973,30,30,30,30,1897,33,False
targos,1215,https://github.com/targos,User,False,4536,30,30,30,30,782,1,False
cjihrig,1173,https://github.com/cjihrig,User,False,4513,30,30,30,30,951,41,False
jasnell,1054,https://github.com/jasnell,User,False,5238,30,30,30,30,1736,202,False
joyeecheung,1020,https://github.com/joyeecheung,User,False,4309,30,30,30,30,5581,218,False
BridgeAR,806,https://github.com/BridgeAR,User,False,3803,30,30,30,30,589,30,False
aduh95,794,https://github.com/aduh95,User,False,3440,0,0,0,30,277,34,False
indutny,779,https://github.com/indutny,User,False,5428,0,0,0,30,3516,1584,False
tniessen,730,https://github.com/tniessen,User,False,4437,0,0,0,30,317,85,False
nodejs-github-bot,681,https://github.com/nodejs-github-bot,User,False,3239,0,0,0,0,233,0,False
danbev,605,https://github.com/danbev,User,False,5244,0,0,0,30,502,3,False
piscisaureus,598,https://github.com/piscisaureus,User,False,5458,0,0,0,30,2283,17,False
mhdawson,404,https://github.com/mhdawson,User,False,3768,0,0,0,30,878,128,False
mscdex,374,https://github.com/mscdex,User,False,5844,30,30,30,30,1240,3824,False
rvagg,368,https://github.com/rvagg,User,False,5197,30,30,30,30,2517,894,False
trevnorris,365,https://github.com/trevnorris,User,False,5378,30,30,30,30,954,493,False
richardlau,364,https://github.com/richardlau,User,False,4174,30,30,30,30,231,6,False
sam-github,354,https://github.com/sam-github,User,False,6054,30,30,30,30,396,121,False
ronag,337,https://github.com/ronag,User,False,4443,30,30,30,30,405,1,False
tjfontaine,332,https://github.com/tjfontaine,User,False,5588,30,25,30,30,756,487,False
vsemozhetbyt,332,https://github.com/vsemozhetbyt,User,False,3695,30,30,30,7,156,6,False
anonrig,328,https://github.com/anonrig,User,False,4606,30,30,30,30,1798,142,False
lpinca,326,https://github.com/lpinca,User,False,4748,30,30,30,30,559,298,False
refack,326,https://github.com/refack,User,False,5720,0,0,0,30,265,9,False
RafaelGSS,321,https://github.com/RafaelGSS,User,False,2903,0,0,0,30,1262,161,False
MylesBorins,291,https://github.com/MylesBorins,User,False,5194,0,0,0,30,2637,23,False
legendecas,232,https://github.com/legendecas,User,False,3832,0,0,0,30,516,1,False
shigeki,221,https://github.com/shigeki,User,False,5029,0,0,0,30,268,192,False
apapirovski,220,https://github.com/apapirovski,User,False,6028,0,0,0,12,281,1,False
gengjiawen,213,https://github.com/gengjiawen,User,False,4367,0,0,0,30,335,9,False
panva,207,https://github.com/panva,User,False,5424,0,0,0,30,1429,12211,False
TooTallNate,197,https://github.com/TooTallNate,User,False,5793,30,30,30,30,6269,1055,False
marco-ippolito,179,https://github.com/marco-ippolito,User,False,2550,30,30,30,30,329,96,False
mcollina,169,https://github.com/mcollina,User,False,5854,30,30,30,30,9987,8809,False
RaisinTen,165,https://github.com/RaisinTen,User,False,2372,30,30,30,30,259,107,False
Fishrock123,165,https://github.com/Fishrock123,User,False,4887,30,30,30,30,665,146,False
evanlucas,159,https://github.com/evanlucas,User,False,5083,30,30,30,30,281,8,False
koichik,157,https://github.com/koichik,User,False,5308,30,30,21,3,206,537,False
MoLow,155,https://github.com/MoLow,User,False,3862,30,30,30,30,92,1,False
TimothyGu,154,https://github.com/TimothyGu,User,False,4721,30,30,30,30,1023,70,False
gabrielschulhof,154,https://github.com/gabrielschulhof,User,False,4936,30,30,30,30,111,25,False
thefourtheye,147,https://github.com/thefourtheye,User,False,5072,0,0,0,30,215,6,False
ofrobots,135,https://github.com/ofrobots,User,False,5772,0,0,0,30,309,4,False
guybedford,132,https://github.com/guybedford,User,False,5126,0,0,0,30,1834,46,False
codebytere,128,https://github.com/codebytere,User,False,4589,0,0,0,30,3688,637,False
felixge,124,https://github.com/felixge,User,False,6079,0,0,0,30,4094,226,False
santigimeno,124,https://github.com/santigimeno,User,False,4890,0,0,0,30,186,222,False
devsnek,123,https://github.com/devsnek,User,False,4110,0,0,0,30,959,36,False
benjamingr,115,https://github.com/benjamingr,User,False,4786,30,30,30,30,1017,73,False
LiviaMedeiros,115,https://github.com/LiviaMedeiros,User,False,1554,30,30,30,30,42,4,False
dependabot[bot],114,https://github.com/apps/dependabot,Bot,False,2132,30,30,0,0,0,0,False
deokjinkim,109,https://github.com/deokjinkim,User,False,4154,0,0,0,16,18,0,False
AndreasMadsen,105,https://github.com/AndreasMadsen,User,False,5190,0,0,0,30,671,261,False
juanarbol,104,https://github.com/juanarbol,User,False,3302,0,0,0,30,178,12,False
mmarchini,101,https://github.com/mmarchini,User,False,4336,0,0,0,30,318,25,False
theanarkh,96,https://github.com/theanarkh,User,False,3100,0,0,0,30,795,50,False
silverwind,95,https://github.com/silverwind,User,False,5664,0,0,0,30,608,14,False
eugeneo,91,https://github.com/eugeneo,User,False,5379,0,0,0,29,70,11,False
joaocgreis,89,https://github.com/joaocgreis,User,False,5615,0,0,0,30,124,4,False
BethGriggs,88,https://github.com/BethGriggs,User,False,3854,0,0,0,30,0,47,False
himself65,88,https://github.com/himself65,User,False,3458,0,0,0,30,5529,106,False
watilde,87,https://github.com/watilde,User,False,4666,0,0,0,30,719,16,False
lundibundi,86,https://github.com/lundibundi,User,False,3782,0,0,0,30,202,21,False
daeyeon,83,https://github.com/daeyeon,User,False,4024,0,0,0,16,52,10,False
ryzokuken,82,https://github.com/ryzokuken,User,False,3518,0,0,0,30,721,18,False
npm-robot,82,https://github.com/npm-robot,User,False,2812,0,0,0,0,15,0,False
zcbenz,78,https://github.com/zcbenz,User,False,5103,0,0,0,30,7497,385,False
bzoz,77,https://github.com/bzoz,User,False,3267,0,0,0,30,40,12,False
jbergstroem,76,https://github.com/jbergstroem,User,False,5520,0,0,0,30,229,9,False
VoltrexKeyva,75,https://github.com/VoltrexKeyva,User,False,1803,0,0,0,30,151,11,False
bcoe,74,https://github.com/bcoe,User,False,5492,0,0,0,30,1676,1209,False
maclover7,74,https://github.com/maclover7,User,False,4449,0,0,30,30,201,1,False
gibfahn,73,https://github.com/gibfahn,User,False,3375,30,30,30,30,329,65,False
GeoffreyBooth,73,https://github.com/GeoffreyBooth,User,False,5225,30,30,30,30,236,21,False
orangemocha,73,https://github.com/orangemocha,User,False,4695,30,24,30,16,148,2,False
JacksonTian,72,https://github.com/JacksonTian,User,False,5336,30,30,30,30,21251,1689,False
ruyadorno,72,https://github.com/ruyadorno,User,False,5455,30,30,30,30,852,45,False
avivkeller,72,https://github.com/avivkeller,User,False,2502,30,30,30,30,68,8,False
ZYSzys,71,https://github.com/ZYSzys,User,False,3022,0,0,0,30,239,1351,False
gireeshpunathil,69,https://github.com/gireeshpunathil,User,False,4044,0,0,0,30,237,0,False
cclauss,64,https://github.com/cclauss,User,False,4372,0,0,0,30,4462,27,False
srl295,62,https://github.com/srl295,User,False,4993,0,0,0,30,418,17,False
mmalecki,58,https://github.com/mmalecki,User,False,5075,0,0,0,30,602,110,False
Flarna,58,https://github.com/Flarna,User,False,3216,0,0,0,9,54,0,False
bengl,57,https://github.com/bengl,User,False,5679,0,0,0,30,277,108,False
yorkie,57,https://github.com/yorkie,User,False,4606,0,0,0,30,2607,15,False
dnlup,55,https://github.com/dnlup,User,False,3395,0,0,0,30,38,60,False
seishun,55,https://github.com/seishun,User,False,4930,30,30,30,30,195,1278,False
ChALkeR,54,https://github.com/ChALkeR,User,False,5375,30,30,30,30,628,1,False
ShogunPanda,53,https://github.com/ShogunPanda,User,False,5484,30,30,30,30,246,493,False
fhinkel,53,https://github.com/fhinkel,User,False,5706,30,30,30,30,1385,35,False
cola119,51,https://github.com/cola119,User,False,3067,30,30,30,30,62,20,False
bmeck,51,https://github.com/bmeck,User,False,5435,30,30,30,30,649,38,False
trivikr,51,https://github.com/trivikr,User,False,3370,30,30,30,30,471,6,False
edsadr,51,https://github.com/edsadr,User,False,4845,30,30,30,30,285,39,False
XadillaX,50,https://github.com/XadillaX,User,False,4470,30,30,30,30,3870,794,False
starkwang,49,https://github.com/starkwang,User,False,3659,30,30,21,30,1386,172,False
Qard,47,https://github.com/Qard,User,False,5477,0,0,0,30,453,19,False
vkurchatkin,46,https://github.com/vkurchatkin,User,False,4453,0,0,0,30,183,252,False
atlowChemi,45,https://github.com/atlowChemi,User,False,1697,0,0,0,16,42,28,False
miksago,45,https://github.com/miksago,User,False,3024,0,0,0,0,10,0,False
kvakil,44,https://github.com/kvakil,User,False,3055,0,0,0,30,63,256,False
danielleadams,43,https://github.com/danielleadams,User,False,4068,0,0,0,30,277,1,False
debadree25,43,https://github.com/debadree25,User,False,3150,30,30,12,30,121,14,False
hashseed,43,https://github.com/hashseed,User,False,4545,30,30,30,18,726,59,False
Linkgoron,42,https://github.com/Linkgoron,User,False,5038,30,19,5,14,20,1,False
Lxxyx,42,https://github.com/Lxxyx,User,False,3515,30,30,30,30,407,5,False
jakecastelli,40,https://github.com/jakecastelli,User,False,2491,30,30,30,30,52,7,False
chrisdickinson,40,https://github.com/chrisdickinson,User,False,5922,30,30,30,30,1236,1060,False
davidben,40,https://github.com/davidben,User,False,5681,30,30,30,30,226,104,False
nschonni,40,https://github.com/nschonni,User,False,4794,30,30,30,30,652,4,False
rluvaton,39,https://github.com/rluvaton,User,False,3317,30,30,30,30,137,28,False
F3n67u,39,https://github.com/F3n67u,User,False,3571,30,30,30,30,103,11,False
zkat,39,https://github.com/zkat,User,False,6055,0,0,0,30,4604,2715,False
StefanStojanovic,38,https://github.com/StefanStojanovic,User,False,3731,0,0,0,7,9,0,False
tflanagan,38,https://github.com/tflanagan,User,False,4159,0,0,0,30,35,92,False
brendanashworth,38,https://github.com/brendanashworth,User,False,4447,0,0,0,30,145,431,False
yashLadha,37,https://github.com/yashLadha,User,False,3251,0,0,0,30,177,15,False
Mesteery,37,https://github.com/Mesteery,User,False,2177,0,0,0,30,37,33,False
marsonya,37,https://github.com/marsonya,User,False,3344,0,0,0,30,52,19,False
reasonablytall,36,https://github.com/reasonablytall,User,False,4196,30,22,14,30,55,11,False
JakobJingleheimer,35,https://github.com/JakobJingleheimer,User,False,4450,30,30,30,30,72,17,False
saghul,35,https://github.com/saghul,User,False,5345,30,30,30,30,1829,377,False
thughes,35,https://github.com/thughes,User,False,5247,30,30,19,28,59,8,False
HarshithaKP,33,https://github.com/HarshithaKP,User,False,2368,30,7,4,18,51,0,False
hiroppy,31,https://github.com/hiroppy,User,False,4405,30,30,30,30,953,36,False
KhafraDev,30,https://github.com/KhafraDev,User,False,2363,30,30,30,30,86,15,False
kapouer,29,https://github.com/kapouer,User,False,5622,30,30,30,30,86,14,False
mikeal,29,https://github.com/mikeal,User,False,6204,30,30,30,30,4967,2295,False
PoojaDurgad,28,https://github.com/PoojaDurgad,User,False,1667,30,15,2,4,35,2,False
oyyd,28,https://github.com/oyyd,User,False,4122,0,0,0,30,350,902,False
rickyes,28,https://github.com/rickyes,User,False,3139,0,0,0,30,167,67,False
yosuke-furukawa,28,https://github.com/yosuke-furukawa,User,False,5150,0,0,0,30,565,92,False
Sebastien-Ahkrin,28,https://github.com/Sebastien-Ahkrin,User,False,2747,0,0,0,30,41,6,False
joshgav,28,https://github.com/joshgav,User,False,4296,0,0,0,30,186,7,False
puzpuzpuz,28,https://github.com/puzpuzpuz,User,False,2519,0,0,0,30,378,338,False
Leko,27,https://github.com/Leko,User,False,4755,0,0,0,30,162,133,False
AdamMajer,26,https://github.com/AdamMajer,User,False,4835,0,0,0,30,18,4,False
ExE-Boss,26,https://github.com/ExE-Boss,User,False,4353,30,30,30,30,99,23,False
othiym23,26,https://github.com/othiym23,User,False,5255,30,30,30,30,692,425,False
lance,26,https://github.com/lance,User,False,6071,30,30,30,30,165,10,False
pd4d10,26,https://github.com/pd4d10,User,False,3758,30,30,30,30,378,3609,False
H4ad,26,https://github.com/H4ad,User,False,3558,30,30,30,30,155,32,False
rexagod,26,https://github.com/rexagod,User,False,2654,30,30,30,30,120,14,False
jazelly,25,https://github.com/jazelly,User,False,2834,30,30,30,30,44,43,False
skomski,25,https://github.com/skomski,User,False,5543,30,26,30,30,80,48,False
rubys,25,https://github.com/rubys,User,False,6162,30,30,30,30,448,206,False
stefanmb,25,https://github.com/stefanmb,User,False,4776,30,30,16,21,36,2,False
meixg,25,https://github.com/meixg,User,False,3775,0,0,0,30,96,17,False
aqrln,24,https://github.com/aqrln,User,False,4246,0,0,0,30,332,36,False
HenryRawas,24,https://github.com/HenryRawas,User,False,4995,0,0,0,13,83,4,False
shama,24,https://github.com/shama,User,False,5712,0,0,0,30,1672,209,False
mithunsasidharan,24,https://github.com/mithunsasidharan,User,False,4896,0,0,0,30,52,47,False
pquerna,24,https://github.com/pquerna,User,False,5679,0,0,0,30,628,3201,False
creationix,24,https://github.com/creationix,User,False,5743,0,0,0,30,5161,306,False
antsmartian,23,https://github.com/antsmartian,User,False,4821,30,16,30,30,236,128,False
sreepurnajasti,23,https://github.com/sreepurnajasti,User,False,2952,26,2,6,23,17,0,False
pgriess,23,https://github.com/pgriess,User,False,5607,21,14,30,21,257,1753,False
ljharb,23,https://github.com/ljharb,User,False,5881,30,30,30,30,7315,66,False
claudiorodriguez,23,https://github.com/claudiorodriguez,User,False,4345,30,30,30,30,43,58,False
DerekNonGeneric,23,https://github.com/DerekNonGeneric,User,False,3264,30,30,30,30,64,14,False
italoacasas,23,https://github.com/italoacasas,User,False,4056,30,30,30,30,167,2,False
MrJithil,22,https://github.com/MrJithil,User,False,2897,30,30,28,30,12,1,False
JungMinu,22,https://github.com/JungMinu,User,False,4231,0,0,0,30,0,8,False
Ayase-252,22,https://github.com/Ayase-252,User,False,4069,30,30,30,30,119,31,False
Uzlopak,22,https://github.com/Uzlopak,User,False,4227,0,0,0,30,191,15,False
AshCripps,21,https://github.com/AshCripps,User,False,2879,0,0,0,13,42,5,False
kfarnung,21,https://github.com/kfarnung,User,False,4958,0,0,0,30,29,14,False
mathiasbynens,21,https://github.com/mathiasbynens,User,False,5763,0,0,0,30,12413,118,False
mranney,21,https://github.com/mranney,User,False,5470,0,0,0,9,587,350,False
princejwesley,21,https://github.com/princejwesley,User,False,4696,0,0,0,30,172,2991,False
tony-go,21,https://github.com/tony-go,User,False,3047,0,0,0,30,196,48,False
mafintosh,20,https://github.com/mafintosh,User,False,5287,0,0,0,30,6140,1903,False
jasongin,20,https://github.com/jasongin,User,False,3520,30,30,30,30,179,2940,False
DavidCai1111,20,https://github.com/DavidCai1111,User,False,4117,30,30,30,30,948,41,False
calvinmetcalf,20,https://github.com/calvinmetcalf,User,False,4873,30,30,30,30,772,26,False
rlidwka,20,https://github.com/rlidwka,User,False,4925,30,30,30,30,439,99,False
ErickWendel,19,https://github.com/ErickWendel,User,False,3880,30,30,30,30,10317,508,False
geek,19,https://github.com/geek,User,False,5237,30,30,30,30,519,5,False
not-an-aardvark,19,https://github.com/not-an-aardvark,User,False,3616,30,30,30,30,372,744,False
iarna,19,https://github.com/iarna,User,False,4932,30,30,30,30,957,291,False
pmarchini,19,https://github.com/pmarchini,User,False,2124,30,30,26,30,27,33,False
estliberitas,18,https://github.com/estliberitas,User,False,5143,30,30,30,11,60,31,False
Ethan-Arrowood,18,https://github.com/Ethan-Arrowood,User,False,3362,0,0,0,30,588,5,False
jkunkee,18,https://github.com/jkunkee,User,False,5095,0,0,0,30,18,7,False
rsms,18,https://github.com/rsms,User,False,5874,0,0,0,30,7366,1911,False
watson,18,https://github.com/watson,User,False,6118,0,0,0,30,1916,1365,False
devnexen,18,https://github.com/devnexen,User,False,4246,0,0,0,30,205,0,False
kuriyosh,18,https://github.com/kuriyosh,User,False,2854,0,0,0,30,22,2,False
mertcanaltin,17,https://github.com/mertcanaltin,User,False,2517,30,30,23,30,308,8,False
alexkozy,17,https://github.com/alexkozy,User,False,5248,30,30,30,30,434,17,False
pimterry,17,https://github.com/pimterry,User,False,4724,30,30,30,30,661,11,False
sblom,17,https://github.com/sblom,User,False,5952,30,30,30,30,92,42,False
lemire,17,https://github.com/lemire,User,False,5274,30,30,30,30,6853,286,False
rmg,17,https://github.com/rmg,User,False,6052,30,30,30,30,194,27,False
UlisesGascon,16,https://github.com/UlisesGascon,User,False,4219,30,30,30,30,1512,110,False
vmoroz,16,https://github.com/vmoroz,User,False,4938,30,30,30,22,53,3,False
trentm,16,https://github.com/trentm,User,False,5875,30,30,30,30,617,359,False
tricknotes,16,https://github.com/tricknotes,User,False,5376,30,30,30,30,275,6,False
mildsunrise,16,https://github.com/mildsunrise,User,False,4849,0,0,0,30,505,21,False
huseyinacacak-janea,16,https://github.com/huseyinacacak-janea,User,False,929,0,0,0,1,6,1,False
jkrems,16,https://github.com/jkrems,User,False,5144,0,0,0,30,202,59,False
fossamagna,16,https://github.com/fossamagna,User,False,4692,0,0,0,30,42,54,False
phillipj,16,https://github.com/phillipj,User,False,4826,0,0,0,30,88,317,False
waveto,16,https://github.com/waveto,User,False,5702,0,0,0,5,36,238,False
DrPizza,15,https://github.com/DrPizza,User,False,5365,0,0,0,28,53,178,False
rayw000,15,https://github.com/rayw000,User,False,1644,30,30,17,30,20,5,False
eljefedelrodeodeljefe,15,https://github.com/eljefedelrodeodeljefe,User,False,4352,30,30,30,30,92,12,False
tj,15,https://github.com/tj,User,False,5994,30,30,30,30,51013,15054,False
julianduque,15,https://github.com/julianduque,User,False,5054,30,30,30,30,1974,249,False
github-actions[bot],15,https://github.com/apps/github-actions,Bot,False,2392,30,30,30,0,0,0,False
abmusse,15,https://github.com/abmusse,User,False,2640,30,30,30,1,25,1,False
dnalborczyk,14,https://github.com/dnalborczyk,User,False,4463,30,30,30,30,36,6,False
yhwang,14,https://github.com/yhwang,User,False,4864,30,30,30,30,63,22,False
dmabupt,14,https://github.com/dmabupt,User,False,3891,30,23,8,17,16,1,False
