pr_number,lines_added,lines_deleted,comments,review_comments,avg_review_comments,state,merged,accepted
26145,17,80,0,0,0.0,open,False,False
26144,370,0,0,0,0.0,closed,False,False
26143,1,1,1,0,0.0,open,False,False
26142,1,0,0,0,0.0,open,False,False
26141,1,0,1,0,0.0,open,False,False
26139,19,0,0,0,0.0,closed,False,False
26138,18,0,0,0,0.0,closed,False,False
26137,26,0,0,0,0.0,closed,False,False
26136,17,0,0,0,0.0,closed,False,False
26135,24,21,2,0,0.0,closed,True,True
26134,3,0,1,0,0.0,closed,False,False
26133,3,0,3,0,0.0,closed,False,False
26132,1,1,4,0,0.0,closed,False,False
26131,3,0,1,0,0.0,closed,False,False
26124,1,0,7,0,0.0,closed,False,False
26123,113,0,1,0,0.0,closed,False,False
26122,1,0,0,0,0.0,closed,False,False
26121,5,5,0,0,0.0,closed,True,True
26120,3,3,0,0,0.0,closed,False,False
26119,3,3,0,0,0.0,closed,False,False
26118,4,1,1,0,0.0,closed,False,False
26117,1,1,0,0,0.0,closed,False,False
26116,2,0,0,0,0.0,closed,False,False
26115,0,0,11,0,0.0,closed,False,False
26114,1,1,4,0,0.0,closed,True,True
26113,2,1,6,0,0.0,closed,True,True
26112,1,1,3,0,0.0,closed,True,True
26111,32,0,10,0,0.0,closed,False,False
26110,14,0,12,0,0.0,closed,False,False
26109,1,0,1,0,0.0,closed,False,False
26108,1,1,37,0,0.0,closed,False,False
26107,5,0,0,0,0.0,closed,False,False
26106,0,1,35,0,0.0,closed,False,False
26105,1,1,38,0,0.0,closed,False,False
26104,8,0,7,0,0.0,closed,False,False
26103,1,1,4,0,0.0,closed,False,False
26102,1,1,4,0,0.0,closed,False,False
26101,1,1,369,0,0.0,closed,False,False
26100,1,0,0,0,0.0,closed,False,False
26099,2,0,4,0,0.0,closed,False,False
26098,2,0,0,0,0.0,closed,False,False
26097,4,0,3,0,0.0,closed,False,False
26096,1,0,3,0,0.0,closed,False,False
26095,10,0,0,0,0.0,closed,False,False
26094,1,0,1,0,0.0,closed,False,False
26093,0,0,0,0,0.0,closed,False,False
26092,1,0,5,0,0.0,closed,False,False
26091,1,0,1,0,0.0,closed,False,False
26090,1,0,0,0,0.0,closed,False,False
26089,1,0,0,0,0.0,closed,False,False
26088,1,0,0,0,0.0,closed,False,False
26087,9,10,0,0,0.0,closed,False,False
26086,2,0,1,0,0.0,closed,False,False
26085,2,0,4,0,0.0,closed,False,False
26084,2,0,0,0,0.0,closed,False,False
26083,3,0,0,0,0.0,closed,False,False
26082,1,0,0,0,0.0,closed,False,False
26081,2,0,0,0,0.0,closed,False,False
26080,1,0,0,0,0.0,closed,False,False
26079,1,0,9,1,1.0,closed,False,False
26078,48,4,1,0,0.0,closed,False,False
26077,6,6,1,0,0.0,closed,False,False
26076,6,6,0,0,0.0,closed,False,False
26075,21,21,0,0,0.0,closed,False,False
26074,53,53,0,0,0.0,closed,False,False
26073,406,406,0,0,0.0,closed,False,False
26072,7,5,0,0,0.0,closed,False,False
26071,70,69,7,0,0.0,closed,False,False
26069,1,1,0,0,0.0,closed,False,False
26068,1,0,4,3,1.0,closed,False,False
26067,1,0,8,0,0.0,closed,False,False
26066,24,25,1,0,0.0,closed,True,True
26065,1,1,0,0,0.0,closed,True,True
26064,7,7,0,0,0.0,closed,True,True
26063,102,0,0,0,0.0,closed,True,True
26062,5,0,9,0,0.0,closed,False,False
26061,13,0,0,0,0.0,closed,False,False
26060,1,0,1,0,0.0,closed,False,False
26059,1,0,0,0,0.0,closed,False,False
26058,1,0,0,0,0.0,closed,False,False
26057,2,2,0,0,0.0,closed,True,True
26056,1,0,0,0,0.0,closed,False,False
26055,5,5,0,0,0.0,closed,True,True
26054,0,0,0,0,0.0,closed,False,False
26053,1,1,2,0,0.0,closed,False,False
26052,2,2,0,0,0.0,closed,True,True
26051,1,0,0,0,0.0,closed,True,True
26050,2,0,17,0,0.0,closed,True,True
26049,1,0,1,0,0.0,closed,False,False
26048,1,0,1,0,0.0,closed,True,True
26047,1,0,1,0,0.0,closed,False,False
26046,1,1,52,0,0.0,closed,False,False
26045,1,0,1,0,0.0,closed,True,True
26044,1,1,50,0,0.0,closed,False,False
26043,2,2,2,0,0.0,closed,False,False
26042,1,1,1,0,0.0,closed,False,False
26041,1,0,0,0,0.0,closed,False,False
26040,1,0,1,0,0.0,closed,True,True
26039,1,0,0,0,0.0,closed,False,False
26038,4,0,0,0,0.0,closed,False,False
26037,1,1,8,0,0.0,closed,False,False
26035,1,0,1,0,0.0,closed,False,False
26034,6,0,3,0,0.0,closed,False,False
26033,1,0,0,0,0.0,closed,True,True
26032,5,0,0,0,0.0,closed,False,False
26031,3,0,9,0,0.0,closed,False,False
26029,0,2,20,0,0.0,closed,False,False
26028,1,0,0,0,0.0,closed,False,False
26027,1,0,0,0,0.0,closed,True,True
26026,1,1,4,0,0.0,closed,False,False
26025,1,0,1,0,0.0,closed,False,False
26024,0,1,18,0,0.0,closed,False,False
26023,1,0,23,0,0.0,closed,False,False
26022,1,0,6,0,0.0,closed,False,False
26021,0,1,2,0,0.0,closed,True,True
26020,1,0,0,0,0.0,closed,True,True
26019,1,0,12,0,0.0,closed,True,True
26018,0,0,4,0,0.0,closed,False,False
26017,1,0,3,0,0.0,closed,True,True
26016,2,2,1,0,0.0,closed,False,False
26015,5,0,73,0,0.0,closed,True,True
26014,1,0,0,0,0.0,closed,False,False
26013,1,0,4,0,0.0,closed,False,False
26012,1,1,4,1,1.0,closed,True,True
26011,1,0,3,0,0.0,closed,False,False
26010,1,0,3,0,0.0,closed,True,True
26009,1,1,0,0,0.0,closed,True,True
26008,1,0,2,0,0.0,closed,True,True
26007,1,0,1,0,0.0,closed,False,False
26006,1,0,0,0,0.0,closed,False,False
26005,1,0,0,0,0.0,closed,True,True
26004,2,0,1,0,0.0,closed,False,False
26003,0,0,15,0,0.0,closed,False,False
26000,1,0,0,0,0.0,closed,False,False
25999,1,0,2,0,0.0,closed,False,False
25998,0,0,4,0,0.0,closed,False,False
25997,0,0,0,0,0.0,closed,False,False
25996,1,1,1,0,0.0,closed,True,True
25995,0,1,0,0,0.0,closed,True,True
25994,2,0,74,0,0.0,closed,True,True
25993,21,0,33,0,0.0,closed,True,True
25992,338,218,6,0,0.0,closed,False,False
25991,1,1,18,0,0.0,closed,True,True
25990,95,0,413,18,1.8,closed,False,False
25989,1,1,1,0,0.0,closed,False,False
25988,0,0,24,0,0.0,closed,False,False
25987,1,1,1,0,0.0,closed,False,False
25986,1,0,0,0,0.0,closed,False,False
25985,0,0,10,0,0.0,closed,False,False
25984,1,0,2,0,0.0,closed,False,False
25983,2,0,0,0,0.0,closed,True,True
25982,1,0,6,0,0.0,closed,True,True
25981,1,0,4,0,0.0,closed,False,False
25980,1,0,1,1,0.5,closed,True,True
25979,1,0,0,1,0.3333333333333333,closed,True,True
25978,2,0,6,0,0.0,closed,True,True
25976,0,0,0,0,0.0,closed,False,False
25975,1,0,3,0,0.0,closed,True,True
25974,1,1,0,0,0.0,closed,True,True
25973,1,0,0,0,0.0,closed,True,True
25972,3,0,0,0,0.0,closed,False,False
25971,0,0,11,0,0.0,closed,False,False
25969,1,0,0,0,0.0,closed,False,False
25968,1,0,1,0,0.0,closed,True,True
25967,1,1,77,0,0.0,closed,False,False
25966,2,0,0,0,0.0,closed,False,False
25965,8,8,0,0,0.0,closed,True,True
25964,2,1,0,0,0.0,closed,True,True
25963,2,2,20,0,0.0,closed,False,False
25962,1,1,3,0,0.0,closed,False,False
25960,1,1,17,0,0.0,closed,False,False
25959,2,0,33,0,0.0,closed,False,False
25958,0,1,58,0,0.0,closed,False,False
25957,2,1,0,0,0.0,closed,False,False
25956,3,2,0,0,0.0,closed,False,False
25955,1,0,0,0,0.0,closed,False,False
25954,1,0,1,0,0.0,closed,False,False
25953,1,0,0,0,0.0,closed,False,False
25952,0,0,1,0,0.0,closed,False,False
25951,1,0,0,0,0.0,closed,False,False
25950,1,0,4,0,0.0,closed,True,True
25949,1,0,2,0,0.0,closed,False,False
25948,1,0,0,0,0.0,closed,False,False
25947,30,2,0,0,0.0,closed,False,False
25946,1,0,0,0,0.0,closed,True,True
25945,1,0,0,0,0.0,closed,False,False
25944,1,0,0,0,0.0,closed,False,False
25943,1,0,7,0,0.0,closed,False,False
25942,5,5,2,0,0.0,closed,True,True
25941,3,0,2,0,0.0,closed,False,False
25940,1,1,276,0,0.0,closed,False,False
25939,0,0,0,0,0.0,closed,False,False
25938,1,0,1,0,0.0,closed,True,True
25937,2,0,8,0,0.0,closed,False,False
25936,1,0,0,0,0.0,closed,False,False
25935,5,0,2,0,0.0,closed,False,False
25934,1,0,0,0,0.0,closed,False,False
25933,1,0,0,0,0.0,closed,True,True
25931,1,0,0,0,0.0,closed,False,False
25930,4,1,0,0,0.0,closed,False,False
25929,4,0,1,0,0.0,closed,True,True
25928,2,0,0,0,0.0,closed,True,True
25927,1,0,2,0,0.0,closed,False,False
25926,1,1,64,0,0.0,closed,False,False
25925,1,0,1,0,0.0,closed,True,True
25924,50,0,1,0,0.0,closed,True,True
25923,1,0,3,0,0.0,closed,True,True
25922,1,0,0,0,0.0,closed,True,True
25921,1,1,12,0,0.0,closed,True,True
25919,2,1,0,0,0.0,closed,False,False
25918,2,0,1,0,0.0,closed,False,False
25917,1,0,0,0,0.0,closed,True,True
25916,2,1,0,0,0.0,closed,False,False
25915,1,0,1,0,0.0,closed,True,True
25914,1,1,0,1,1.0,closed,True,True
25913,2,0,4,0,0.0,closed,True,True
25912,2,0,1,0,0.0,closed,False,False
25911,2,1,1,0,0.0,closed,False,False
25910,1,0,1,0,0.0,closed,False,False
25909,1,0,0,0,0.0,closed,True,True
25908,1,0,0,0,0.0,closed,True,True
25907,1,0,0,0,0.0,closed,False,False
25906,1,0,0,0,0.0,closed,True,True
25905,0,0,0,0,0.0,closed,False,False
25904,21,7,0,0,0.0,closed,True,True
25903,3,0,4,0,0.0,closed,True,True
25902,2,2,0,0,0.0,closed,True,True
25901,1,0,0,0,0.0,closed,False,False
25900,1,0,0,0,0.0,closed,False,False
25899,2,0,0,0,0.0,closed,False,False
25898,1,1,2,0,0.0,closed,False,False
25897,5,4,0,0,0.0,closed,False,False
25896,1,0,3,0,0.0,closed,True,True
25895,2,1,1,0,0.0,closed,False,False
25894,1,0,0,0,0.0,closed,True,True
25893,2,0,11,0,0.0,closed,True,True
25892,4,4,2,0,0.0,closed,True,True
25891,1,1,0,0,0.0,closed,True,True
25890,1,0,1,0,0.0,closed,False,False
25889,1,0,0,0,0.0,closed,True,True
25888,2,0,0,0,0.0,closed,False,False
25887,6,2,0,0,0.0,closed,False,False
25886,1,0,0,0,0.0,closed,False,False
25885,6,2,1,0,0.0,closed,False,False
25884,3,0,0,0,0.0,closed,False,False
25883,1,0,0,0,0.0,closed,True,True
25882,12,2,0,0,0.0,closed,True,True
25881,6,1,0,0,0.0,closed,True,True
25880,1,0,8,0,0.0,closed,True,True
25879,1,0,1,0,0.0,closed,False,False
25878,2,1,0,0,0.0,closed,True,True
25877,1,0,0,0,0.0,closed,False,False
25876,10,10,0,0,0.0,closed,False,False
25875,3,0,7,0,0.0,closed,True,True
25874,1,0,0,0,0.0,closed,True,True
25872,0,0,0,0,0.0,closed,True,True
25871,1,0,58,0,0.0,closed,False,False
25870,0,0,0,0,0.0,closed,False,False
25869,2,1,4,0,0.0,closed,True,True
25868,11,1,6,0,0.0,closed,True,True
25867,1,1,0,0,0.0,closed,False,False
25866,1,0,0,0,0.0,closed,False,False
25865,1,0,4,0,0.0,closed,True,True
25864,1,0,0,0,0.0,closed,False,False
25863,1,0,0,0,0.0,closed,False,False
25862,1,1,2,0,0.0,closed,False,False
25861,3,0,0,0,0.0,closed,True,True
25860,1,0,1,0,0.0,closed,False,False
25859,1,0,2,0,0.0,closed,True,True
25858,1,0,3,0,0.0,closed,False,False
25857,0,0,0,0,0.0,closed,False,False
25856,1,0,1,0,0.0,closed,True,True
25855,1,1,0,0,0.0,closed,True,True
25854,0,1,0,0,0.0,closed,True,True
25853,1,0,0,0,0.0,closed,True,True
25852,1,2,1,0,0.0,closed,True,True
25851,1,0,1,0,0.0,closed,True,True
25850,1,0,7,0,0.0,closed,True,True
25849,0,0,0,0,0.0,closed,False,False
25848,1,0,0,0,0.0,closed,True,True
25847,9,6,1,0,0.0,closed,True,True
25846,1,0,1,0,0.0,closed,True,True
25845,1,1,0,0,0.0,closed,True,True
25844,1,0,0,0,0.0,closed,True,True
25843,17,17,0,0,0.0,closed,True,True
25842,10,8,0,0,0.0,closed,True,True
25841,0,0,11,0,0.0,closed,True,True
25840,1,2,0,0,0.0,closed,True,True
25839,3,2,0,0,0.0,closed,True,True
25838,9,1,4,0,0.0,closed,True,True
25837,1,1,100,0,0.0,closed,False,False
25836,2,1,4,0,0.0,closed,True,True
25835,2,1,0,0,0.0,closed,False,False
25834,57,0,7,0,0.0,closed,False,False
25833,1,0,0,0,0.0,closed,True,True
25832,6,1,2,0,0.0,closed,True,True
25831,1,0,6,0,0.0,closed,False,False
25830,1,1,0,0,0.0,closed,True,True
25829,4,5,0,0,0.0,closed,True,True
25828,6,0,0,0,0.0,closed,True,True
25827,1,0,0,0,0.0,closed,True,True
25826,2,1,0,0,0.0,closed,False,False
25825,3,0,32,0,0.0,closed,False,False
25824,2,1,0,0,0.0,closed,True,True
25823,1,0,16,0,0.0,closed,False,False
25822,18,3,1,0,0.0,closed,False,False
25821,2,1,2,0,0.0,closed,True,True
25820,5,4,0,0,0.0,closed,True,True
25819,1,0,0,0,0.0,closed,False,False
25818,1,0,0,0,0.0,closed,True,True
25817,0,2,4,0,0.0,closed,False,False
25816,1,0,1,0,0.0,closed,True,True
25815,1,0,0,0,0.0,closed,True,True
25814,138,0,44,0,0.0,closed,False,False
25812,5,0,0,0,0.0,closed,True,True
25811,0,3,0,0,0.0,closed,True,True
25810,1,1,0,0,0.0,closed,False,False
25809,133,133,0,0,0.0,closed,True,True
25808,1,0,5,0,0.0,closed,False,False
25807,1,1,0,0,0.0,closed,True,True
25806,1,1,0,0,0.0,closed,True,True
25805,0,0,0,0,0.0,closed,True,True
25804,6,0,2,0,0.0,closed,True,True
25803,46,0,3,0,0.0,closed,False,False
25802,1,1,0,0,0.0,closed,True,True
25801,1,1,0,0,0.0,closed,True,True
25800,0,184,2,0,0.0,closed,False,False
25799,4,1,0,0,0.0,closed,True,True
25798,11,11,0,0,0.0,closed,True,True
25797,1,1,1,0,0.0,closed,True,True
25796,2,1,0,0,0.0,closed,True,True
25795,1,1,0,0,0.0,closed,False,False
25794,1,1,0,8,4.0,closed,True,True
25793,1,1,0,0,0.0,closed,True,True
25792,1,0,3,0,0.0,closed,True,True
25791,8,4,0,0,0.0,closed,True,True
25790,3,0,0,0,0.0,closed,False,False
25789,1,0,1,0,0.0,closed,True,True
25788,1,0,0,0,0.0,closed,True,True
25787,1,0,0,0,0.0,closed,True,True
25786,2,0,2,0,0.0,closed,True,True
25785,1,1,1,0,0.0,closed,False,False
25784,1,0,0,0,0.0,closed,True,True
25783,0,19198,0,0,0.0,closed,False,False
25782,2,0,0,0,0.0,closed,True,True
25781,1,1,0,0,0.0,closed,False,False
25780,1,0,1,0,0.0,closed,False,False
25779,1,0,0,0,0.0,closed,True,True
25778,7,2,2,0,0.0,closed,False,False
25777,1,1,0,0,0.0,closed,True,True
25776,2,0,41,0,0.0,closed,False,False
25775,1,0,0,0,0.0,closed,False,False
25774,1,2,0,0,0.0,closed,True,True
25773,2,2,0,0,0.0,closed,True,True
25772,1,0,0,0,0.0,closed,True,True
25771,0,1,3,0,0.0,closed,False,False
25770,1,0,0,0,0.0,closed,True,True
25769,1,0,1,0,0.0,closed,True,True
25768,99,0,0,0,0.0,closed,False,False
25767,1,0,0,0,0.0,closed,True,True
25766,0,0,0,0,0.0,closed,True,True
25765,1,1,0,0,0.0,closed,True,True
25764,2,0,3,0,0.0,closed,False,False
25763,1,0,0,0,0.0,closed,True,True
25762,4,0,7,0,0.0,closed,False,False
25761,25,0,3,0,0.0,closed,False,False
25760,2,0,2,0,0.0,closed,False,False
25759,1,0,0,0,0.0,closed,True,True
25758,99,0,0,0,0.0,closed,True,True
25757,2,2,0,0,0.0,closed,False,False
25756,1,1,0,0,0.0,closed,False,False
25755,1,0,0,0,0.0,closed,True,True
25754,1,1,0,0,0.0,closed,True,True
25753,1,0,3,0,0.0,closed,False,False
25752,1,0,1,0,0.0,closed,True,True
25751,5,1,3,0,0.0,closed,False,False
25750,1,0,4,0,0.0,closed,True,True
25749,36,3,0,0,0.0,closed,True,True
25748,1,0,0,1,1.0,closed,True,True
25747,1,0,0,0,0.0,closed,True,True
25746,1,0,1,0,0.0,closed,True,True
25745,2,1,1,0,0.0,closed,True,True
25744,1,1,0,0,0.0,closed,True,True
25743,58,47,0,0,0.0,closed,True,True
25742,1,0,1,0,0.0,closed,True,True
25741,1,1,0,0,0.0,closed,True,True
25740,1,1,0,0,0.0,closed,True,True
25739,3,0,2,0,0.0,closed,True,True
25738,1,0,0,0,0.0,closed,True,True
25737,56,58,0,0,0.0,closed,True,True
25736,3,3,0,0,0.0,closed,True,True
25735,1,0,1,0,0.0,closed,True,True
25734,1,1,1,0,0.0,closed,False,False
25733,1,0,0,0,0.0,closed,False,False
25732,4,4,0,0,0.0,closed,True,True
25731,1,1,0,0,0.0,closed,True,True
25730,1,1,0,0,0.0,closed,True,True
25729,1,1,0,0,0.0,closed,True,True
25728,2,0,0,0,0.0,closed,False,False
25727,1,0,0,0,0.0,closed,True,True
25726,0,1,0,0,0.0,closed,True,True
25725,6,6,2,0,0.0,closed,True,True
25724,1,0,0,0,0.0,closed,True,True
25723,1,0,0,0,0.0,closed,True,True
25722,1,0,0,0,0.0,closed,False,False
25721,5,0,2,0,0.0,closed,True,True
25720,1,1,1,0,0.0,closed,False,False
25719,2,0,2,0,0.0,closed,True,True
25718,48,0,10,0,0.0,closed,False,False
25717,3,0,5,0,0.0,closed,True,True
25716,1,1,0,0,0.0,closed,True,True
25715,2,2,0,0,0.0,closed,True,True
25714,1,0,0,0,0.0,closed,True,True
25713,2,2,0,0,0.0,closed,False,False
25712,28,1,0,0,0.0,closed,True,True
25711,0,3,0,0,0.0,closed,True,True
25710,1,1,0,0,0.0,closed,True,True
25709,3,0,0,0,0.0,closed,False,False
25708,2,0,0,0,0.0,closed,True,True
25707,1,1,0,0,0.0,closed,True,True
25706,2,0,0,0,0.0,closed,True,True
25705,1,1,0,0,0.0,closed,True,True
25704,2,1,0,0,0.0,closed,True,True
25703,2,1,0,0,0.0,closed,True,True
25702,9,9,0,0,0.0,closed,True,True
25701,3,2,1,0,0.0,closed,True,True
25700,3,2,0,0,0.0,closed,True,True
25699,1,0,0,0,0.0,closed,True,True
25698,1,0,0,0,0.0,closed,True,True
25697,0,6,6,0,0.0,closed,True,True
25696,3,1,41,0,0.0,closed,False,False
25695,78,0,0,0,0.0,closed,False,False
25694,9,0,0,0,0.0,closed,True,True
25693,1,0,1,0,0.0,closed,True,True
25692,3,0,0,0,0.0,closed,False,False
25691,1,0,0,0,0.0,closed,False,False
25690,28,0,29,0,0.0,closed,False,False
25689,1,0,1,0,0.0,closed,True,True
25688,1,0,2,0,0.0,closed,True,True
25687,1,0,0,0,0.0,closed,True,True
25686,3191,0,1,0,0.0,closed,True,True
25685,58,0,25,0,0.0,closed,False,False
25684,50,5,3,0,0.0,closed,False,False
25683,3434,124,16,0,0.0,closed,False,False
25682,13,0,21,0,0.0,closed,True,True
25681,0,2,0,0,0.0,closed,True,True
25680,3,2,0,0,0.0,closed,True,True
25679,2,0,0,0,0.0,closed,False,False
25678,6,0,0,0,0.0,closed,True,True
25677,5,0,238,1,1.0,closed,False,False
25676,3,3,0,0,0.0,closed,True,True
25675,1,0,0,0,0.0,closed,False,False
25674,14,1,9,0,0.0,closed,False,False
25673,50,5,6,0,0.0,closed,False,False
25672,0,1,0,0,0.0,closed,True,True
25671,1,0,6,0,0.0,closed,True,True
25670,1,0,2,0,0.0,closed,True,True
25669,1,0,0,0,0.0,closed,True,True
25668,90,0,6,0,0.0,closed,False,False
25667,2,0,9,0,0.0,closed,False,False
25666,49,0,3,0,0.0,closed,True,True
25665,15,0,5,0,0.0,closed,False,False
25664,2,1,0,0,0.0,closed,True,True
25663,1,0,2,0,0.0,closed,True,True
25662,0,0,1,0,0.0,closed,False,False
25661,1,0,0,0,0.0,closed,False,False
25660,1,0,0,0,0.0,closed,True,True
25659,3,2,0,0,0.0,closed,False,False
25658,4,0,0,0,0.0,closed,True,True
25657,223,0,8,0,0.0,closed,False,False
25656,1,0,0,0,0.0,closed,True,True
25655,31,19,0,0,0.0,closed,False,False
25654,1,0,0,0,0.0,closed,False,False
25653,0,0,0,0,0.0,closed,True,True
25652,4,0,1,0,0.0,closed,True,True
25651,1,0,1,0,0.0,closed,False,False
25650,2,1,0,0,0.0,closed,True,True
25649,1,0,1,1,0.5,closed,True,True
25648,50,5,14,0,0.0,closed,False,False
25647,1,1,0,0,0.0,closed,False,False
25646,6,6,0,0,0.0,closed,True,True
25645,1,0,1,0,0.0,closed,True,True
25644,14,1,1,0,0.0,closed,True,True
25643,1,0,0,0,0.0,closed,False,False
25642,28,0,7,0,0.0,closed,False,False
25641,2,0,1,0,0.0,closed,True,True
25640,7,7,0,0,0.0,closed,True,True
25639,3,0,1,0,0.0,closed,False,False
25638,5,0,1,0,0.0,closed,False,False
25637,9,0,1,0,0.0,closed,False,False
25636,2,3,0,0,0.0,closed,True,True
25635,1,1,0,0,0.0,closed,True,True
25634,1,1,0,0,0.0,closed,True,True
25633,4,0,0,0,0.0,closed,False,False
25632,10,0,0,0,0.0,closed,False,False
25631,2,2,0,0,0.0,closed,True,True
25630,2,2,0,0,0.0,closed,False,False
25629,2,1,0,0,0.0,closed,True,True
25628,4,0,6,0,0.0,closed,False,False
25627,3,0,0,0,0.0,closed,True,True
25626,2,0,0,0,0.0,closed,False,False
25625,1,0,0,0,0.0,closed,False,False
25624,0,0,1,0,0.0,closed,True,True
25623,1,1,1,0,0.0,closed,False,False
25622,1,0,0,0,0.0,closed,True,True
25621,1,0,0,0,0.0,closed,True,True
25620,1,1,0,0,0.0,closed,True,True
25619,2,0,28,0,0.0,closed,True,True
25618,106,103,9,0,0.0,closed,False,False
25617,103,105,2,0,0.0,closed,True,True
25615,88,98,0,0,0.0,closed,False,False
25614,1,1,0,1,0.5,closed,True,True
25613,1,0,0,0,0.0,closed,False,False
25612,1,1,0,0,0.0,closed,True,True
25611,9,0,0,0,0.0,closed,False,False
25610,5,2,0,0,0.0,closed,False,False
25609,1,1,0,0,0.0,closed,False,False
25608,0,2,2,0,0.0,closed,False,False
25607,1,0,15,0,0.0,closed,True,True
25606,1,0,0,0,0.0,closed,True,True
25605,2,0,0,0,0.0,closed,False,False
25604,2,0,0,0,0.0,closed,True,True
25603,8,8,5,0,0.0,closed,True,True
25602,8,8,0,0,0.0,closed,True,True
25601,2,1,0,0,0.0,closed,True,True
25600,5,0,29,0,0.0,closed,False,False
25599,2,0,0,0,0.0,closed,True,True
25598,3,0,2,0,0.0,closed,True,True
25597,2,1,0,0,0.0,closed,True,True
25596,0,1,2,0,0.0,closed,True,True
25595,1,0,13,0,0.0,closed,True,True
25594,3,2,5,0,0.0,closed,False,False
25593,0,1,0,0,0.0,closed,True,True
25592,1,0,0,0,0.0,closed,True,True
25591,1,0,0,0,0.0,closed,True,True
25590,1,1,0,0,0.0,closed,True,True
25589,2,4,0,0,0.0,closed,False,False
25588,1,0,0,0,0.0,closed,True,True
25587,0,1,43,0,0.0,closed,True,True
25586,1,1,1,0,0.0,closed,True,True
25585,0,0,0,0,0.0,closed,True,True
25584,1,1,0,0,0.0,closed,True,True
25583,1,1,10,0,0.0,closed,True,True
25582,2,1,2,0,0.0,closed,True,True
25581,1,0,1,0,0.0,closed,True,True
25580,1,1,1,0,0.0,closed,True,True
25579,76,0,78,2,1.0,closed,False,False
25578,1,0,0,0,0.0,closed,True,True
25577,1,1,1,0,0.0,closed,False,False
25576,0,0,3,0,0.0,closed,True,True
25575,1,1,0,0,0.0,closed,True,True
25574,2,0,0,0,0.0,closed,True,True
25573,1,0,10,0,0.0,closed,True,True
25572,1,1,0,0,0.0,closed,True,True
25571,5,0,7,0,0.0,closed,False,False
25570,14,14,0,0,0.0,closed,True,True
25569,2,0,3,0,0.0,closed,True,True
25568,1,0,1,0,0.0,closed,True,True
25567,1,0,0,0,0.0,closed,True,True
25566,3,0,10,0,0.0,closed,True,True
25565,95,0,1,0,0.0,closed,False,False
25564,2,0,10,0,0.0,closed,False,False
25563,1,0,12,0,0.0,closed,False,False
25562,53,0,1,0,0.0,closed,True,True
25561,2,3,2,1,0.5,closed,False,False
25560,3,3,0,0,0.0,closed,True,True
25559,5,0,0,0,0.0,closed,True,True
25558,1,0,0,0,0.0,closed,True,True
25557,1,0,4,0,0.0,closed,False,False
25556,1,1,6,0,0.0,closed,False,False
25555,1,0,0,0,0.0,closed,True,True
25554,1,1,0,0,0.0,closed,True,True
25553,0,0,0,0,0.0,closed,False,False
25552,127,127,0,0,0.0,closed,False,False
25551,2,0,0,0,0.0,closed,True,True
25550,2,0,0,0,0.0,closed,True,True
25549,11,1,2,0,0.0,closed,False,False
25548,1,1,3,0,0.0,closed,True,True
25547,1,0,0,0,0.0,closed,True,True
25546,3545,0,5,0,0.0,closed,False,False
25545,2,0,3,0,0.0,closed,True,True
25544,1,0,0,0,0.0,closed,True,True
25543,19,132,9,0,0.0,closed,False,False
25542,1,0,4,0,0.0,closed,True,True
25541,2,2,1,0,0.0,closed,False,False
25540,3,0,0,0,0.0,closed,False,False
25539,1,1,0,0,0.0,closed,True,True
25538,1,1,0,0,0.0,closed,True,True
25537,2,2,0,0,0.0,closed,True,True
25536,183,0,4,0,0.0,closed,True,True
25535,0,1,2,0,0.0,closed,False,False
25534,92,0,62,0,0.0,closed,False,False
25533,1,1,0,0,0.0,closed,True,True
25532,0,1,9,0,0.0,closed,False,False
25531,1,0,0,0,0.0,closed,True,True
25530,0,1,0,0,0.0,closed,True,True
25529,1,1,0,0,0.0,closed,True,True
25528,1,1,0,3,1.0,closed,True,True
25527,1,0,2,0,0.0,closed,True,True
25526,0,0,0,0,0.0,closed,False,False
25525,1,0,2,0,0.0,closed,True,True
25524,38,0,15,0,0.0,closed,False,False
25523,1,0,0,0,0.0,closed,True,True
25522,1,0,0,0,0.0,closed,True,True
25521,1,0,0,0,0.0,closed,True,True
25520,4,4,0,0,0.0,closed,True,True
25519,1,1,3,0,0.0,closed,True,True
25518,1,0,0,0,0.0,closed,True,True
25517,1,0,0,0,0.0,closed,True,True
25516,1,1,6,0,0.0,closed,True,True
25515,8,0,11,0,0.0,closed,False,False
25514,1,0,0,0,0.0,closed,True,True
25513,1,1,8,0,0.0,closed,True,True
25512,2,0,0,0,0.0,closed,True,True
25511,1,1,0,0,0.0,closed,True,True
25510,1,0,84,0,0.0,closed,False,False
25509,8,0,446,35,35.0,closed,False,False
25508,1,0,1,0,0.0,closed,False,False
25507,2,1,0,0,0.0,closed,True,True
25506,1,0,5,0,0.0,closed,False,False
25505,1,1,0,0,0.0,closed,True,True
25504,1,0,3,0,0.0,closed,True,True
25503,7,0,1,0,0.0,closed,False,False
25502,0,1,0,0,0.0,closed,True,True
25501,2,0,11,0,0.0,closed,True,True
25500,0,0,96,0,0.0,closed,False,False
25499,5,0,3,0,0.0,closed,False,False
25498,2,0,0,0,0.0,closed,True,True
25497,0,0,0,0,0.0,closed,True,True
25496,2,0,0,0,0.0,closed,True,True
25495,0,0,0,0,0.0,closed,False,False
25494,6,0,2,0,0.0,closed,True,True
25493,2,0,0,0,0.0,closed,True,True
25492,0,2,0,0,0.0,closed,True,True
25491,1,1,0,0,0.0,closed,True,True
25490,1,1,0,0,0.0,closed,True,True
25489,1,1,0,0,0.0,closed,True,True
25488,1,1,0,1,1.0,closed,False,False
25487,2,1,4,0,0.0,closed,False,False
25486,1,1,0,0,0.0,closed,True,True
25485,26,1,0,0,0.0,closed,False,False
25484,1,1,1,0,0.0,closed,False,False
25483,179,2,160,29,4.142857142857143,closed,False,False
25482,2,0,1,0,0.0,closed,True,True
25481,18,1,1,0,0.0,closed,True,True
25480,1,1,0,0,0.0,closed,True,True
25479,4,2,0,0,0.0,closed,False,False
25478,2,2,0,0,0.0,closed,True,True
25477,0,0,18,0,0.0,closed,True,True
25476,1,0,0,0,0.0,closed,True,True
25475,2,3,0,0,0.0,closed,True,True
25474,1,0,0,0,0.0,closed,True,True
25473,1,1,0,0,0.0,closed,True,True
25472,9,9,0,0,0.0,closed,True,True
25471,7,12,0,0,0.0,closed,True,True
25470,1,0,1,0,0.0,closed,False,False
25469,2,0,0,0,0.0,closed,False,False
25468,2,0,0,0,0.0,closed,True,True
25467,1,0,2,0,0.0,closed,True,True
25466,1,0,0,0,0.0,closed,True,True
25465,1,0,0,0,0.0,closed,True,True
25464,3,0,6,0,0.0,closed,False,False
25463,1,0,1,0,0.0,closed,True,True
25462,10,10,1,0,0.0,closed,False,False
25461,3,3,0,0,0.0,closed,True,True
25460,1,1,0,0,0.0,closed,True,True
25459,28,0,0,0,0.0,closed,True,True
25458,28,0,0,0,0.0,closed,True,True
25457,3,0,0,0,0.0,closed,True,True
25456,1,0,0,0,0.0,closed,True,True
25455,1,0,0,0,0.0,closed,True,True
25454,2,2,0,0,0.0,closed,True,True
25453,1,0,0,0,0.0,closed,True,True
25452,2,1,0,0,0.0,closed,True,True
25451,9,0,8,0,0.0,closed,False,False
25450,3,0,1,0,0.0,closed,False,False
25449,1,0,0,0,0.0,closed,True,True
25448,1,0,0,0,0.0,closed,True,True
25447,2,1,0,0,0.0,closed,True,True
25446,1,0,0,0,0.0,closed,True,True
25445,1,1,0,0,0.0,closed,True,True
25444,29,0,0,0,0.0,closed,False,False
25443,1,0,0,0,0.0,closed,False,False
25442,122,123,1,0,0.0,closed,True,True
25441,1,1,0,0,0.0,closed,True,True
25440,1,0,1,0,0.0,closed,False,False
25439,25,50,0,0,0.0,closed,True,True
25438,1,0,0,0,0.0,closed,True,True
25437,2,0,0,0,0.0,closed,True,True
25436,2,0,0,0,0.0,closed,True,True
25435,1,0,0,0,0.0,closed,True,True
25434,1,0,0,0,0.0,closed,True,True
25433,4,0,3,0,0.0,closed,False,False
25432,2,2,1,0,0.0,closed,True,True
25431,3,2,0,0,0.0,closed,True,True
25430,1,1,0,0,0.0,closed,False,False
25429,2,0,0,0,0.0,closed,True,True
25428,2,0,0,0,0.0,closed,False,False
25427,1,0,2,0,0.0,closed,True,True
25426,4,0,0,0,0.0,closed,True,True
25425,0,0,0,0,0.0,closed,True,True
25424,1,1,0,0,0.0,closed,False,False
25423,1,1,0,0,0.0,closed,False,False
25422,2,1,2,0,0.0,closed,True,True
25421,2,2,0,0,0.0,closed,True,True
25420,0,1,4,0,0.0,closed,True,True
25419,1,0,5,0,0.0,closed,True,True
25418,1,0,1,0,0.0,closed,False,False
25417,4,0,82,1,1.0,closed,False,False
25416,2,1,0,0,0.0,closed,True,True
25414,1,0,0,0,0.0,closed,True,True
25413,1,1,1,0,0.0,closed,False,False
25412,5,3,32,0,0.0,closed,True,True
25411,2,1,0,0,0.0,closed,True,True
25410,1,1,1,0,0.0,closed,False,False
25409,0,0,1,0,0.0,closed,True,True
25408,105,0,4,0,0.0,closed,False,False
25407,1,0,1,0,0.0,closed,True,True
25406,1,0,1,0,0.0,closed,False,False
25405,2,1,1,0,0.0,closed,False,False
25404,1,1,1,0,0.0,closed,False,False
25403,1,1,1,0,0.0,closed,False,False
25402,128,0,10,0,0.0,closed,False,False
25401,1,1,0,0,0.0,closed,False,False
25400,4,3,0,0,0.0,closed,False,False
25399,0,3,23,0,0.0,closed,True,True
25398,0,3,31,0,0.0,closed,True,True
25397,12,12,0,0,0.0,closed,True,True
25396,1,1,0,0,0.0,closed,False,False
25395,0,0,38,0,0.0,closed,False,False
25394,2,0,0,0,0.0,closed,True,True
25393,2,2,1,0,0.0,closed,False,False
25392,1,1,1,0,0.0,closed,False,False
25391,2,2,0,0,0.0,closed,True,True
25390,2,0,0,0,0.0,closed,True,True
25389,5,5,0,0,0.0,closed,False,False
25388,1,1,0,0,0.0,closed,True,True
25387,3,0,0,0,0.0,closed,True,True
25386,1,1,0,0,0.0,closed,True,True
25385,1,1,0,0,0.0,closed,True,True
25384,1,1,0,0,0.0,closed,True,True
25383,1,2,0,0,0.0,closed,True,True
25382,2,1,1,0,0.0,closed,True,True
25381,1,0,0,0,0.0,closed,True,True
25380,1,0,2,0,0.0,closed,True,True
25379,3,0,0,0,0.0,closed,True,True
25378,1,0,0,0,0.0,closed,True,True
25377,1,0,0,0,0.0,closed,True,True
25376,24,16,0,0,0.0,closed,True,True
25375,2,1,1,0,0.0,closed,False,False
25374,8,7,0,0,0.0,closed,True,True
25373,1,1,1,0,0.0,closed,True,True
25372,101,0,0,0,0.0,closed,True,True
25371,2,1,0,0,0.0,closed,True,True
25370,40,0,8,0,0.0,closed,True,True
25369,0,0,1,0,0.0,closed,True,True
25368,1,0,9,0,0.0,closed,True,True
25367,0,0,0,0,0.0,closed,False,False
25366,1,0,0,0,0.0,closed,True,True
25365,1,1,0,0,0.0,closed,True,True
25364,1,0,0,0,0.0,closed,True,True
25363,2,0,0,0,0.0,closed,False,False
25362,17,17,3,0,0.0,closed,False,False
25361,3,0,0,0,0.0,closed,False,False
25360,48,0,4,0,0.0,closed,True,True
25359,1,0,2,0,0.0,closed,True,True
25358,1,0,0,0,0.0,closed,True,True
25357,1,0,0,0,0.0,closed,True,True
25356,1,1,0,0,0.0,closed,True,True
25355,1,0,0,0,0.0,closed,False,False
25354,2,2,1,0,0.0,closed,True,True
25353,1,1,1,0,0.0,closed,False,False
25352,5,2,1,0,0.0,closed,True,True
25351,4,0,16,0,0.0,closed,False,False
25350,262,0,1,0,0.0,closed,False,False
25349,1,1,0,0,0.0,closed,True,True
25348,3,1,1,0,0.0,closed,False,False
25347,0,3,1,0,0.0,closed,False,False
25346,2,0,0,0,0.0,closed,True,True
25345,2,0,1,0,0.0,closed,True,True
25344,2,0,1,0,0.0,closed,False,False
25343,1,0,0,1,0.25,closed,True,True
25342,2,0,0,0,0.0,closed,True,True
25341,1,0,0,0,0.0,closed,True,True
25340,0,1,13,0,0.0,closed,False,False
25339,1,1,2,0,0.0,closed,True,True
25338,1,1,1,0,0.0,closed,False,False
25337,3,1,0,0,0.0,closed,True,True
25336,1,0,0,0,0.0,closed,True,True
25335,1,0,1,0,0.0,closed,False,False
25334,8,0,0,0,0.0,closed,True,True
25333,1,0,3,0,0.0,closed,True,True
25332,2,0,0,0,0.0,closed,True,True
25331,0,0,1,0,0.0,closed,False,False
25330,1,0,0,0,0.0,closed,True,True
25329,5,0,2,0,0.0,closed,False,False
25328,1,0,0,0,0.0,closed,False,False
25327,1,0,1,0,0.0,closed,False,False
25326,1,0,0,0,0.0,closed,False,False
25325,1,0,0,0,0.0,closed,True,True
25324,1,0,1,0,0.0,closed,False,False
25323,1,0,1,0,0.0,closed,False,False
25322,40,0,14,0,0.0,closed,True,True
25321,31,35,0,0,0.0,closed,False,False
25320,1,1,25,0,0.0,closed,False,False
25319,77,24,0,0,0.0,closed,True,True
25318,1,1,2,0,0.0,closed,False,False
25317,2,0,1,0,0.0,closed,True,True
25316,2,0,0,0,0.0,closed,True,True
25315,116,92,0,0,0.0,closed,False,False
25314,1,0,0,0,0.0,closed,True,True
25313,1,0,0,0,0.0,closed,True,True
25312,1,1,0,0,0.0,closed,True,True
25311,1,1,0,0,0.0,closed,True,True
25310,1,1,4,0,0.0,closed,True,True
25309,1,0,0,0,0.0,closed,True,True
25308,1,0,7,0,0.0,closed,True,True
25307,1,0,0,0,0.0,closed,True,True
25306,1,0,0,0,0.0,closed,True,True
25305,0,1,1,0,0.0,closed,False,False
25304,1,0,2,0,0.0,closed,True,True
25303,1,0,0,0,0.0,closed,False,False
25302,2,0,2,0,0.0,closed,False,False
25301,1,0,0,0,0.0,closed,True,True
25300,1,0,2,0,0.0,closed,False,False
25299,1,1,3,0,0.0,closed,False,False
25298,3,0,0,0,0.0,closed,True,True
25297,1,0,1,0,0.0,closed,True,True
25296,1,1,0,0,0.0,closed,True,True
25295,1,1,4,0,0.0,closed,False,False
25294,1,0,0,0,0.0,closed,False,False
25293,18,18,2,0,0.0,closed,True,True
25292,1,0,0,0,0.0,closed,True,True
25291,1,1,0,0,0.0,closed,True,True
25290,1,0,0,0,0.0,closed,True,True
25289,1,0,0,0,0.0,closed,True,True
25288,7,7,0,0,0.0,closed,False,False
25287,2,0,4,0,0.0,closed,False,False
25286,1,0,1,0,0.0,closed,False,False
25285,1,0,0,0,0.0,closed,True,True
25284,2,2,0,0,0.0,closed,True,True
25283,1,1,0,0,0.0,closed,True,True
25282,1,0,0,0,0.0,closed,True,True
25281,1,0,0,0,0.0,closed,True,True
25280,1,1,1,0,0.0,closed,True,True
25279,1,0,0,0,0.0,closed,True,True
25278,2,0,0,0,0.0,closed,True,True
25277,1,0,1,0,0.0,closed,True,True
25276,3,0,0,0,0.0,closed,True,True
25275,1,1,1,0,0.0,closed,False,False
25274,1,0,0,0,0.0,closed,False,False
25273,1,0,0,0,0.0,closed,True,True
25272,6,0,5,0,0.0,closed,False,False
25271,1,1,0,0,0.0,closed,False,False
25270,1,0,1,0,0.0,closed,True,True
25269,3,1,0,0,0.0,closed,True,True
25268,1,0,2,0,0.0,closed,True,True
25267,1,0,5,0,0.0,closed,False,False
25266,1,1,0,0,0.0,closed,False,False
25265,57,0,4,0,0.0,closed,True,True
25264,63,0,0,0,0.0,closed,False,False
25263,1,1,0,0,0.0,closed,True,True
25262,1,0,0,0,0.0,closed,True,True
25261,23,0,0,0,0.0,closed,True,True
25260,1,0,0,0,0.0,closed,True,True
25259,1,0,0,0,0.0,closed,True,True
25258,2,2,0,0,0.0,closed,True,True
25257,1,0,0,0,0.0,closed,True,True
25256,75,0,1,0,0.0,closed,True,True
25255,1,0,3,0,0.0,closed,False,False
25254,1,0,0,0,0.0,closed,True,True
25253,1,0,0,0,0.0,closed,True,True
25252,1,0,5,0,0.0,closed,False,False
25251,1,0,1,0,0.0,closed,True,True
25250,3,5,0,0,0.0,closed,True,True
25249,3,5,0,0,0.0,closed,False,False
25248,6,6,0,0,0.0,closed,True,True
25247,41,0,13,0,0.0,closed,False,False
25246,1,1,2,0,0.0,closed,True,True
25245,37,4,12,0,0.0,closed,True,True
25244,3,0,0,0,0.0,closed,True,True
25243,2,0,0,0,0.0,closed,True,True
25241,1,1,2,0,0.0,closed,True,True
25240,3,0,0,0,0.0,closed,True,True
25239,1,1,0,0,0.0,closed,True,True
25238,25,0,5,0,0.0,closed,False,False
25237,1,0,0,0,0.0,closed,True,True
25236,1,0,0,0,0.0,closed,True,True
25235,0,46,0,0,0.0,closed,False,False
25234,12,0,0,0,0.0,closed,False,False
25233,3,4,0,0,0.0,closed,True,True
25232,2,3,0,0,0.0,closed,False,False
25231,1,1,0,0,0.0,closed,False,False
25230,5,0,0,0,0.0,closed,True,True
25229,1,0,0,0,0.0,closed,True,True
25228,0,0,0,0,0.0,closed,True,True
25227,2,0,0,0,0.0,closed,True,True
25226,3,3,2,0,0.0,closed,True,True
25225,1,0,0,0,0.0,closed,True,True
25224,6,6,0,0,0.0,closed,True,True
25223,1,1,1,0,0.0,closed,True,True
25221,3,2,1,0,0.0,closed,True,True
25220,1,0,2,0,0.0,closed,False,False
25219,33,0,2,0,0.0,closed,True,True
25218,4,0,0,0,0.0,closed,True,True
25217,3,0,0,0,0.0,closed,True,True
25216,1,1,0,0,0.0,closed,True,True
25215,1,1,19,0,0.0,closed,True,True
25214,1,1,0,0,0.0,closed,False,False
25213,1,0,0,0,0.0,closed,True,True
25212,2,0,1,0,0.0,closed,False,False
25211,1,1,1,0,0.0,closed,False,False
25210,103,0,0,0,0.0,closed,True,True
25209,1,1,0,0,0.0,closed,False,False
25208,1,1,0,0,0.0,closed,False,False
25207,1,1,1,0,0.0,closed,False,False
25206,1,1,0,0,0.0,closed,False,False
25205,1,0,1,0,0.0,closed,True,True
25204,1,0,0,0,0.0,closed,False,False
25203,1,0,2,0,0.0,closed,True,True
25202,1,0,2,0,0.0,closed,True,True
25201,1,0,0,0,0.0,closed,True,True
25200,71,0,1,0,0.0,closed,True,True
25199,1,0,0,0,0.0,closed,True,True
25198,16,0,72,0,0.0,closed,False,False
25197,25,0,5,0,0.0,closed,True,True
25196,2,9,0,0,0.0,closed,True,True
25195,1,0,6,0,0.0,closed,False,False
25194,10,8,0,0,0.0,closed,False,False
25193,1,0,0,0,0.0,closed,True,True
25192,21,20,0,0,0.0,closed,True,True
25191,1,0,1,0,0.0,closed,False,False
25190,0,1,0,0,0.0,closed,True,True
25189,5,0,0,0,0.0,closed,True,True
25188,24,0,2,0,0.0,closed,True,True
25186,1,0,1,0,0.0,closed,True,True
25185,1,0,0,0,0.0,closed,True,True
25184,47,0,0,0,0.0,closed,False,False
25183,87,27,0,0,0.0,closed,True,True
25182,38,13,1,0,0.0,closed,True,True
25181,1,0,0,0,0.0,closed,False,False
25180,1,0,0,0,0.0,closed,False,False
25179,2,0,0,0,0.0,closed,True,True
25178,627,0,1,0,0.0,closed,True,True
25177,1,0,0,0,0.0,closed,True,True
25176,1,16,0,0,0.0,closed,False,False
25175,0,1,0,0,0.0,closed,True,True
25174,1,1,0,0,0.0,closed,True,True
25173,0,4,2,0,0.0,closed,False,False
25172,1,0,0,0,0.0,closed,True,True
25171,789,45,0,0,0.0,closed,False,False
25170,364,0,0,0,0.0,closed,False,False
25169,26,18,0,0,0.0,closed,True,True
25168,1,1,0,0,0.0,closed,True,True
25166,2,0,0,0,0.0,closed,True,True
25165,2,0,1,0,0.0,closed,False,False
25164,9,9,1,0,0.0,closed,True,True
25163,1,0,2,0,0.0,closed,False,False
25162,1,0,2,0,0.0,closed,True,True
25161,5,0,0,0,0.0,closed,False,False
25160,3,3,0,0,0.0,closed,True,True
25159,1,0,0,0,0.0,closed,True,True
25158,15,0,0,0,0.0,closed,True,True
25157,1,0,0,0,0.0,closed,True,True
25156,1,0,0,0,0.0,closed,True,True
25155,2,1,0,0,0.0,closed,False,False
25154,0,0,0,0,0.0,closed,True,True
25153,1,16,0,0,0.0,closed,False,False
25152,2,2,0,0,0.0,closed,False,False
25151,1,1,0,0,0.0,closed,True,True
25150,0,2,1,0,0.0,closed,True,True
25149,3654,0,0,0,0.0,closed,True,True
25148,1,1,0,0,0.0,closed,True,True
25147,0,0,0,0,0.0,closed,True,True
25146,1,1,0,0,0.0,closed,True,True
25145,1,0,1,0,0.0,closed,False,False
25144,1,0,1,0,0.0,closed,False,False
25143,1,1,0,0,0.0,closed,True,True
25142,2,2,0,0,0.0,closed,True,True
25141,1,1,0,0,0.0,closed,True,True
25140,2,0,10,0,0.0,closed,True,True
25139,70,24,0,0,0.0,closed,True,True
25138,1,0,0,0,0.0,closed,True,True
25137,2,2,0,0,0.0,closed,True,True
25136,16,0,2,0,0.0,closed,False,False
25135,1,0,4,0,0.0,closed,True,True
25133,1,0,1,0,0.0,closed,True,True
25132,1,0,1,0,0.0,closed,True,True
25131,0,1,1,0,0.0,closed,True,True
25130,2,1,0,0,0.0,closed,True,True
25129,1,1,0,0,0.0,closed,True,True
25128,2,0,0,0,0.0,closed,False,False
25127,3,3,0,0,0.0,closed,True,True
25125,42,0,7,0,0.0,closed,False,False
25124,2,3,1,0,0.0,closed,False,False
25123,1,1,0,0,0.0,closed,True,True
25122,1,1,0,0,0.0,closed,True,True
25121,1,1,1,0,0.0,closed,True,True
25120,6,1,1,0,0.0,closed,False,False
25119,1,0,1,0,0.0,closed,False,False
25118,0,0,0,0,0.0,closed,True,True
25117,155,179,0,0,0.0,closed,True,True
25116,2,0,2,0,0.0,closed,True,True
25115,7,6,0,0,0.0,closed,True,True
25114,1,1,0,0,0.0,closed,False,False
25113,2,0,4,0,0.0,closed,False,False
25112,2,0,2,0,0.0,closed,False,False
25111,1,1,0,0,0.0,closed,True,True
25110,1,1,0,0,0.0,closed,True,True
25109,1,0,1,0,0.0,closed,True,True
25108,5,0,0,0,0.0,closed,False,False
25107,1,6,0,0,0.0,closed,True,True
25106,24,0,1,0,0.0,closed,True,True
25105,1,0,0,0,0.0,closed,True,True
25104,10,0,17,0,0.0,closed,False,False
25103,3,1,0,0,0.0,closed,False,False
25102,1,0,0,0,0.0,closed,False,False
25101,9,9,0,0,0.0,closed,True,True
25100,29,0,0,0,0.0,closed,False,False
25099,2,2,0,0,0.0,closed,True,True
25098,0,0,3,0,0.0,closed,False,False
25097,4,3,0,0,0.0,closed,True,True
25096,1,1,5,0,0.0,closed,True,True
25095,3,0,7,0,0.0,closed,False,False
25094,0,1,18,0,0.0,closed,True,True
25093,0,10300,45,0,0.0,closed,False,False
25092,1,0,0,0,0.0,closed,False,False
25091,11,2,0,0,0.0,closed,True,True
25090,1,1,0,0,0.0,closed,True,True
25089,2,3,1,0,0.0,closed,False,False
25088,1,0,0,0,0.0,closed,True,True
25087,1,0,3,0,0.0,closed,True,True
25086,8,8,0,0,0.0,closed,True,True
25085,107,0,7,0,0.0,closed,False,False
25084,2,0,1,0,0.0,closed,True,True
25083,3,3,0,0,0.0,closed,False,False
25082,1,2,0,0,0.0,closed,False,False
25081,5,5,0,0,0.0,closed,True,True
25080,1,1,0,0,0.0,closed,True,True
25079,4,4,0,0,0.0,closed,True,True
25078,1,0,6,0,0.0,closed,False,False
25077,5,0,0,0,0.0,closed,False,False
25076,3,3,0,0,0.0,closed,True,True
25075,1,0,1,0,0.0,closed,False,False
25074,2,1,0,0,0.0,closed,True,True
25073,2,2,0,0,0.0,closed,True,True
25072,1,0,0,0,0.0,closed,True,True
25071,2,0,11,0,0.0,closed,True,True
25070,5,6,0,0,0.0,closed,True,True
25069,4,4,3,0,0.0,closed,False,False
25068,2,4,0,0,0.0,closed,True,True
25067,2,0,0,0,0.0,closed,True,True
25066,10,11,1,0,0.0,closed,True,True
25065,2,0,0,0,0.0,closed,False,False
25064,2,0,0,0,0.0,closed,True,True
25063,1,0,0,0,0.0,closed,True,True
25062,2,0,0,0,0.0,closed,True,True
25061,2,0,1,0,0.0,closed,False,False
25060,2,0,0,0,0.0,closed,False,False
25059,2,0,3,0,0.0,closed,True,True
25058,2,0,0,0,0.0,closed,True,True
25057,2,2,0,0,0.0,closed,True,True
25056,1,0,0,0,0.0,closed,False,False
25055,13,13,0,0,0.0,closed,True,True
25054,1,0,0,0,0.0,closed,True,True
25053,1,0,2,0,0.0,closed,True,True
25052,1,1,0,0,0.0,closed,True,True
25051,1,0,0,0,0.0,closed,True,True
25050,72,0,3,0,0.0,closed,False,False
25049,1,0,0,0,0.0,closed,True,True
25048,1,0,0,0,0.0,closed,True,True
25047,2,1,0,0,0.0,closed,True,True
25046,1,1,0,0,0.0,closed,True,True
25045,1,1,0,0,0.0,closed,False,False
25044,1,0,1,0,0.0,closed,False,False
25043,1,0,0,0,0.0,closed,False,False
25042,2,0,0,0,0.0,closed,True,True
25041,1,0,1,0,0.0,closed,False,False
25040,1,1,0,0,0.0,closed,False,False
25039,1,0,0,0,0.0,closed,False,False
25038,1,0,0,0,0.0,closed,True,True
25037,1,0,0,0,0.0,closed,True,True
25036,1,0,0,0,0.0,closed,True,True
25035,22,0,1,0,0.0,closed,False,False
25034,1,0,3,0,0.0,closed,False,False
25033,1,0,0,0,0.0,closed,True,True
25032,1,0,1,0,0.0,closed,True,True
25031,2,1,0,0,0.0,closed,False,False
25030,4,1,5,0,0.0,closed,False,False
25029,67,66,2,0,0.0,closed,False,False
25028,3,2,0,2,0.3333333333333333,closed,True,True
25027,1,0,1,0,0.0,closed,True,True
25026,1,0,0,0,0.0,closed,False,False
25025,1,0,0,0,0.0,closed,True,True
25024,3,3,3,0,0.0,closed,True,True
25023,0,1,0,0,0.0,closed,True,True
25022,2,1,6,0,0.0,closed,True,True
25021,25,27,0,1,0.3333333333333333,closed,False,False
25020,7,7,0,0,0.0,closed,True,True
25019,3,0,0,0,0.0,closed,True,True
25018,1,0,0,0,0.0,closed,False,False
25017,1,0,0,0,0.0,closed,False,False
25016,1,0,0,0,0.0,closed,False,False
25015,1,0,0,0,0.0,closed,True,True
25014,1,0,0,0,0.0,closed,True,True
25013,1,1,1,0,0.0,closed,True,True
25012,11,11,2,0,0.0,closed,False,False
25011,8,1,0,0,0.0,closed,True,True
25010,6,2,0,0,0.0,closed,True,True
25009,1,1,0,0,0.0,closed,True,True
25008,6,2,1,0,0.0,closed,False,False
25007,2,0,1,0,0.0,closed,False,False
25006,116,76,0,0,0.0,closed,True,True
25005,2,0,0,0,0.0,closed,True,True
25004,1,1,0,0,0.0,closed,False,False
25003,16,0,5,0,0.0,closed,False,False
25002,1,1,0,0,0.0,closed,True,True
25001,1,1,0,0,0.0,closed,False,False
25000,1,0,0,0,0.0,closed,True,True
24999,1,1,0,0,0.0,closed,True,True
24998,1,1,0,0,0.0,closed,True,True
24997,0,2,1,0,0.0,closed,True,True
24996,0,0,6,0,0.0,closed,True,True
24995,1,1,1,0,0.0,closed,True,True
24994,1,0,11,0,0.0,closed,False,False
24993,1,0,0,0,0.0,closed,False,False
24992,0,2,0,0,0.0,closed,True,True
24991,1,0,0,0,0.0,closed,True,True
24990,1,1,0,0,0.0,closed,True,True
24989,7,0,4,0,0.0,closed,False,False
24988,1,1,0,0,0.0,closed,True,True
24987,1,0,1,0,0.0,closed,True,True
24985,1,0,0,0,0.0,closed,True,True
24984,2,0,34,0,0.0,closed,False,False
24983,2,0,0,0,0.0,closed,False,False
24982,1,0,0,0,0.0,closed,False,False
24981,1,0,1,0,0.0,closed,False,False
24980,1,0,6,0,0.0,closed,False,False
24979,2,2,1,0,0.0,closed,True,True
24978,2,0,0,0,0.0,closed,True,True
24977,1,0,0,0,0.0,closed,True,True
24976,0,34,0,0,0.0,closed,False,False
24975,8,8,0,0,0.0,closed,True,True
24974,3,1,5,0,0.0,closed,True,True
24973,8,5,0,0,0.0,closed,False,False
24972,1,1,24,0,0.0,closed,False,False
24971,0,0,0,0,0.0,closed,True,True
24970,1,1,0,0,0.0,closed,True,True
24969,2,0,0,0,0.0,closed,False,False
24968,3,2,1,1,0.5,closed,False,False
24967,40,38,2,0,0.0,closed,True,True
24966,1,0,1,0,0.0,closed,False,False
24965,52,0,3,2,2.0,closed,False,False
24964,1,0,0,0,0.0,closed,False,False
24963,1,0,0,0,0.0,closed,True,True
24962,1,0,0,0,0.0,closed,False,False
24961,1,0,5,0,0.0,closed,False,False
24960,1,1,2,0,0.0,closed,True,True
24959,1,1,0,0,0.0,closed,True,True
24958,1,1,0,0,0.0,closed,True,True
24957,1,0,0,0,0.0,closed,True,True
24956,1,0,1,0,0.0,closed,True,True
24955,159,0,15,0,0.0,closed,False,False
24954,9,4,0,0,0.0,closed,False,False
24953,2,2,2,0,0.0,closed,True,True
24952,3,3,0,0,0.0,closed,True,True
24951,1,0,0,0,0.0,closed,True,True
24950,1,1,0,0,0.0,closed,True,True
24949,0,0,0,0,0.0,closed,True,True
24948,1,0,0,0,0.0,closed,True,True
24947,1,1,0,0,0.0,closed,True,True
24946,1,0,0,0,0.0,closed,True,True
24945,1,0,0,0,0.0,closed,True,True
24944,1,1,2,0,0.0,closed,False,False
24943,16,15,0,0,0.0,closed,True,True
24942,0,0,2,0,0.0,closed,True,True
24941,12,11,0,0,0.0,closed,True,True
24940,1,0,0,0,0.0,closed,True,True
24939,1,0,0,0,0.0,closed,True,True
24938,1,1,0,0,0.0,closed,False,False
24937,1,1,1,0,0.0,closed,True,True
24936,0,0,2,0,0.0,closed,False,False
24935,1,0,2,0,0.0,closed,False,False
24934,3,3,0,0,0.0,closed,True,True
24933,7,0,0,0,0.0,closed,True,True
24932,1,0,0,0,0.0,closed,True,True
24931,1,1,0,0,0.0,closed,True,True
24930,17,3,1,0,0.0,closed,False,False
24929,1,0,1,0,0.0,closed,True,True
24928,2,0,0,0,0.0,closed,True,True
24927,1,1,0,0,0.0,closed,True,True
24926,1,0,0,0,0.0,closed,True,True
24925,8,8,0,0,0.0,closed,True,True
24924,11,0,0,0,0.0,closed,False,False
24923,0,1,0,0,0.0,closed,True,True
24922,1,1,0,0,0.0,closed,False,False
24921,1,0,2,0,0.0,closed,False,False
24920,2,1,0,0,0.0,closed,True,True
24919,15,0,26,0,0.0,closed,False,False
24918,22,8,3,0,0.0,closed,True,True
24917,7,3,0,0,0.0,closed,True,True
24916,13,4,1,0,0.0,closed,False,False
24915,103,0,3,0,0.0,closed,True,True
24914,4,1,1,0,0.0,closed,True,True
24913,1,0,0,0,0.0,closed,True,True
24912,1,1,0,0,0.0,closed,True,True
24911,3,4,1,0,0.0,closed,True,True
24910,3,1,0,0,0.0,closed,True,True
24909,1,0,4,0,0.0,closed,True,True
24908,1,0,1,0,0.0,closed,True,True
24907,22,10,0,0,0.0,closed,False,False
24906,1,0,16,0,0.0,closed,False,False
24905,2,1,0,0,0.0,closed,True,True
24904,29,0,590,0,0.0,closed,False,False
24903,0,0,0,0,0.0,closed,True,True
24902,17,0,1,0,0.0,closed,False,False
24901,2,0,0,0,0.0,closed,True,True
24900,1,0,2,0,0.0,closed,True,True
24899,0,1,0,0,0.0,closed,True,True
24898,1,1,0,0,0.0,closed,True,True
24897,10,0,0,0,0.0,closed,True,True
24896,1,0,0,0,0.0,closed,True,True
24895,4,10,1,0,0.0,closed,False,False
24894,0,51,0,0,0.0,closed,True,True
24893,29,0,21,0,0.0,closed,False,False
24892,3,3,0,0,0.0,closed,True,True
24891,1,1,613,0,0.0,closed,False,False
24890,21,22,0,0,0.0,closed,True,True
24889,2,1,0,0,0.0,closed,True,True
24888,1,0,1,0,0.0,closed,True,True
24887,29,0,11,0,0.0,closed,False,False
24886,1,0,0,0,0.0,closed,True,True
24884,10,11,0,0,0.0,closed,False,False
24881,2,0,2,0,0.0,closed,True,True
24880,1,0,0,0,0.0,closed,True,True
24879,2,0,0,0,0.0,closed,True,True
24878,2,0,9,0,0.0,closed,False,False
24877,2,0,0,0,0.0,closed,False,False
24876,10,4,4,0,0.0,closed,False,False
24875,2,0,1,0,0.0,closed,True,True
24874,1,1,1,0,0.0,closed,True,True
24873,4,2,3,0,0.0,closed,False,False
24872,2,0,0,0,0.0,closed,True,True
24871,1,1,0,0,0.0,closed,True,True
24870,1,1,37,0,0.0,closed,False,False
24869,0,0,0,0,0.0,closed,False,False
24868,1,0,0,0,0.0,closed,True,True
24867,1,1,2,0,0.0,closed,True,True
24866,6,6,0,0,0.0,closed,True,True
24865,0,0,1,0,0.0,closed,True,True
24864,123,14,0,0,0.0,closed,True,True
24863,1,0,0,0,0.0,closed,True,True
24862,16,1,1,0,0.0,closed,True,True
24861,1,0,3,0,0.0,closed,True,True
24860,4,4,0,0,0.0,closed,True,True
24859,1,0,0,0,0.0,closed,False,False
24858,18,6,0,0,0.0,closed,True,True
24857,4,0,0,0,0.0,closed,False,False
24856,1,0,0,0,0.0,closed,True,True
24855,2,1,0,0,0.0,closed,True,True
24854,0,1,0,0,0.0,closed,True,True
24853,2,0,0,0,0.0,closed,True,True
24852,32,7,0,0,0.0,closed,True,True
24851,1,1,1,0,0.0,closed,False,False
24850,8,8,0,0,0.0,closed,True,True
24849,1,0,0,0,0.0,closed,True,True
24848,2,0,0,0,0.0,closed,True,True
24847,1,1,0,0,0.0,closed,True,True
24846,1,0,0,0,0.0,closed,True,True
24845,1,1,2,0,0.0,closed,True,True
24844,6,4,0,0,0.0,closed,True,True
24843,13,15,0,0,0.0,closed,True,True
24842,2,0,1,0,0.0,closed,False,False
24841,2,1,15,0,0.0,closed,False,False
24840,1,1,1,0,0.0,closed,False,False
24839,2,4,0,0,0.0,closed,True,True
24838,1,1,0,0,0.0,closed,True,True
24837,1,4,0,0,0.0,closed,False,False
24836,9,0,0,0,0.0,closed,True,True
24835,1,1,0,0,0.0,closed,True,True
24834,30,13,2,0,0.0,closed,True,True
24833,2,2,0,0,0.0,closed,False,False
24832,1,0,0,0,0.0,closed,True,True
24831,4,0,7,0,0.0,closed,False,False
24830,1,0,0,0,0.0,closed,True,True
24829,6,3,0,0,0.0,closed,True,True
24828,5,0,0,0,0.0,closed,True,True
24827,0,1,0,0,0.0,closed,True,True
24826,2,5,0,0,0.0,closed,True,True
24825,103,0,0,0,0.0,closed,True,True
24824,2,1,0,0,0.0,closed,False,False
24823,1,0,1,0,0.0,closed,False,False
24822,2,1,0,0,0.0,closed,False,False
24821,0,0,0,0,0.0,closed,False,False
24820,10,2,0,0,0.0,closed,True,True
24818,1,1,3,0,0.0,closed,False,False
24817,4,7,0,0,0.0,closed,True,True
24816,32,0,13,0,0.0,closed,True,True
24815,5,0,30,0,0.0,closed,True,True
24814,1,0,12,0,0.0,closed,False,False
24813,6,6,0,0,0.0,closed,True,True
24812,1,0,0,0,0.0,closed,True,True
24811,0,1,0,0,0.0,closed,True,True
24810,1,0,2,0,0.0,closed,True,True
24809,1,0,0,0,0.0,closed,True,True
24808,3,0,4,0,0.0,closed,False,False
24807,3,3,0,0,0.0,closed,True,True
24806,5,0,0,0,0.0,closed,False,False
24805,2,1,16,0,0.0,closed,True,True
24804,16,12,1,0,0.0,closed,True,True
24803,16,16,3,0,0.0,closed,True,True
24802,1,1,2,0,0.0,closed,False,False
24801,1,1,6,0,0.0,closed,False,False
24800,0,1,31,0,0.0,closed,False,False
24799,1,1,1,0,0.0,closed,True,True
24798,13,15,0,0,0.0,closed,True,True
24797,1,1,1,0,0.0,closed,False,False
24796,1,0,0,0,0.0,closed,True,True
24795,2,2,0,0,0.0,closed,True,True
24794,2,0,0,0,0.0,closed,True,True
24793,16,23,0,0,0.0,closed,True,True
24792,2,2,1,0,0.0,closed,False,False
24791,11,0,8,0,0.0,closed,False,False
24790,7,0,0,0,0.0,closed,False,False
24789,1,0,0,0,0.0,closed,True,True
24788,50,45,144,3,1.5,closed,False,False
24787,9,10,3,1,1.0,closed,True,True
24786,1,0,3,0,0.0,closed,True,True
24785,38,10,1,0,0.0,closed,False,False
24784,41,10,6,0,0.0,closed,True,True
24783,0,0,5,0,0.0,closed,False,False
24782,1,1,3,0,0.0,closed,False,False
24781,1,0,3,1,0.5,closed,True,True
24780,2,0,1,0,0.0,closed,False,False
24779,1,0,0,0,0.0,closed,True,True
24778,9,9,3,0,0.0,closed,False,False
24777,1,0,5,0,0.0,closed,False,False
24776,1,1,1,0,0.0,closed,True,True
24775,1,1,0,0,0.0,closed,True,True
24774,6,0,4,0,0.0,closed,False,False
24773,1,1,0,0,0.0,closed,False,False
24772,1,1,0,0,0.0,closed,True,True
24771,3,3,0,0,0.0,closed,False,False
24770,2,0,5,0,0.0,closed,True,True
24769,3,3,0,0,0.0,closed,True,True
24768,1,0,0,0,0.0,closed,True,True
24767,0,1,53,0,0.0,closed,False,False
24766,21,0,0,0,0.0,closed,True,True
24765,40,0,8,0,0.0,closed,False,False
24764,1,1,1,0,0.0,closed,False,False
24763,4,4,0,0,0.0,closed,True,True
24762,3,2,0,0,0.0,closed,True,True
24761,22,0,20,3,0.375,closed,True,True
24760,27,25,1,0,0.0,closed,False,False
24759,52,0,4,0,0.0,closed,True,True
24758,2,1,7,0,0.0,closed,False,False
24757,1,1,1,0,0.0,closed,False,False
24756,108,12,3,0,0.0,closed,False,False
24755,22,22,0,0,0.0,closed,True,True
24754,2,1,1,0,0.0,closed,True,True
24753,12,10,3,0,0.0,closed,True,True
24752,1,1,0,0,0.0,closed,True,True
24751,18,0,1,0,0.0,closed,False,False
24749,1,1,0,0,0.0,closed,True,True
24748,20,1,11,0,0.0,closed,False,False
24747,4,4,0,0,0.0,closed,False,False
24746,9,9,0,0,0.0,closed,True,True
24745,1,1,0,0,0.0,closed,True,True
24744,112,0,24,0,0.0,closed,False,False
24743,27,0,5,5,5.0,closed,True,True
24742,3,0,1,0,0.0,closed,False,False
24741,3635,0,0,0,0.0,closed,True,True
24740,10,10,0,0,0.0,closed,True,True
24739,8,2,1,1,0.3333333333333333,closed,True,True
24738,1,1,0,0,0.0,closed,True,True
24737,5,1,1,0,0.0,closed,True,True
24736,21,7,0,0,0.0,closed,True,True
24735,108,0,0,0,0.0,closed,True,True
24734,100,0,3,0,0.0,closed,False,False
24733,10,3,2,0,0.0,closed,False,False
24732,1,0,1,0,0.0,closed,False,False
24731,1,1,1,0,0.0,closed,False,False
24730,1,1,4,0,0.0,closed,False,False
24729,1,0,1,0,0.0,closed,True,True
24728,5,4,0,0,0.0,closed,True,True
24727,3,3,0,0,0.0,closed,True,True
24725,1,0,0,0,0.0,closed,True,True
24724,18,17,0,0,0.0,closed,False,False
24723,15,0,0,0,0.0,closed,False,False
24722,0,0,0,0,0.0,closed,False,False
24721,0,0,1,0,0.0,closed,False,False
24720,9,5,0,0,0.0,closed,True,True
24719,2,0,6,0,0.0,closed,False,False
24718,2,9,32,0,0.0,closed,False,False
24717,1,1,0,0,0.0,closed,True,True
24716,17,17,3,0,0.0,closed,True,True
24715,27,27,1,0,0.0,closed,False,False
24714,2,2,4,0,0.0,closed,False,False
24713,1,5,0,0,0.0,closed,False,False
24712,20,0,0,0,0.0,closed,False,False
24711,2,2,0,0,0.0,closed,True,True
24710,63,47,0,0,0.0,closed,True,True
24709,1,0,0,0,0.0,closed,False,False
24708,1,0,1,0,0.0,closed,False,False
24707,1,1,0,0,0.0,closed,True,True
24706,16,17,0,0,0.0,closed,True,True
24705,11,0,6,0,0.0,closed,False,False
24704,1,0,2,0,0.0,closed,False,False
24703,1,1,6,0,0.0,closed,False,False
24702,6,5,0,0,0.0,closed,True,True
24701,31,38,0,0,0.0,closed,True,True
24700,1,1,0,0,0.0,closed,True,True
24699,1,1,1,0,0.0,closed,True,True
24698,1,0,4,0,0.0,closed,False,False
24697,2,2,1,0,0.0,closed,True,True
24696,1,1,0,0,0.0,closed,True,True
24695,2,0,0,0,0.0,closed,False,False
24694,98,0,0,0,0.0,closed,True,True
24692,9,8,0,0,0.0,closed,True,True
24691,0,1,152,0,0.0,closed,False,False
24690,5,5,0,0,0.0,closed,True,True
24689,1,0,1,0,0.0,closed,False,False
24688,31,38,1,0,0.0,closed,False,False
24687,1,0,3,0,0.0,closed,False,False
24686,2,0,3,0,0.0,closed,True,True
24685,0,103,7,0,0.0,closed,True,True
24684,25,0,6,0,0.0,closed,False,False
24683,1,1,0,0,0.0,closed,True,True
24682,13,13,0,0,0.0,closed,True,True
24681,17,19,1,0,0.0,closed,False,False
24680,1,0,5,0,0.0,closed,True,True
24679,0,0,1,0,0.0,closed,False,False
24678,1,1,1,0,0.0,closed,True,True
24677,2,0,4,0,0.0,closed,True,True
24676,2,2,3,0,0.0,closed,True,True
24675,2,0,11,0,0.0,closed,True,True
24673,1,1,2,0,0.0,closed,False,False
24672,5,6,0,0,0.0,closed,True,True
24671,6,5,2,0,0.0,closed,False,False
24670,2,2,1,0,0.0,closed,True,True
24669,1,1,2,0,0.0,closed,True,True
24668,12,12,2,0,0.0,closed,False,False
24667,3,3,0,0,0.0,closed,True,True
24666,14,6,2,0,0.0,closed,False,False
24665,2,2,2,0,0.0,closed,True,True
24664,2,0,3,0,0.0,closed,True,True
24663,1,1,1,0,0.0,closed,True,True
24662,138,39,1,0,0.0,closed,True,True
24661,1,1,0,0,0.0,closed,True,True
24660,1,1,0,0,0.0,closed,True,True
24659,125,40,2,0,0.0,closed,False,False
24658,3,0,1,0,0.0,closed,False,False
24657,1,1,0,0,0.0,closed,True,True
24656,1,1,0,0,0.0,closed,False,False
24655,73,0,0,0,0.0,closed,True,True
24654,28,0,0,0,0.0,closed,True,True
24653,3,3,0,0,0.0,closed,True,True
24652,3,0,1,0,0.0,closed,True,True
24651,2,2,0,0,0.0,closed,True,True
24650,3,3,0,0,0.0,closed,True,True
24649,13,2,53,0,0.0,closed,False,False
24648,1,1,0,0,0.0,closed,True,True
24647,31,4,0,0,0.0,closed,True,True
24646,13,14,0,0,0.0,closed,False,False
24645,1,1,0,0,0.0,closed,True,True
24644,1,0,1,0,0.0,closed,True,True
24643,11,16,0,0,0.0,closed,False,False
24642,20,0,1,0,0.0,closed,False,False
24641,1,0,0,0,0.0,closed,True,True
24640,3,0,4,1,1.0,closed,False,False
24639,5,1,0,0,0.0,closed,True,True
24638,1,1,4,0,0.0,closed,False,False
24637,3,3,1,0,0.0,closed,False,False
24636,1,1,0,0,0.0,closed,False,False
24635,1,0,0,0,0.0,closed,True,True
24634,2,0,2,0,0.0,closed,False,False
24633,3701,1,2,0,0.0,closed,True,True
24632,5,0,1,0,0.0,closed,True,True
24631,48,122,28,0,0.0,closed,True,True
24630,1,1,1,0,0.0,closed,False,False
24629,0,0,0,0,0.0,closed,False,False
24628,73,6,0,0,0.0,closed,False,False
24627,2,0,0,0,0.0,closed,True,True
24626,5,1,0,0,0.0,closed,False,False
24625,10,9,0,0,0.0,closed,True,True
24624,6,6,2,0,0.0,closed,False,False
24623,0,59,2,0,0.0,closed,True,True
24622,2,1,0,0,0.0,closed,False,False
24621,86,0,3,0,0.0,closed,True,True
24619,9,2,2,0,0.0,closed,False,False
24618,20,20,1,0,0.0,closed,False,False
24617,10,10,0,0,0.0,closed,True,True
24616,1,1,4,0,0.0,closed,False,False
24615,86,98,2,0,0.0,closed,False,False
24614,15,0,2,0,0.0,closed,False,False
24613,21,21,0,0,0.0,closed,True,True
24612,1,1,0,0,0.0,closed,True,True
24611,5,5,8,0,0.0,closed,False,False
24610,1,1,0,0,0.0,closed,True,True
24609,108,0,8,0,0.0,closed,False,False
24608,10,9,0,0,0.0,closed,True,True
24607,41,0,3,0,0.0,closed,False,False
24606,1,1,0,0,0.0,closed,True,True
24605,2,0,0,0,0.0,closed,False,False
24604,43,0,2,0,0.0,closed,False,False
24603,2,0,0,0,0.0,closed,False,False
24602,106,0,1,0,0.0,closed,False,False
24601,2,2,0,0,0.0,closed,False,False
24600,7,0,4,0,0.0,closed,False,False
24599,8,8,0,0,0.0,closed,False,False
24598,2,2,3,0,0.0,closed,False,False
24597,59,0,2,0,0.0,closed,False,False
24596,60,0,3,0,0.0,closed,True,True
24595,1,1,1,0,0.0,closed,False,False
24594,0,1,0,0,0.0,closed,True,True
24593,2,0,0,0,0.0,closed,False,False
24592,2,1,1,0,0.0,closed,False,False
24591,3,3,0,0,0.0,closed,True,True
24590,2,0,10,0,0.0,closed,False,False
24589,2,2,1,0,0.0,closed,False,False
24588,0,1,0,0,0.0,closed,False,False
24587,7,7,0,0,0.0,closed,True,True
24586,6,2,8,0,0.0,closed,False,False
24585,105,0,2,0,0.0,closed,False,False
24584,7,0,2,0,0.0,closed,False,False
24583,1,0,42,0,0.0,closed,False,False
24582,1,0,3,0,0.0,closed,False,False
24581,0,2,8,0,0.0,closed,False,False
24580,4,0,0,0,0.0,closed,False,False
24579,2,2,0,0,0.0,closed,False,False
24578,3,4,2,0,0.0,closed,False,False
24577,1,0,11,0,0.0,closed,False,False
24576,5,5,0,0,0.0,closed,False,False
24575,0,0,7,0,0.0,closed,False,False
24574,1,0,2,0,0.0,closed,False,False
24573,2,1,0,0,0.0,closed,False,False
24572,2,0,1,0,0.0,closed,False,False
24571,1,0,1,0,0.0,closed,False,False
24570,2,2,2,0,0.0,closed,False,False
24569,2,2,1,0,0.0,closed,False,False
24568,1,1,0,0,0.0,closed,False,False
24567,1,0,1,0,0.0,closed,False,False
24566,78,0,0,0,0.0,closed,False,False
24565,65,6,8,0,0.0,closed,False,False
24564,1,0,37,0,0.0,closed,False,False
24563,21,0,160,0,0.0,closed,True,True
24562,1,0,9,0,0.0,closed,False,False
24561,1,0,7,0,0.0,closed,False,False
24560,172,0,2,0,0.0,closed,False,False
24559,1,1,4,0,0.0,closed,True,True
24558,9,9,4,0,0.0,closed,False,False
24557,9,0,8,0,0.0,closed,False,False
24556,2,0,52,0,0.0,closed,False,False
24555,1,0,177,0,0.0,closed,False,False
24554,3,1,20,0,0.0,closed,False,False
24503,20,0,47,0,0.0,closed,False,False
24421,2,0,20,0,0.0,closed,False,False
24108,1,1,2,0,0.0,closed,False,False
24076,1,0,0,0,0.0,closed,False,False
23807,1,0,2,0,0.0,closed,False,False
23746,72,0,8,0,0.0,closed,False,False
23715,2,2,32,0,0.0,closed,False,False
23615,5,5,1,0,0.0,closed,False,False
23504,1,1,0,0,0.0,closed,False,False
23415,7,0,59,0,0.0,closed,False,False
23396,1,1,1,0,0.0,closed,False,False
23379,5,0,10,2,2.0,closed,False,False
23321,1,0,0,0,0.0,closed,False,False
23279,79,7,1,0,0.0,closed,False,False
23242,1,1,0,0,0.0,closed,False,False
23236,47,0,0,0,0.0,closed,False,False
23219,5,5,0,0,0.0,closed,True,True
23212,1,1,0,0,0.0,closed,False,False
23204,133,0,1,1,1.0,closed,False,False
23151,2,0,6,0,0.0,closed,False,False
23137,1,1,0,0,0.0,closed,True,True
23098,5,0,0,0,0.0,closed,False,False
23062,1,1,0,0,0.0,closed,False,False
22914,75,0,0,0,0.0,closed,False,False
22892,59,0,0,0,0.0,closed,True,True
22872,1,1,0,0,0.0,closed,False,False
22853,2,0,0,0,0.0,closed,True,True
22781,1,0,0,0,0.0,closed,True,True
22724,7,7,0,0,0.0,closed,True,True
22656,1,1,0,0,0.0,closed,True,True
22633,172,0,1,0,0.0,closed,False,False
22580,4,4,0,0,0.0,closed,True,True
22565,4,0,1,0,0.0,closed,False,False
22550,3,0,0,0,0.0,closed,False,False
22512,3,2,1,0,0.0,closed,True,True
22505,1,1,0,0,0.0,closed,False,False
22470,1,1,0,0,0.0,closed,True,True
22430,1,0,6,0,0.0,closed,False,False
22405,8,0,1,0,0.0,closed,False,False
22354,1,1,0,0,0.0,closed,False,False
22348,1,1,1,0,0.0,closed,False,False
22301,3,62,6,0,0.0,closed,False,False
22044,2,0,26,0,0.0,closed,False,False
21932,6,0,5,1,0.5,closed,False,False
21879,102,0,5,0,0.0,closed,True,True
21865,1,0,0,0,0.0,closed,False,False
21840,1,1,3,0,0.0,closed,False,False
21630,2,0,1,0,0.0,closed,False,False
21610,6,6,0,0,0.0,closed,True,True
21415,64,0,0,3,0.75,closed,False,False
21369,1,0,12,0,0.0,closed,False,False
21257,2,0,0,0,0.0,closed,True,True
21256,17,0,16,0,0.0,closed,False,False
21181,6,6,0,0,0.0,closed,False,False
21160,2,2,0,0,0.0,closed,True,True
21120,22,21,0,0,0.0,closed,True,True
21004,2,2,0,0,0.0,closed,True,True
20962,1,1,0,0,0.0,closed,True,True
20855,1,1,2,0,0.0,closed,True,True
20851,19,1,0,0,0.0,closed,True,True
20837,1,1,0,0,0.0,closed,True,True
20800,3,3,0,0,0.0,closed,True,True
20619,2,0,7,0,0.0,closed,False,False
20611,15,0,0,0,0.0,closed,False,False
20556,3,3,0,0,0.0,closed,True,True
20535,2,1,0,0,0.0,closed,True,True
20516,11,8,0,0,0.0,closed,True,True
20504,10,3,0,0,0.0,closed,True,True
20487,98,0,0,0,0.0,closed,False,False
20471,1,1,0,0,0.0,closed,True,True
20431,1,1,0,0,0.0,closed,True,True
20386,3,3,0,0,0.0,closed,True,True
20371,98,0,2,0,0.0,closed,True,True
20349,118,0,0,0,0.0,closed,False,False
20311,2,2,0,1,0.16666666666666666,closed,True,True
20219,2,2,0,0,0.0,closed,True,True
20212,1,1,0,0,0.0,closed,True,True
20200,10,4,2,0,0.0,closed,False,False
20191,0,0,0,0,0.0,closed,False,False
20183,87,0,0,0,0.0,closed,False,False
20182,54,0,0,0,0.0,closed,True,True
20168,261,0,4,0,0.0,closed,False,False
20155,1,1,1,0,0.0,closed,False,False
20129,5,5,1,0,0.0,closed,True,True
20106,2,2,0,0,0.0,closed,True,True
20043,104,0,4,0,0.0,closed,False,False
20014,98,0,1,0,0.0,closed,False,False
20006,1,1,0,0,0.0,closed,True,True
20003,11,2,0,0,0.0,closed,False,False
19950,6,6,0,0,0.0,closed,True,True
19939,1,1,0,0,0.0,closed,True,True
19931,3,0,0,0,0.0,closed,True,True
19902,1,0,0,0,0.0,closed,False,False
19882,3,4,0,0,0.0,closed,True,True
19870,29,15,0,0,0.0,closed,False,False
19795,5,0,1,0,0.0,closed,False,False
19770,7,9,0,0,0.0,closed,True,True
19728,0,0,0,0,0.0,closed,False,False
19676,4,3,0,0,0.0,closed,True,True
19653,1,0,0,0,0.0,closed,False,False
19650,1,1,0,0,0.0,closed,False,False
19601,11,4,0,0,0.0,closed,False,False
19576,3,3,0,0,0.0,closed,True,True
19559,2,2,0,0,0.0,closed,False,False
19411,21,15,0,0,0.0,closed,True,True
19350,22,0,0,0,0.0,closed,True,True
19327,8,2,0,0,0.0,closed,True,True
19307,6,3,0,0,0.0,closed,False,False
19300,88,0,3,0,0.0,closed,False,False
19275,7,7,0,0,0.0,closed,True,True
19272,8,8,0,0,0.0,closed,False,False
19269,1,0,0,0,0.0,closed,False,False
19250,1,0,0,0,0.0,closed,True,True
19215,58,0,0,0,0.0,closed,False,False
19194,1,0,1,0,0.0,closed,False,False
19103,2,2,0,0,0.0,closed,True,True
19044,7,0,1,0,0.0,closed,False,False
18941,1,1,0,0,0.0,closed,False,False
18897,1,1,0,0,0.0,closed,False,False
18870,9,7,0,0,0.0,closed,True,True
18848,65,35,0,0,0.0,closed,True,True
18824,19,0,0,0,0.0,closed,False,False
18784,9,11,0,0,0.0,closed,True,True
18727,3,0,0,0,0.0,closed,True,True
18713,21,0,3,0,0.0,closed,False,False
18698,1,1,0,0,0.0,closed,True,True
18662,2,0,0,0,0.0,closed,False,False
18653,1,1,0,0,0.0,closed,True,True
18629,1,1,0,0,0.0,closed,True,True
18576,3,3,0,0,0.0,closed,True,True
18558,1,1,0,0,0.0,closed,True,True
18536,5,0,1,0,0.0,closed,False,False
18479,55,0,0,0,0.0,closed,False,False
18465,58,0,6,0,0.0,closed,True,True
18423,58,0,0,0,0.0,closed,False,False
18210,58,0,0,0,0.0,closed,False,False
18126,3,1,1,0,0.0,closed,False,False
17903,63,41,3,0,0.0,closed,False,False
17852,1,1,0,0,0.0,closed,False,False
17673,3,1,1,0,0.0,closed,False,False
17537,1,3,0,0,0.0,closed,True,True
17467,62,0,4,0,0.0,closed,False,False
17421,1,1,0,0,0.0,closed,True,True
17370,0,1,1,0,0.0,closed,True,True
17338,47,0,15,1,0.25,closed,True,True
17298,5,5,1,0,0.0,closed,False,False
17257,9,11,0,0,0.0,closed,True,True
17178,1,1,0,0,0.0,closed,True,True
17154,13,2,1,0,0.0,closed,True,True
17097,1,1,0,0,0.0,closed,False,False
17044,10,9,0,0,0.0,closed,True,True
17034,8,7,0,0,0.0,closed,True,True
17032,59,0,0,0,0.0,closed,False,False
17030,53,0,0,0,0.0,closed,False,False
17027,53,0,0,0,0.0,closed,False,False
17026,4,4,0,0,0.0,closed,True,True
17007,47,0,0,0,0.0,closed,True,True
17001,5,0,1,1,0.16666666666666666,closed,True,True
16994,21,0,67,0,0.0,closed,False,False
16978,1,1,1,0,0.0,closed,False,False
16964,35,25,0,0,0.0,closed,True,True
16950,0,2,1,0,0.0,closed,False,False
16948,8,2,0,0,0.0,closed,False,False
16941,2,2,0,0,0.0,closed,True,True
16930,1,1,1,0,0.0,closed,True,True
16924,6,6,0,0,0.0,closed,False,False
16914,13,7,0,0,0.0,closed,True,True
16913,1,1,0,0,0.0,closed,True,True
16904,2,3,0,0,0.0,closed,True,True
16888,4,0,0,0,0.0,closed,False,False
16876,0,0,0,0,0.0,closed,True,True
16831,1,0,1,0,0.0,closed,False,False
16791,55,0,0,0,0.0,closed,False,False
16790,31,3,1,1,0.14285714285714285,closed,False,False
16780,6,6,0,0,0.0,closed,True,True
16768,27,2,0,0,0.0,closed,False,False
16702,26,0,2,1,0.5,closed,True,True
16694,22,5,3,0,0.0,closed,False,False
16675,13,12,0,0,0.0,closed,False,False
16662,0,0,4,0,0.0,closed,True,True
16651,34,0,17,5,5.0,closed,False,False
16648,213,0,0,0,0.0,closed,True,True
16612,48,0,0,0,0.0,closed,False,False
16557,1,1,0,0,0.0,closed,True,True
16545,45,0,2,0,0.0,closed,False,False
16536,59,0,4,1,1.0,closed,False,False
16468,7,7,0,0,0.0,closed,True,True
16463,22,3,2,0,0.0,closed,False,False
16433,1,1,0,0,0.0,closed,True,True
16430,34,0,15,2,0.6666666666666666,closed,True,True
16429,47,0,1,0,0.0,closed,True,True
16364,5,11,0,0,0.0,closed,True,True
16332,4,1,1,5,1.25,closed,True,True
16251,57,0,0,0,0.0,closed,False,False
16233,0,0,0,0,0.0,closed,True,True
16203,5,3,0,0,0.0,closed,False,False
16136,47,0,0,0,0.0,closed,True,True
16042,71,0,0,0,0.0,closed,False,False
15932,68,28,0,0,0.0,closed,True,True
15886,1,1,0,0,0.0,closed,True,True
15843,1,1,1,0,0.0,closed,True,True
15836,1,1,0,0,0.0,closed,False,False
15782,12,13,0,0,0.0,closed,False,False
15766,91,0,1,0,0.0,closed,False,False
15735,91,0,0,0,0.0,closed,False,False
15715,1,0,0,0,0.0,closed,False,False
15711,2,2,0,0,0.0,closed,True,True
15700,45,0,0,0,0.0,closed,False,False
15642,4,0,503,0,0.0,closed,True,True
15569,0,2,3,0,0.0,closed,False,False
15481,0,0,1,0,0.0,closed,False,False
15250,13,13,1,0,0.0,closed,False,False
15219,0,0,0,0,0.0,closed,True,True
15189,25,18,1,0,0.0,closed,True,True
15145,0,2,2,0,0.0,closed,False,False
15081,1,1,1,0,0.0,closed,False,False
15070,2,0,0,0,0.0,closed,False,False
15049,1,1,1,0,0.0,closed,False,False
15044,46,0,1,0,0.0,closed,True,True
15020,4,4,1,0,0.0,closed,False,False
14983,1,0,0,0,0.0,closed,True,True
14937,9,9,1,0,0.0,closed,True,True
14915,117,27,0,0,0.0,closed,False,False
14869,1,3,1,0,0.0,closed,False,False
14839,2,2,1,0,0.0,closed,False,False
14828,60,0,1,0,0.0,closed,False,False
14604,2,4,0,0,0.0,closed,False,False
14597,46,0,0,0,0.0,closed,False,False
14540,0,0,2,0,0.0,closed,True,True
14532,0,0,0,0,0.0,closed,True,True
14463,2,2,1,0,0.0,closed,False,False
14421,5,0,1,0,0.0,closed,False,False
14320,1,0,3,1,1.0,closed,False,False
14205,41,60,5,2,0.6666666666666666,closed,True,True
14004,2,0,1,0,0.0,closed,False,False
13921,1,3,1,0,0.0,closed,False,False
13901,1,1,0,0,0.0,closed,False,False
13863,5,5,1,0,0.0,closed,True,True
13666,0,2,0,0,0.0,closed,False,False
13625,10,0,18,1,0.25,closed,True,True
13601,7,7,2,0,0.0,closed,True,True
13589,30,5,0,0,0.0,closed,True,True
13538,1,1,1,0,0.0,closed,False,False
12919,1,1,3,0,0.0,closed,True,True
12794,38,0,2,0,0.0,closed,False,False
12775,1,1,0,2,1.0,closed,True,True
12771,1,1,0,0,0.0,closed,True,True
12707,1,1,0,0,0.0,closed,True,True
12655,58,0,1,0,0.0,closed,True,True
12564,4,2,0,0,0.0,closed,True,True
12549,4,0,0,0,0.0,closed,False,False
12520,2,0,0,0,0.0,closed,False,False
12435,1,1,0,0,0.0,closed,False,False
12327,6,4,1,0,0.0,closed,False,False
12288,1,1,1,0,0.0,closed,True,True
12184,5,5,1,0,0.0,closed,False,False
12178,55,0,1,0,0.0,closed,False,False
12155,2,4,0,0,0.0,closed,True,True
12109,3,1,0,0,0.0,closed,True,True
12048,3,2,0,0,0.0,closed,True,True
11955,1,1,0,0,0.0,closed,False,False
11918,3,3,3,0,0.0,closed,True,True
11896,1,3,0,0,0.0,closed,True,True
11822,2,0,0,0,0.0,closed,True,True
11802,56,0,3,0,0.0,closed,False,False
11677,1,1,0,0,0.0,closed,True,True
11489,2,0,2,0,0.0,closed,False,False
11188,1,1,0,0,0.0,closed,False,False
11029,1,1,0,0,0.0,closed,True,True
10764,3,2,0,0,0.0,closed,True,True
10563,4,0,1,0,0.0,closed,False,False
10439,3,1,0,0,0.0,closed,False,False
10420,3,3,0,0,0.0,closed,True,True
10357,38,0,0,0,0.0,closed,False,False
10339,2,0,0,0,0.0,closed,True,True
10280,1,1,0,0,0.0,closed,True,True
10166,4,1,0,0,0.0,closed,True,True
10119,1,1,0,0,0.0,closed,False,False
10074,38,0,0,0,0.0,closed,False,False
9967,1,0,0,0,0.0,closed,False,False
9858,1,1,0,0,0.0,closed,False,False
9760,7,7,0,0,0.0,closed,True,True
9652,1,0,0,0,0.0,closed,False,False
9542,1,1,0,0,0.0,closed,False,False
9488,55,37,0,0,0.0,closed,True,True
9414,38,0,1,0,0.0,closed,False,False
9320,56,0,1,0,0.0,closed,False,False
9306,55,0,1,0,0.0,closed,False,False
9184,92,0,2,0,0.0,closed,False,False
9107,1,1,0,0,0.0,closed,True,True
8857,27,22,1,0,0.0,closed,False,False
8794,5,5,1,0,0.0,closed,True,True
8669,6,0,2,0,0.0,closed,False,False
8629,1,1,1,0,0.0,closed,True,True
8516,55,0,1,0,0.0,closed,False,False
7937,1,1,1,0,0.0,closed,True,True
7825,61,0,2,0,0.0,closed,False,False
7582,55,0,2,0,0.0,closed,False,False
6960,4,0,1,0,0.0,closed,False,False
6922,19,0,1,0,0.0,closed,False,False
6920,1,1,1,0,0.0,closed,True,True
6907,18,12,0,0,0.0,closed,False,False
6892,1,1,0,0,0.0,closed,True,True
6844,2,0,26,0,0.0,closed,False,False
6762,3,3,0,0,0.0,closed,False,False
6692,2,0,2,0,0.0,closed,False,False
6685,2,0,1,0,0.0,closed,False,False
6675,2,0,0,0,0.0,closed,False,False
6661,8,8,2,0,0.0,closed,True,True
6659,3,0,3,0,0.0,closed,False,False
6572,3,3,0,0,0.0,closed,True,True
6556,2,1,1,0,0.0,closed,True,True
6543,6,0,0,0,0.0,closed,False,False
6530,5,0,2,0,0.0,closed,False,False
6444,1,1,2,0,0.0,closed,False,False
6387,49,47,2,0,0.0,closed,False,False
6325,56,0,2,0,0.0,closed,False,False
6314,1,1,1,0,0.0,closed,False,False
6272,32,0,0,0,0.0,closed,False,False
6235,16,0,1,0,0.0,closed,False,False
6199,1,1,0,0,0.0,closed,False,False
6078,4,4,2,0,0.0,closed,False,False
6006,1,1,0,0,0.0,closed,False,False
5842,2,0,0,0,0.0,closed,False,False
5773,3,0,3,0,0.0,closed,True,True
5751,2,0,0,0,0.0,closed,True,True
5669,17,18,0,0,0.0,closed,True,True
5637,1,1,1,0,0.0,closed,False,False
5620,4,3,0,0,0.0,closed,False,False
5583,60,45,1,0,0.0,closed,False,False
5571,0,0,23,0,0.0,closed,False,False
5537,4,6,0,0,0.0,closed,True,True
5483,1,1,0,0,0.0,closed,True,True
5366,45,45,0,0,0.0,closed,True,True
5349,64,0,0,0,0.0,closed,True,True
5301,0,3,0,0,0.0,closed,True,True
5258,81,0,0,0,0.0,closed,False,False
5157,5,3,0,0,0.0,closed,False,False
5075,6,0,0,0,0.0,closed,True,True
5040,55,0,0,0,0.0,closed,False,False
5035,93,0,0,0,0.0,closed,False,False
5028,51,0,0,0,0.0,closed,True,True
4988,1,0,0,0,0.0,closed,False,False
4975,20,0,0,0,0.0,closed,True,True
4962,48,45,1,0,0.0,closed,False,False
4909,6,0,0,0,0.0,closed,False,False
4851,2,0,0,0,0.0,closed,False,False
4760,24,0,0,0,0.0,closed,False,False
4601,9,9,0,0,0.0,closed,False,False
4428,41,41,0,0,0.0,closed,True,True
4416,2,1,1,0,0.0,closed,False,False
4383,6,0,3,0,0.0,closed,False,False
4361,50,0,0,0,0.0,closed,False,False
4357,8,8,0,0,0.0,closed,False,False
4289,1,1,1,0,0.0,closed,False,False
4256,1,1,0,0,0.0,closed,False,False
3926,35,6,0,0,0.0,closed,False,False
3766,2,0,1,0,0.0,closed,False,False
3724,3,1,1,0,0.0,closed,True,True
3686,35,40,2,0,0.0,closed,True,True
3641,3,1,0,0,0.0,closed,False,False
3545,5,5,0,0,0.0,closed,True,True
3544,1,0,0,0,0.0,closed,False,False
3512,1,1,0,0,0.0,closed,False,False
3500,28,0,0,0,0.0,closed,True,True
3407,5,0,0,0,0.0,closed,False,False
3302,2,0,1,0,0.0,closed,False,False
3291,1,1,0,0,0.0,closed,True,True
3283,46,0,1,0,0.0,closed,False,False
3242,30,0,0,0,0.0,closed,False,False
3053,2,0,1,0,0.0,closed,False,False
2940,28,0,2,0,0.0,closed,False,False
2936,3,3,0,0,0.0,closed,True,True
2919,51,0,0,0,0.0,closed,False,False
2819,95,0,0,0,0.0,closed,False,False
2811,4,0,1,0,0.0,closed,False,False
2792,2,2,0,0,0.0,closed,False,False
2664,21,11,0,0,0.0,closed,False,False
2496,1,1,0,0,0.0,closed,True,True
2485,4,0,1,0,0.0,closed,False,False
2386,3,1,0,0,0.0,closed,True,True
2195,48,0,0,1,1.0,closed,True,True
2114,12,9,0,0,0.0,closed,True,True
1959,5,5,0,0,0.0,closed,False,False
1945,7,7,0,0,0.0,closed,True,True
1761,4,0,0,0,0.0,closed,False,False
1760,5,0,0,0,0.0,closed,False,False
1744,27,0,0,0,0.0,closed,True,True
1743,27,0,0,0,0.0,closed,False,False
1741,28,0,0,0,0.0,closed,True,True
1739,8,7,1,4,0.6666666666666666,closed,True,True
1735,4,0,0,0,0.0,closed,False,False
1733,62,0,2,0,0.0,closed,False,False
1731,4,0,2,0,0.0,closed,False,False
1727,27,0,0,0,0.0,closed,False,False
1726,27,0,0,0,0.0,closed,True,True
1721,27,0,0,0,0.0,closed,False,False
1695,43,1,1,0,0.0,closed,False,False
1658,1,1,0,0,0.0,closed,True,True
1653,2,2,0,0,0.0,closed,True,True
1644,5,0,114,0,0.0,closed,True,True
1600,18,3,0,0,0.0,closed,True,True
1558,5,5,1,0,0.0,closed,True,True
1491,1,0,4,0,0.0,closed,False,False
1468,0,0,2,0,0.0,closed,False,False
1371,13,3,0,0,0.0,closed,False,False
1032,1,1,0,0,0.0,closed,True,True
1031,24,0,3,0,0.0,closed,True,True
992,3,0,27,5,2.5,closed,True,True
941,26,12,1,0,0.0,closed,False,False
932,1,1,0,0,0.0,closed,False,False
877,1,1,0,1,0.5,closed,True,True
868,506,3,2,0,0.0,closed,False,False
857,4,0,7,5,5.0,closed,False,False
765,1,1,0,0,0.0,closed,False,False
761,1,1,2,0,0.0,closed,False,False
694,19,4,1,0,0.0,closed,True,True
693,15,0,0,2,2.0,closed,False,False
618,26,17,2,0,0.0,closed,True,True
605,1,0,6,3,3.0,closed,False,False
553,2,0,0,0,0.0,closed,True,True
498,11,2,0,0,0.0,closed,True,True
324,78,0,4,1,0.5,closed,False,False
282,4,0,0,0,0.0,closed,False,False
276,1,0,0,0,0.0,closed,False,False
242,16,0,2,0,0.0,closed,False,False
225,20,0,2,0,0.0,closed,True,True
124,1,1,0,0,0.0,closed,True,True
110,13,4,2,0,0.0,closed,True,True
56,11,11,0,0,0.0,closed,True,True
32,1,1,0,0,0.0,closed,True,True
31,1,1,0,0,0.0,closed,True,True
