3375,7,7,0,0,0.0,closed,True,True
3374,32,0,0,2,2.0,open,False,False
3372,1,1,0,0,0.0,closed,False,False
3366,2,0,0,0,0.0,closed,False,False
3358,1,0,0,0,0.0,closed,False,False
3357,177,171,0,0,0.0,closed,False,False
3354,1,0,0,0,0.0,closed,False,False
3351,1,0,3,0,0.0,open,False,False
3350,1,0,4,0,0.0,open,False,False
3349,0,3,0,0,0.0,closed,True,True
3348,1,0,6,0,0.0,open,False,False
3347,130,805,0,0,0.0,closed,False,False
3346,1,0,5,5,5.0,open,False,False
3344,1,0,3,1,1.0,open,False,False
3343,1,0,5,1,1.0,open,False,False
3341,1,1,1,0,0.0,closed,False,False
3339,1,0,0,0,0.0,closed,False,False
3337,2,1,4,1,0.3333333333333333,open,False,False
3335,1,0,12,2,0.6666666666666666,closed,True,True
3332,108,0,3,0,0.0,closed,False,False
3323,1,0,4,3,1.0,open,False,False
3322,1,0,6,0,0.0,open,False,False
3320,1,0,5,3,1.0,open,False,False
3316,1,0,2,0,0.0,closed,False,False
3314,5,0,0,0,0.0,closed,False,False
3312,1,0,4,3,3.0,closed,False,False
3311,21,0,0,0,0.0,closed,False,False
3309,4,0,0,0,0.0,closed,False,False
3308,3,0,13,2,2.0,closed,False,False
3305,1,0,3,0,0.0,open,False,False
3299,1,1,9,0,0.0,open,False,False
3297,1,0,0,0,0.0,closed,False,False
3296,0,0,0,0,0.0,closed,False,False
3293,1,0,7,0,0.0,closed,True,True
3283,1,0,4,0,0.0,open,False,False
3282,1,0,10,3,3.0,closed,False,False
3278,1,11,2,0,0.0,closed,False,False
3277,1,0,0,0,0.0,closed,False,False
3274,2,1,6,0,0.0,open,False,False
3268,1,0,0,0,0.0,closed,False,False
3259,1,0,5,0,0.0,open,False,False
3256,1,0,7,1,0.5,closed,False,False
3252,1,1,1,0,0.0,closed,False,False
3248,1,0,4,0,0.0,closed,False,False
3247,1,0,7,3,0.5,open,False,False
3234,1,0,7,0,0.0,open,False,False
3232,1,0,12,2,1.0,open,False,False
3228,1,0,13,2,0.3333333333333333,closed,True,True
3227,1,1,15,3,0.2727272727272727,closed,True,True
3226,1,0,2,0,0.0,closed,False,False
3225,1,0,1,0,0.0,closed,False,False
3223,1,0,6,1,1.0,open,False,False
3217,1,0,5,0,0.0,open,False,False
3215,0,8,1,0,0.0,closed,False,False
3214,1,0,6,0,0.0,closed,False,False
3213,2,1,1,0,0.0,closed,False,False
3210,1,0,8,0,0.0,open,False,False
3209,3,0,1,0,0.0,closed,False,False
3206,1,0,1,0,0.0,closed,False,False
3205,1,0,10,0,0.0,open,False,False
3171,2,0,15,2,0.6666666666666666,open,False,False
3170,1,0,0,0,0.0,closed,False,False
3162,1,0,2,0,0.0,closed,False,False
3160,1,0,10,0,0.0,open,False,False
3159,1,1,5,0,0.0,closed,False,False
3153,1,0,11,0,0.0,open,False,False
3152,1,0,15,4,1.3333333333333333,closed,True,True
3149,1,1,0,1,1.0,closed,True,True
3148,1,0,1,0,0.0,closed,False,False
3146,1,0,15,5,2.5,open,False,False
3144,2,1,4,0,0.0,closed,False,False
3129,1,0,4,2,0.4,open,False,False
3126,1,0,1,0,0.0,closed,False,False
3115,1,0,7,0,0.0,open,False,False
3111,1,0,11,0,0.0,open,False,False
3110,1,0,16,1,0.5,closed,False,False
3106,1,0,3,0,0.0,closed,False,False
3105,18,16,0,0,0.0,closed,False,False
3104,1,0,2,0,0.0,closed,False,False
3103,1,0,16,0,0.0,closed,True,True
3096,2,1,0,0,0.0,closed,False,False
3095,1,1,9,0,0.0,closed,False,False
3094,1,0,0,0,0.0,closed,False,False
3093,1,0,4,0,0.0,closed,False,False
3092,1,0,3,0,0.0,closed,False,False
3091,1,0,6,5,2.5,closed,True,True
3082,4,4,0,0,0.0,closed,False,False
3081,1,0,7,5,1.6666666666666667,closed,True,True
3076,1,0,0,0,0.0,closed,False,False
3075,1,0,4,0,0.0,closed,True,True
3073,1,0,0,0,0.0,closed,False,False
3071,1,0,6,0,0.0,closed,True,True
3068,1,0,6,1,0.5,closed,False,False
3061,1,0,0,0,0.0,closed,False,False
3059,1,0,0,0,0.0,closed,False,False
3053,1,0,11,0,0.0,closed,True,True
3048,4,0,8,0,0.0,open,False,False
3046,1,0,4,0,0.0,closed,False,False
3038,1,0,0,0,0.0,closed,False,False
3034,197,898,1,0,0.0,closed,False,False
3029,1,0,8,1,0.5,closed,False,False
3027,1,1,2,0,0.0,closed,False,False
3022,2,0,10,1,1.0,open,False,False
3019,2,2,1,1,1.0,closed,True,True
3009,1,0,0,0,0.0,closed,False,False
3004,1,1,0,0,0.0,closed,True,True
3003,1,0,11,1,0.25,closed,True,True
2999,6,3,6,0,0.0,closed,False,False
2996,1,0,12,0,0.0,closed,True,True
2989,2089,2407,0,0,0.0,closed,False,False
2984,384,112,4,5,1.6666666666666667,open,False,False
2978,1,0,10,0,0.0,closed,True,True
2977,1,0,0,0,0.0,closed,False,False
2976,1,0,1,0,0.0,closed,False,False
2973,1,1,0,0,0.0,closed,False,False
2970,1,0,1,2,2.0,closed,False,False
2969,27,879,0,0,0.0,closed,False,False
2960,1,0,10,0,0.0,closed,True,True
2958,1,0,4,0,0.0,closed,False,False
2949,1,0,22,1,0.07692307692307693,open,False,False
2939,1,0,11,0,0.0,open,False,False
2938,1,0,2,0,0.0,closed,False,False
2937,1,0,2,0,0.0,closed,False,False
2930,1,0,8,2,0.6666666666666666,open,False,False
2925,2,1,20,10,1.4285714285714286,open,False,False
2924,1,0,4,0,0.0,closed,False,False
2920,1,0,1,0,0.0,closed,False,False
2919,2,0,15,3,0.75,closed,False,False
2917,1,0,1,0,0.0,closed,False,False
2912,1,0,1,0,0.0,closed,False,False
2895,1,0,18,2,2.0,closed,True,True
2894,1,0,0,0,0.0,closed,False,False
2893,1,0,3,2,1.0,closed,False,False
2888,1,0,4,0,0.0,closed,False,False
2878,1,0,2,0,0.0,closed,False,False
2874,1,0,2,0,0.0,closed,False,False
2867,1,0,10,0,0.0,closed,False,False
2866,5,0,0,0,0.0,closed,False,False
2862,472,472,1,0,0.0,closed,False,False
2858,1,0,2,1,0.5,closed,True,True
2852,1,0,1,1,1.0,closed,False,False
2850,1,0,21,3,0.2727272727272727,closed,True,True
2846,1,1,7,1,1.0,closed,False,False
2843,1,1,5,0,0.0,closed,False,False
2842,3,3,1,0,0.0,closed,False,False
2837,1,0,9,0,0.0,closed,False,False
2836,1,0,1,0,0.0,closed,False,False
2835,9,9,3,0,0.0,closed,True,True
2834,1,1,1,1,1.0,closed,True,True
2829,1,0,7,2,0.5,closed,True,True
2827,1,0,2,0,0.0,closed,False,False
2825,1,0,25,1,0.5,open,False,False
2823,1,127,0,0,0.0,closed,False,False
2822,1,0,0,0,0.0,closed,False,False
2813,1,0,4,0,0.0,closed,False,False
2810,1,0,6,0,0.0,closed,False,False
2804,1,0,5,0,0.0,closed,False,False
2803,1,0,4,0,0.0,closed,True,True
2799,1,1,0,0,0.0,closed,True,True
2794,34,0,2,0,0.0,closed,False,False
2790,1,0,2,0,0.0,closed,False,False
2781,1,0,1,0,0.0,closed,False,False
2780,0,0,16,1,0,closed,False,False
2763,1,0,11,2,0.4,closed,False,False
2762,1,0,1,0,0.0,closed,False,False
2753,1,0,9,4,0.5,closed,False,False
2751,1,0,4,0,0.0,closed,False,False
2744,1,0,5,1,0.3333333333333333,closed,False,False
2743,1,0,8,0,0.0,closed,True,True
2742,1,0,4,0,0.0,closed,False,False
2739,1,1,7,2,1.0,closed,True,True
2737,1,0,6,0,0.0,closed,False,False
2736,1,0,8,1,0.3333333333333333,closed,True,True
2734,1,0,5,3,1.0,closed,True,True
2731,1,0,9,0,0.0,closed,True,True
2729,1,0,13,0,0.0,closed,False,False
2719,1,0,3,0,0.0,closed,False,False
2718,1,39,0,0,0.0,closed,False,False
2715,1,0,6,0,0.0,closed,False,False
2714,30,0,0,0,0.0,closed,False,False
2710,1,0,1,0,0.0,closed,False,False
2695,1,4,13,0,0.0,closed,False,False
2694,2,2,0,0,0.0,closed,False,False
2692,0,0,6,0,0,closed,False,False
2691,1,0,0,0,0.0,closed,False,False
2690,1,0,10,0,0.0,closed,True,True
2689,1,0,1,0,0.0,closed,False,False
2687,104,0,0,0,0.0,closed,False,False
2686,1,0,2,0,0.0,closed,True,True
2666,1,0,1,0,0.0,closed,False,False
2658,1,0,5,1,1.0,closed,False,False
2655,1,0,4,3,1.5,closed,False,False
2650,1,0,0,0,0.0,closed,False,False
2647,1,0,13,2,2.0,closed,False,False
2642,1,1,14,0,0.0,closed,False,False
2640,1,0,11,0,0.0,closed,True,True
2638,1,0,16,5,0.625,closed,False,False
2635,1,0,0,0,0.0,closed,False,False
2631,5,0,1,0,0.0,closed,False,False
2630,1,0,0,0,0.0,closed,False,False
2628,1,0,2,0,0.0,closed,False,False
2626,1,0,3,0,0.0,closed,False,False
2625,1,0,3,0,0.0,closed,False,False
2622,1,0,12,1,0.5,closed,True,True
2620,1,0,5,0,0.0,closed,True,True
2619,1,0,2,0,0.0,closed,False,False
2618,1,0,6,1,1.0,closed,False,False
2615,1,0,3,0,0.0,closed,False,False
2614,1,0,0,0,0.0,closed,False,False
2612,1,0,4,0,0.0,closed,False,False
2610,1,0,1,0,0.0,closed,False,False
2608,1,0,6,0,0.0,closed,False,False
2607,1,0,23,3,3.0,open,False,False
2601,1,0,5,2,2.0,closed,True,True
2598,1,1,1,0,0.0,closed,False,False
2593,1,0,6,0,0.0,closed,False,False
2589,1,0,8,1,0.25,closed,False,False
2585,1,0,16,4,4.0,closed,True,True
2571,1,0,7,5,1.6666666666666667,closed,True,True
2569,1,0,8,3,1.5,closed,False,False
2567,1,0,9,0,0.0,closed,True,True
2565,1,0,12,2,0.6666666666666666,closed,False,False
2560,1,0,16,7,3.5,closed,False,False
2552,1,0,1,0,0.0,closed,False,False
2551,32,32,0,0,0.0,closed,True,True
2550,1,0,15,2,0.6666666666666666,closed,True,True
2546,0,1,0,0,0.0,closed,True,True
2543,502,498,1,5,5.0,closed,False,False
2541,1,0,13,2,0.6666666666666666,closed,False,False
2539,1,0,4,0,0.0,closed,False,False
2535,1,0,4,0,0.0,closed,False,False
2530,1,0,1,0,0.0,closed,False,False
2526,1,0,1,0,0.0,closed,False,False
2525,1,0,5,0,0.0,closed,False,False
2524,1,0,12,2,0.6666666666666666,closed,False,False
2521,1,0,1,0,0.0,closed,False,False
2520,2,0,1,0,0.0,closed,False,False
2517,1,0,9,0,0.0,closed,False,False
2515,1,0,7,0,0.0,closed,False,False
2513,1,0,11,1,0.5,closed,False,False
2512,1,0,16,4,2.0,closed,False,False
2511,1,0,5,0,0.0,closed,False,False
2510,1,0,2,0,0.0,closed,False,False
2509,1,0,8,1,0.2,closed,True,True
2506,1,0,23,3,1.0,closed,False,False
2503,1,0,18,8,4.0,closed,False,False
2502,0,0,11,1,0,closed,False,False
2501,1,0,5,0,0.0,closed,False,False
2498,1,0,11,1,0.2,closed,True,True
2487,0,917,0,0,0.0,closed,False,False
2482,1,0,12,1,0.3333333333333333,closed,True,True
2481,1,0,1,0,0.0,closed,False,False
2478,1,0,10,0,0.0,closed,False,False
2477,1,0,13,0,0.0,closed,False,False
2470,1,0,9,0,0.0,closed,False,False
2468,5,0,0,0,0.0,closed,False,False
2465,1,0,3,0,0.0,closed,False,False
2463,1,0,11,3,1.5,closed,True,True
2462,1,0,4,0,0.0,closed,False,False
2459,1,1,0,0,0.0,closed,True,True
2454,1,0,11,1,0.25,closed,True,True
2453,1,0,11,0,0.0,closed,True,True
2451,0,14,1,0,0.0,closed,False,False
2449,1,0,8,2,0.6666666666666666,closed,False,False
2448,1,0,12,0,0.0,closed,True,True
2445,1,0,10,1,0.3333333333333333,closed,True,True
2442,1,0,7,0,0.0,closed,False,False
2436,1,0,1,0,0.0,closed,False,False
2435,2,0,25,5,0.5,closed,False,False
2433,1,0,11,0,0.0,closed,True,True
2431,1,0,6,0,0.0,closed,False,False
2430,1,0,4,0,0.0,closed,False,False
2428,1,1,3,0,0.0,closed,False,False
2427,1,0,4,0,0.0,closed,False,False
2426,1,0,8,3,1.0,closed,True,True
2425,1,0,0,0,0.0,closed,False,False
2424,1,0,21,9,2.25,closed,True,True
2422,26,0,2,1,0.5,closed,False,False
2420,1,0,5,7,1.75,closed,False,False
2418,1,0,3,0,0.0,closed,False,False
2417,1,0,10,1,0.3333333333333333,closed,False,False
2410,1,0,5,0,0.0,closed,False,False
2407,1,0,1,0,0.0,closed,False,False
2405,1,0,18,2,0.6666666666666666,closed,True,True
2402,25,72,0,0,0.0,closed,False,False
2400,1,0,11,1,0.5,closed,True,True
2397,1,0,3,0,0.0,closed,False,False
2394,1,0,7,0,0.0,closed,True,True
2391,1,0,14,10,1.25,closed,False,False
2390,1,0,8,1,1.0,closed,False,False
2389,1,0,14,3,1.5,closed,True,True
2386,1,0,12,6,1.0,closed,True,True
2385,10,10,3,0,0.0,closed,True,True
2383,1,0,16,5,1.25,closed,True,True
2382,1,0,12,0,0.0,closed,True,True
2381,1,0,0,0,0.0,closed,False,False
2380,1,0,1,0,0.0,closed,False,False
2373,0,0,0,0,0,closed,False,False
2372,1,0,5,0,0.0,closed,True,True
2370,1,0,8,2,0.6666666666666666,closed,False,False
2367,1,0,1,0,0.0,closed,False,False
2363,1,0,2,1,1.0,closed,False,False
2336,1,0,4,1,1.0,closed,False,False
2335,1,0,8,0,0.0,closed,False,False
2332,1,0,4,0,0.0,closed,False,False
2331,1,0,10,0,0.0,closed,False,False
2330,2,2,0,0,0.0,closed,True,True
2329,1,0,3,0,0.0,closed,False,False
2327,1,0,19,0,0.0,closed,True,True
2325,1,0,22,5,0.5,closed,True,True
2322,1,0,0,0,0.0,closed,False,False
2320,1,0,10,0,0.0,closed,True,True
2317,1,0,3,0,0.0,closed,False,False
2316,1,0,14,1,0.3333333333333333,closed,False,False
2314,2,0,9,1,0.5,closed,False,False
2313,1,0,1,0,0.0,closed,False,False
2302,1,0,6,0,0.0,closed,True,True
2301,1,0,0,9,9.0,closed,False,False
2300,2,2,0,0,0.0,closed,True,True
2292,1,0,1,0,0.0,closed,False,False
2291,2,0,1,0,0.0,closed,False,False
2290,1,0,2,0,0.0,closed,False,False
2289,1,0,10,0,0.0,closed,True,True
2288,1,0,11,0,0.0,closed,False,False
2287,1,0,18,2,0.6666666666666666,closed,False,False
2285,1,0,11,0,0.0,closed,True,True
2282,1,0,0,0,0.0,closed,False,False
2278,1,0,8,1,1.0,closed,False,False
2275,1,0,7,0,0.0,closed,True,True
2274,1,0,7,0,0.0,closed,False,False
2270,1,0,3,0,0.0,closed,False,False
2268,1,0,7,3,1.0,closed,True,True
2267,1,0,5,0,0.0,closed,True,True
2266,1,0,6,6,3.0,closed,True,True
2265,1,0,7,3,1.5,closed,False,False
2263,1,0,2,0,0.0,closed,False,False
2262,1,0,1,0,0.0,closed,False,False
2261,2,0,0,0,0.0,closed,False,False
2258,2,0,4,3,1.5,closed,False,False
2257,1,0,7,1,0.3333333333333333,closed,True,True
2252,0,1,0,0,0.0,closed,True,True
2249,1,0,3,0,0.0,closed,True,True
2245,1,0,1,0,0.0,closed,False,False
2243,1,1,0,0,0.0,closed,True,True
2223,1,1,1,0,0.0,closed,True,True
2222,4,4,0,0,0.0,closed,False,False
2221,6,6,0,0,0.0,closed,False,False
2219,0,1,0,0,0.0,closed,True,True
2217,1,0,7,1,0.3333333333333333,closed,True,True
2216,1,0,6,0,0.0,closed,False,False
2215,1,0,11,0,0.0,closed,True,True
2214,1,0,2,0,0.0,closed,False,False
2213,1,0,9,0,0.0,closed,True,True
2212,1,0,6,0,0.0,closed,True,True
2202,1,0,13,3,0.75,closed,True,True
2193,4,0,4,3,1.5,closed,False,False
2189,1,0,7,1,0.5,closed,False,False
2188,0,1,1,0,0.0,closed,True,True
2186,1,0,6,0,0.0,closed,False,False
2184,1,0,6,4,1.3333333333333333,closed,True,True
2181,1,1,0,0,0.0,closed,True,True
2180,11,11,2,0,0.0,closed,True,True
2174,1,0,1,0,0.0,closed,False,False
2171,1,1,14,3,1.5,closed,True,True
2170,1,0,7,4,4.0,closed,False,False
2169,1,0,19,6,0.75,closed,False,False
2165,1,0,13,0,0.0,closed,True,True
2164,1,0,0,0,0.0,closed,False,False
2161,1,0,13,0,0.0,closed,True,True
2160,1,0,7,0,0.0,closed,True,True
2159,14,0,5,0,0.0,closed,False,False
2158,25,0,2,0,0.0,closed,False,False
2157,1,0,0,0,0.0,closed,False,False
2155,0,0,16,0,0,closed,False,False
2154,3,0,3,0,0.0,closed,False,False
2153,1,0,9,1,1.0,closed,True,True
2151,1,0,13,0,0.0,closed,True,True
2150,2,0,2,0,0.0,closed,False,False
2144,2,0,1,0,0.0,closed,False,False
2136,1,0,5,2,0.16666666666666666,closed,True,True
2135,2,2,1,0,0.0,closed,False,False
2133,1,1,16,0,0.0,closed,False,False
2132,1,1,1,0,0.0,closed,False,False
2131,736,722,2,0,0.0,closed,False,False
2124,1,0,1,0,0.0,closed,False,False
2122,1,0,1,0,0.0,closed,False,False
2111,1,0,9,0,0.0,closed,True,True
2106,3,0,7,0,0.0,closed,False,False
2105,1,0,2,0,0.0,closed,False,False
2101,3,0,4,0,0.0,closed,False,False
2100,1,0,0,0,0.0,closed,False,False
2099,1,0,19,0,0.0,closed,False,False
2096,8,0,1,0,0.0,closed,False,False
2088,1,0,1,0,0.0,closed,False,False
2087,3,0,1,0,0.0,closed,False,False
2086,1,0,1,0,0.0,closed,False,False
2084,1,0,12,0,0.0,closed,True,True
2083,3,3,0,0,0.0,closed,True,True
2082,1,1,0,0,0.0,closed,False,False
2079,1,0,19,6,2.0,closed,True,True
2077,2,1,1,0,0.0,closed,False,False
2076,1,0,6,1,0.5,closed,True,True
2075,1,0,0,0,0.0,closed,False,False
2067,1,0,8,2,1.0,closed,True,True
2066,1,1,0,0,0.0,closed,False,False
2065,1,0,1,0,0.0,closed,False,False
2064,1,1,0,0,0.0,closed,False,False
2063,2,1,2,0,0.0,closed,False,False
2062,1,0,2,0,0.0,closed,False,False
2061,1,0,2,0,0.0,closed,False,False
2060,1,0,9,0,0.0,closed,False,False
2059,1,0,9,0,0.0,closed,False,False
2058,1,0,2,0,0.0,closed,False,False
2055,1,0,7,1,0.25,closed,False,False
2054,1,0,2,4,2.0,closed,True,True
2053,1,0,10,0,0.0,closed,True,True
2052,1,0,4,0,0.0,closed,True,True
2051,1,2,3,0,0.0,closed,True,True
2050,1,0,17,6,1.5,closed,False,False
2048,3,0,2,0,0.0,closed,False,False
2047,9,3,4,0,0.0,closed,False,False
2045,1,0,10,2,1.0,closed,True,True
2044,1,0,1,0,0.0,closed,False,False
2042,1,0,3,0,0.0,closed,False,False
2039,1,0,12,0,0.0,closed,True,True
2038,1,0,10,2,1.0,closed,True,True
2037,1,0,7,0,0.0,closed,True,True
2035,1,0,23,5,0.7142857142857143,closed,False,False
2034,1,0,11,0,0.0,closed,True,True
2033,1,0,5,0,0.0,closed,False,False
2032,1,0,0,0,0.0,closed,False,False
2031,1,0,1,0,0.0,closed,False,False
2028,2,2,2,0,0.0,closed,True,True
2026,1,1,6,0,0.0,closed,False,False
2025,1,0,6,0,0.0,closed,True,True
2024,1,0,4,3,1.5,closed,True,True
2023,1,0,14,1,1.0,closed,True,True
2022,1,0,1,0,0.0,closed,False,False
2021,1,0,9,0,0.0,closed,False,False
2020,1,0,5,0,0.0,closed,False,False
2019,1,0,6,1,1.0,closed,False,False
2018,607,607,4,0,0.0,closed,False,False
2017,1,0,2,0,0.0,closed,False,False
2014,0,8,2,0,0.0,closed,False,False
2013,1,0,8,5,0.8333333333333334,closed,True,True
2012,27,0,7,1,0.3333333333333333,closed,False,False
2011,1,0,13,2,0.6666666666666666,closed,False,False
2010,1,0,11,0,0.0,closed,False,False
2009,1,0,0,0,0.0,closed,False,False
2007,1,0,13,2,0.6666666666666666,closed,False,False
2006,1,0,7,0,0.0,closed,True,True
2005,0,1,0,0,0.0,closed,True,True
2003,1,1,1,0,0.0,closed,True,True
2002,1,0,2,0,0.0,closed,False,False
2001,1,0,6,1,1.0,closed,False,False
2000,1,0,0,0,0.0,closed,False,False
1999,4,0,1,0,0.0,closed,False,False
1997,1,0,10,0,0.0,closed,False,False
1990,1,0,7,0,0.0,closed,True,True
1987,1,1,4,0,0.0,closed,True,True
1985,1,0,7,0,0.0,closed,False,False
1984,1,0,15,0,0.0,closed,True,True
1983,1,0,2,1,1.0,closed,False,False
1981,1,0,2,1,1.0,closed,False,False
1980,1,0,13,2,0.6666666666666666,closed,True,True
1979,1,0,2,0,0.0,closed,False,False
1974,1,0,7,0,0.0,closed,False,False
1973,1,0,6,3,1.5,closed,True,True
1970,1,0,5,1,0.5,closed,False,False
1969,1,0,0,0,0.0,closed,True,True
1967,1,0,0,0,0.0,closed,False,False
1966,2,1,8,2,0.6666666666666666,closed,False,False
1965,1,0,11,3,1.5,closed,False,False
1964,1,0,4,0,0.0,closed,False,False
1963,1,0,8,1,1.0,closed,False,False
1962,36,0,3,4,0.2857142857142857,closed,True,True
1961,1,0,23,0,0.0,closed,False,False
1960,1,0,20,2,1.0,closed,True,True
1959,1,0,8,1,1.0,closed,False,False
1958,1,0,0,0,0.0,closed,False,False
1954,1,0,10,0,0.0,closed,False,False
1953,1,0,18,1,0.3333333333333333,closed,True,True
1952,1,0,10,1,0.25,closed,False,False
1951,1,0,9,0,0.0,closed,False,False
1950,1,0,6,0,0.0,closed,False,False
1949,39,0,1,0,0.0,closed,False,False
1947,1,0,8,1,1.0,closed,False,False
1946,1,0,2,0,0.0,closed,False,False
1945,1,0,0,0,0.0,closed,False,False
1944,1,0,2,0,0.0,closed,False,False
1943,1,0,0,0,0.0,closed,False,False
1942,1,0,20,1,0.3333333333333333,closed,False,False
1941,1,0,5,0,0.0,closed,False,False
1940,1,0,3,0,0.0,closed,False,False
1939,1,0,11,0,0.0,closed,False,False
1938,1,0,15,0,0.0,closed,True,True
1937,1,0,1,0,0.0,closed,False,False
1936,1,1,10,0,0.0,closed,True,True
1935,1,0,8,0,0.0,closed,True,True
1933,1,0,6,0,0.0,closed,True,True
1932,1,0,5,1,0.5,closed,False,False
1931,1,0,5,0,0.0,closed,False,False
1930,1,0,2,0,0.0,closed,False,False
1929,1,0,2,0,0.0,closed,False,False
1928,1,0,12,4,1.0,closed,False,False
1927,1,0,1,0,0.0,closed,False,False
1926,1,0,10,0,0.0,closed,True,True
1924,1,0,0,0,0.0,closed,False,False
1923,1,0,0,0,0.0,closed,False,False
1922,1,0,7,1,1.0,closed,False,False
1921,1,0,18,2,0.6666666666666666,closed,True,True
1919,1,1,5,0,0.0,closed,True,True
1917,1,0,8,2,1.0,closed,True,True
1916,1,0,11,4,2.0,closed,True,True
1915,1,0,8,2,0.6666666666666666,closed,False,False
1914,1,0,8,1,0.5,closed,True,True
1913,2,2,1,0,0.0,closed,True,True
1912,1,0,5,0,0.0,closed,False,False
1911,2,0,1,0,0.0,closed,False,False
1909,3,0,2,0,0.0,closed,False,False
1908,1,0,8,1,0.25,closed,True,True
1907,1,0,24,5,0.7142857142857143,closed,True,True
1906,1,0,1,0,0.0,closed,False,False
1905,1,0,7,0,0.0,closed,True,True
1904,1,1,6,0,0.0,closed,False,False
1902,0,0,3,0,0,closed,True,True
1901,1,0,6,0,0.0,closed,False,False
1900,2,0,0,0,0.0,closed,False,False
1898,1,0,16,0,0.0,closed,True,True
1896,2,0,8,0,0.0,closed,False,False
1895,2,0,7,0,0.0,closed,True,True
1894,1,0,6,0,0.0,closed,False,False
1892,1,0,9,0,0.0,closed,False,False
1891,1,0,4,0,0.0,closed,True,True
1890,1,0,7,0,0.0,closed,False,False
1889,1,1,1,0,0.0,closed,True,True
1888,1,0,3,0,0.0,closed,False,False
1887,1,0,16,2,2.0,closed,True,True
1886,1,0,13,5,1.0,closed,True,True
1885,1,0,0,0,0.0,closed,False,False
1884,1,0,4,0,0.0,closed,True,True
1882,2,1,13,0,0.0,closed,True,True
1879,1,0,14,3,0.6,closed,True,True
1878,0,0,12,0,0,closed,True,True
1877,1,1,0,0,0.0,closed,False,False
1876,1,0,16,2,0.4,closed,True,True
1875,1,0,2,0,0.0,closed,False,False
1874,6,6,1,0,0.0,closed,False,False
1873,1,0,19,4,0.5714285714285714,closed,True,True
1872,1,0,9,0,0.0,closed,False,False
1871,1,0,6,1,0.5,closed,True,True
1869,1,0,7,4,2.0,closed,True,True
1868,1,0,6,3,1.5,closed,True,True
1867,1,0,9,1,0.3333333333333333,closed,False,False
1866,1,0,12,1,0.25,closed,True,True
1865,1,0,24,1,0.1111111111111111,closed,True,True
1864,1,0,4,0,0.0,closed,False,False
1863,1,0,8,0,0.0,closed,False,False
1862,1,0,7,0,0.0,closed,True,True
1861,1,0,24,3,1.0,closed,False,False
1860,5,1,4,10,1.6666666666666667,closed,True,True
1859,1,0,21,0,0.0,closed,False,False
1858,65,1,0,0,0.0,closed,False,False
1857,1,0,17,1,0.25,closed,True,True
1856,1,0,9,1,1.0,closed,False,False
1855,0,1,0,0,0.0,closed,True,True
1853,1,0,0,0,0.0,closed,False,False
1852,1,0,3,0,0.0,closed,False,False
1851,43,0,5,3,0.09375,closed,False,False
1850,1,0,8,0,0.0,closed,True,True
1848,1,0,6,0,0.0,closed,False,False
1846,1,0,2,0,0.0,closed,False,False
1845,1,0,1,0,0.0,closed,False,False
1844,1,0,4,0,0.0,closed,False,False
1843,2,0,1,0,0.0,closed,False,False
1841,1,0,1,0,0.0,closed,False,False
1839,1,0,2,0,0.0,closed,False,False
1838,1,0,11,1,1.0,closed,False,False
1837,2,1,15,2,2.0,closed,False,False
1836,1,0,1,0,0.0,closed,False,False
1835,1,0,3,1,1.0,closed,False,False
1834,2,0,3,0,0.0,closed,False,False
1833,1,0,1,0,0.0,closed,False,False
1832,2,0,2,0,0.0,closed,False,False
1831,1,1,1,0,0.0,closed,False,False
1830,1,0,1,0,0.0,closed,False,False
1829,1,0,16,3,0.75,closed,True,True
1827,1,0,12,1,0.3333333333333333,closed,True,True
1826,1,0,1,0,0.0,closed,False,False
1825,1,0,2,0,0.0,closed,False,False
1824,1,0,1,0,0.0,closed,False,False
1823,1,0,14,0,0.0,closed,False,False
1822,1,0,1,0,0.0,closed,False,False
1821,1,0,6,1,0.3333333333333333,closed,False,False
1820,1,0,1,0,0.0,closed,False,False
1818,0,0,1,0,0.0,closed,False,False
1817,1,0,15,5,1.25,closed,False,False
1816,1,1,0,0,0.0,closed,True,True
1815,17,0,5,0,0.0,closed,False,False
1814,0,0,0,0,0.0,closed,False,False
1813,1,0,13,2,0.6666666666666666,closed,True,True
1812,1,0,21,3,1.0,closed,True,True
1811,1,0,5,0,0.0,closed,True,True
1809,1,0,3,0,0.0,closed,True,True
1808,1,0,5,0,0.0,closed,False,False
1807,2,0,4,0,0.0,closed,False,False
1805,1,0,3,1,0.5,closed,True,True
1804,1,0,8,0,0.0,closed,False,False
1803,1,1,14,2,1.0,closed,False,False
1802,1,0,9,6,1.5,closed,False,False
1801,1,0,1,0,0.0,closed,False,False
1800,1,0,17,0,0.0,closed,True,True
1799,1,0,7,0,0.0,closed,True,True
1798,1,0,5,0,0.0,closed,True,True
1797,1,0,12,1,1.0,closed,False,False
1796,1,0,10,0,0.0,closed,True,True
1795,1,0,5,0,0.0,closed,True,True
1794,15,0,16,1,0.3333333333333333,closed,False,False
1792,1,0,3,0,0.0,closed,False,False
1791,1,1,3,0,0.0,closed,False,False
1790,1,0,6,0,0.0,closed,False,False
1789,1,0,6,0,0.0,closed,False,False
1788,1,0,5,0,0.0,closed,False,False
1787,1,0,2,0,0.0,closed,False,False
1786,1,0,5,0,0.0,closed,False,False
1785,1,0,5,0,0.0,closed,False,False
1784,1,0,2,1,1.0,closed,False,False
1783,1,0,7,0,0.0,closed,False,False
1782,1,0,7,0,0.0,closed,False,False
1781,3,0,0,0,0.0,closed,False,False
1777,1,1,0,0,0.0,closed,True,True
1776,1,0,5,0,0.0,closed,True,True
1775,1,0,11,1,0.2,closed,False,False
1774,1,0,2,0,0.0,closed,True,True
1771,14,14,0,0,0.0,closed,True,True
1770,1,0,5,0,0.0,closed,False,False
1769,1,0,7,1,0.3333333333333333,closed,False,False
1768,1,1,0,0,0.0,closed,True,True
1767,1,0,14,0,0.0,closed,False,False
1766,1,0,9,0,0.0,closed,True,True
1762,1,0,7,0,0.0,closed,False,False
1761,1,0,1,0,0.0,closed,False,False
1760,1,0,7,1,1.0,closed,False,False
1758,1,0,6,0,0.0,closed,False,False
1757,1,0,8,0,0.0,closed,False,False
1756,1,0,6,0,0.0,closed,True,True
1754,1,0,4,0,0.0,closed,True,True
1753,1,0,9,0,0.0,closed,False,False
1752,1,0,2,0,0.0,closed,False,False
1751,1,0,4,0,0.0,closed,False,False
1750,1,0,1,0,0.0,closed,False,False
1749,1,0,6,0,0.0,closed,False,False
1747,1,0,22,5,0.8333333333333334,closed,True,True
1746,1,0,4,0,0.0,closed,False,False
1745,1,0,4,0,0.0,closed,True,True
1744,2,0,1,0,0.0,closed,False,False
1743,1,1,1,0,0.0,closed,False,False
1738,1,0,10,0,0.0,closed,False,False
1735,2,0,6,0,0.0,closed,False,False
1733,1,0,1,0,0.0,closed,False,False
1732,1,0,0,0,0.0,closed,False,False
1731,11,7,0,0,0.0,closed,True,True
1730,1,1,1,0,0.0,closed,False,False
1729,1,0,1,0,0.0,closed,True,True
1728,1,0,2,0,0.0,closed,False,False
1727,1,0,10,2,1.0,closed,True,True
1725,1,0,12,0,0.0,closed,False,False
1724,1,0,0,0,0.0,closed,True,True
1723,1,0,1,0,0.0,closed,False,False
1722,1,0,18,1,0.5,closed,False,False
1721,1,0,13,0,0.0,closed,True,True
1720,1,0,7,2,2.0,closed,False,False
1704,1,0,6,0,0.0,closed,True,True
1703,1,0,7,0,0.0,closed,False,False
1701,1,0,9,1,0.5,closed,False,False
1700,1,0,15,3,0.5,closed,False,False
1699,1,0,5,0,0.0,closed,False,False
1697,1,0,3,0,0.0,closed,True,True
1696,15,0,3,2,0.6666666666666666,closed,False,False
1694,1,0,7,0,0.0,closed,True,True
1693,1,0,2,0,0.0,closed,False,False
1692,1,0,19,3,0.6,closed,True,True
1691,0,0,0,0,0.0,closed,False,False
1690,2,2,0,0,0.0,closed,True,True
1689,1,0,4,1,0.25,closed,True,True
1688,1,0,14,1,0.3333333333333333,closed,True,True
1687,1,0,14,0,0.0,closed,False,False
1685,1,0,0,0,0.0,closed,False,False
1684,1,0,26,3,0.42857142857142855,closed,True,True
1683,1,0,5,0,0.0,closed,True,True
1682,1,0,9,0,0.0,closed,False,False
1681,2,1,7,2,1.0,closed,True,True
1679,1,0,15,0,0.0,closed,True,True
1677,1,0,8,1,0.3333333333333333,closed,True,True
1676,1,0,17,3,0.6,closed,True,True
1675,20,0,1,2,2.0,closed,False,False
1674,1,0,1,0,0.0,closed,False,False
1672,1,0,2,0,0.0,closed,False,False
1671,1,0,2,0,0.0,closed,True,True
1670,1,0,4,0,0.0,closed,True,True
1669,1,0,12,3,0.75,closed,True,True
1668,1,0,2,0,0.0,closed,False,False
1666,1,0,7,1,0.5,closed,False,False
1665,1,0,1,0,0.0,closed,False,False
1664,1,0,3,0,0.0,closed,False,False
1663,1,0,1,0,0.0,closed,False,False
1662,1,0,4,0,0.0,closed,True,True
1660,1,0,13,0,0.0,closed,False,False
1657,1,0,3,1,1.0,closed,False,False
1656,1,0,10,3,0.75,closed,True,True
1655,1,1,3,1,1.0,closed,False,False
1654,1,0,11,2,0.6666666666666666,closed,True,True
1653,5,0,18,6,1.0,closed,True,True
1652,1,0,10,2,1.0,closed,True,True
1651,1,0,4,0,0.0,closed,True,True
1650,1,0,2,0,0.0,closed,False,False
1649,1,0,8,0,0.0,closed,True,True
1648,1,0,5,1,0.5,closed,False,False
1647,1,0,10,0,0.0,closed,True,True
1644,1,0,10,0,0.0,closed,False,False
1643,1,0,7,0,0.0,closed,False,False
1642,1,0,4,0,0.0,closed,False,False
1641,1,1,6,0,0.0,closed,False,False
1640,1,0,11,1,0.3333333333333333,closed,False,False
1639,1,0,7,2,0.6666666666666666,closed,True,True
1638,1,1,5,2,2.0,closed,False,False
1637,1,0,7,7,1.4,closed,True,True
1636,1,0,4,0,0.0,closed,False,False
1635,2,0,6,1,1.0,closed,False,False
1634,23,0,1,0,0.0,closed,False,False
1633,1,0,1,0,0.0,closed,False,False
1632,1,1,1,0,0.0,closed,False,False
1630,1,0,9,1,0.5,closed,True,True
1629,3,3,2,0,0.0,closed,False,False
1628,1,0,16,1,0.2,closed,True,True
1627,1,0,11,5,1.25,closed,True,True
1626,99,98,3,0,0.0,closed,False,False
1624,1,0,3,0,0.0,closed,False,False
1623,1,0,14,1,0.3333333333333333,closed,True,True
1622,1,0,15,0,0.0,closed,False,False
1621,1,0,2,0,0.0,closed,False,False
1620,1,0,8,0,0.0,closed,True,True
1618,0,1,1,0,0.0,closed,False,False
1616,10,10,9,8,1.3333333333333333,closed,True,True
1615,1,0,5,1,1.0,closed,True,True
1614,1,0,14,1,0.5,closed,True,True
1613,1,0,8,3,1.5,closed,True,True
1612,1,0,9,3,3.0,closed,True,True
1611,1,0,10,4,1.3333333333333333,closed,True,True
1610,1,0,11,3,0.6,closed,True,True
1609,1,0,17,1,0.5,closed,True,True
1608,1,0,7,0,0.0,closed,True,True
1607,1,0,0,0,0.0,closed,False,False
1606,1,1,4,0,0.0,closed,False,False
1605,1,0,5,0,0.0,closed,False,False
1601,1,0,8,0,0.0,closed,True,True
1600,1,0,10,1,1.0,closed,False,False
1599,1,0,1,0,0.0,closed,False,False
1597,1,0,2,0,0.0,closed,False,False
1596,1,0,4,0,0.0,closed,False,False
1595,1,0,7,3,0.75,closed,True,True
1594,1,1,2,0,0.0,closed,True,True
1593,10,10,0,0,0.0,closed,True,True
1592,1,0,7,0,0.0,closed,True,True
1591,1,0,18,0,0.0,closed,True,True
1590,1,0,10,0,0.0,closed,True,True
1589,1,0,12,0,0.0,closed,True,True
1588,2,0,0,0,0.0,closed,False,False
1586,1,1,0,0,0.0,closed,False,False
1585,8,0,13,8,2.0,closed,True,True
1584,9,6,3,0,0.0,closed,False,False
1583,1,0,1,0,0.0,closed,False,False
1582,1,0,9,0,0.0,closed,False,False
1580,1,0,3,0,0.0,closed,True,True
1579,1,1,15,0,0.0,closed,True,True
1578,1,0,1,0,0.0,closed,False,False
1577,1,0,21,0,0.0,closed,True,True
1576,1,0,7,0,0.0,closed,True,True
1574,1,0,3,0,0.0,closed,False,False
1573,1,0,14,4,0.5714285714285714,closed,True,True
1571,1,0,2,0,0.0,closed,False,False
1569,0,0,0,0,0.0,closed,False,False
1568,1,0,9,0,0.0,closed,True,True
1567,10,10,6,5,0.7142857142857143,closed,True,True
1566,1,1,1,0,0.0,closed,False,False
1564,1,0,1,0,0.0,closed,False,False
1563,1,0,4,0,0.0,closed,False,False
1562,1,0,1,0,0.0,closed,False,False
1561,1,0,1,0,0.0,closed,False,False
1560,1,0,5,3,1.0,closed,True,True
1559,1,0,1,2,1.0,closed,False,False
1558,1,0,7,0,0.0,closed,True,True
1557,1,0,5,1,1.0,closed,False,False
1556,1,0,9,6,1.2,closed,True,True
1555,1,0,1,0,0.0,closed,False,False
1554,1,0,8,0,0.0,closed,True,True
1553,1,0,4,0,0.0,closed,False,False
1550,2,0,0,0,0.0,closed,False,False
1549,1,0,0,0,0.0,closed,True,True
1548,1,0,8,0,0.0,closed,False,False
1547,1,0,12,6,1.2,closed,True,True
1546,1,0,3,0,0.0,closed,False,False
1545,1,0,9,0,0.0,closed,False,False
1544,10,0,2,0,0.0,closed,False,False
1543,10,0,0,0,0.0,closed,False,False
1542,1,0,8,1,1.0,closed,False,False
1541,1,0,6,0,0.0,closed,False,False
1540,1,0,0,0,0.0,closed,True,True
1539,1,1,0,0,0.0,closed,True,True
1538,1,0,14,0,0.0,closed,False,False
1537,1,0,8,5,1.0,closed,True,True
1536,1,0,8,1,0.3333333333333333,closed,True,True
1535,1,0,4,0,0.0,closed,False,False
1534,1,0,0,0,0.0,closed,False,False
1533,1,0,4,0,0.0,closed,False,False
1532,1,0,9,2,2.0,closed,True,True
1531,1,1,5,0,0.0,closed,False,False
1530,1,0,12,0,0.0,closed,True,True
1529,6,0,1,4,0.6666666666666666,closed,True,True
1528,1,1,7,2,0.6666666666666666,closed,False,False
1527,1,1,0,5,2.5,closed,True,True
1524,1,0,7,0,0.0,closed,False,False
1523,1,0,5,0,0.0,closed,False,False
1522,1,1,0,0,0.0,closed,True,True
1521,13,0,0,0,0.0,closed,False,False
1520,1,0,9,1,0.5,closed,False,False
1519,1,1,6,1,1.0,closed,False,False
1518,0,1,0,0,0.0,closed,True,True
1517,1,1,2,2,2.0,closed,False,False
1515,1,0,8,0,0.0,closed,True,True
1514,1,0,10,2,0.6666666666666666,closed,False,False
1513,1,0,8,0,0.0,closed,False,False
1512,1,0,5,3,0.75,closed,True,True
1511,1,1,0,0,0.0,closed,True,True
1508,3,0,1,0,0.0,closed,False,False
1507,9,9,0,0,0.0,closed,True,True
1505,4275,0,7,0,0.0,closed,False,False
1503,1,0,15,7,0.875,closed,True,True
1502,1,0,2,0,0.0,closed,False,False
1501,1,0,13,0,0.0,closed,True,True
1500,1,1,0,0,0.0,closed,True,True
1499,1,0,21,3,1.5,closed,True,True
1498,1,1,17,5,1.25,closed,False,False
1497,1,0,7,0,0.0,closed,False,False
1494,1,0,22,7,1.0,closed,True,True
1493,1,0,8,0,0.0,closed,True,True
1492,1,1,0,0,0.0,closed,True,True
1491,1,0,17,2,0.4,closed,True,True
1490,1,0,14,3,0.42857142857142855,closed,False,False
1489,1,0,5,0,0.0,closed,False,False
1488,1,1,8,0,0.0,closed,False,False
1487,1,1,4,0,0.0,closed,False,False
1486,1,0,3,0,0.0,closed,False,False
1485,1,0,11,2,1.0,closed,False,False
1484,1,1,1,0,0.0,closed,False,False
1483,1,0,9,1,0.5,closed,False,False
1482,1,0,3,4,1.3333333333333333,closed,True,True
1480,2,1,10,1,0.5,closed,False,False
1479,1,1,2,0,0.0,closed,False,False
1477,0,1,3,0,0.0,closed,True,True
1476,1,1,0,0,0.0,closed,True,True
1475,1,1,0,0,0.0,closed,True,True
1472,1,1,4,0,0.0,closed,False,False
1471,1,0,4,0,0.0,closed,True,True
1469,1,0,6,0,0.0,closed,False,False
1468,1,0,3,0,0.0,closed,False,False
1467,1,0,4,0,0.0,closed,False,False
1466,1,1,10,1,1.0,closed,False,False
1465,1,0,4,0,0.0,closed,False,False
1463,0,0,0,0,0.0,closed,False,False
1462,1,0,4,1,1.0,closed,False,False
1461,1,0,17,4,1.3333333333333333,closed,True,True
1460,1,0,2,0,0.0,closed,False,False
1457,1,0,4,0,0.0,closed,False,False
1456,1,0,9,2,0.4,closed,True,True
1454,1,0,7,1,0.5,closed,True,True
1452,1,0,13,0,0.0,closed,True,True
1451,1,0,8,0,0.0,closed,False,False
1450,2,0,1,1,1.0,closed,False,False
1449,1,0,4,0,0.0,closed,False,False
1448,1,0,4,0,0.0,closed,False,False
1447,1,0,17,6,6.0,closed,False,False
1446,1,0,6,2,0.6666666666666666,closed,False,False
1444,2,0,2,0,0.0,closed,False,False
1443,2,0,1,0,0.0,closed,False,False
1442,0,1,2,0,0.0,closed,True,True
1440,1,0,3,0,0.0,closed,False,False
1437,1,0,6,0,0.0,closed,False,False
1436,0,1,0,0,0.0,closed,True,True
1434,1,0,24,6,1.0,closed,False,False
1433,1,0,0,0,0.0,closed,False,False
1432,1,0,8,3,1.5,closed,False,False
1431,1,0,7,1,1.0,closed,False,False
1430,1,0,10,0,0.0,closed,True,True
1429,1,0,10,0,0.0,closed,False,False
1428,1,0,7,0,0.0,closed,True,True
1426,1,0,8,3,3.0,closed,False,False
1425,1,0,4,0,0.0,closed,False,False
1424,1,0,4,0,0.0,closed,False,False
1423,1,1,0,0,0.0,closed,True,True
1422,1,0,6,2,0.6666666666666666,closed,False,False
1421,2,2,6,0,0.0,closed,False,False
1420,1,0,13,2,0.4,closed,False,False
1417,1,0,3,0,0.0,closed,False,False
1416,1,0,0,0,0.0,closed,False,False
1415,1,0,11,0,0.0,closed,True,True
1414,1,0,12,0,0.0,closed,False,False
1413,1,0,8,1,1.0,closed,True,True
1412,1,1,2,0,0.0,closed,False,False
1411,6,0,2,0,0.0,closed,False,False
1410,1,0,9,1,1.0,closed,False,False
1409,1,0,2,0,0.0,closed,False,False
1408,1,0,12,0,0.0,closed,False,False
1407,1,1,2,0,0.0,closed,False,False
1406,1,1,8,0,0.0,closed,False,False
1405,1,0,2,0,0.0,closed,False,False
1402,1,0,2,0,0.0,closed,False,False
1401,1,0,5,0,0.0,closed,True,True
1400,1,0,1,0,0.0,closed,False,False
1399,1,1,1,0,0.0,closed,False,False
1398,0,0,0,0,0.0,closed,False,False
1396,3,0,8,0,0.0,closed,True,True
1395,1,0,3,0,0.0,closed,False,False
1394,542,0,6,2,0.4,closed,False,False
1393,1,0,6,0,0.0,closed,False,False
1392,1,1,0,0,0.0,closed,True,True
1390,1,0,13,0,0.0,closed,True,True
1389,1,0,10,1,0.3333333333333333,closed,False,False
1387,1,0,8,2,1.0,closed,True,True
1386,0,0,0,0,0.0,closed,False,False
1385,1,0,14,4,1.3333333333333333,closed,True,True
1384,1,0,1,1,1.0,closed,False,False
1383,1,1,3,0,0.0,closed,False,False
1380,1,0,2,0,0.0,closed,False,False
1379,1,0,3,0,0.0,closed,False,False
1378,1,0,7,3,1.5,closed,False,False
1377,1,1,4,0,0.0,closed,False,False
1376,1,1,0,0,0.0,closed,True,True
1375,1,0,10,1,0.5,closed,False,False
1374,1,0,19,1,0.3333333333333333,closed,False,False
1373,1,0,2,0,0.0,closed,False,False
1371,1,0,1,0,0.0,closed,False,False
1370,1,0,15,7,3.5,closed,True,True
1369,1,0,18,6,3.0,closed,True,True
1368,1,0,3,0,0.0,closed,False,False
1367,4,0,3,1,1.0,closed,False,False
1366,1,0,19,2,2.0,closed,False,False
1364,1,0,12,4,4.0,closed,False,False
1362,1,0,10,0,0.0,closed,False,False
1358,7,1,8,1,0.3333333333333333,closed,False,False
1357,1,0,10,0,0.0,closed,True,True
1356,1,0,4,1,1.0,closed,False,False
1353,1,0,1,0,0.0,closed,False,False
1352,6,0,2,0,0.0,closed,False,False
1351,1,0,1,0,0.0,closed,False,False
1350,1,0,7,0,0.0,closed,True,True
1349,2,2,2,0,0.0,closed,False,False
1348,1,0,1,0,0.0,closed,False,False
1347,1,0,3,0,0.0,closed,False,False
1346,1,1,5,1,0.3333333333333333,closed,False,False
1345,1,0,5,0,0.0,closed,False,False
1344,1,0,10,0,0.0,closed,False,False
1343,421,421,4,0,0.0,closed,True,True
1342,1,0,2,0,0.0,closed,False,False
1341,1,0,13,1,0.5,closed,True,True
1340,1,1,15,1,0.5,closed,False,False
1339,1,0,10,1,1.0,closed,False,False
1336,1,0,11,2,0.2222222222222222,closed,False,False
1335,1,0,8,1,1.0,closed,False,False
1334,1,0,9,0,0.0,closed,False,False
1333,1,0,2,0,0.0,closed,False,False
1332,1,0,7,4,0.8,closed,True,True
1331,1,0,19,2,0.5,closed,False,False
1330,20,0,25,0,0.0,closed,False,False
1329,20,16,1,0,0.0,closed,False,False
1328,1,0,9,8,0.7272727272727273,closed,True,True
1327,1,0,18,0,0.0,closed,True,True
1326,1,0,1,0,0.0,closed,False,False
1325,1,0,5,1,0.3333333333333333,closed,False,False
1322,90,0,6,0,0.0,closed,False,False
1321,1,0,5,0,0.0,closed,False,False
1320,1,0,10,3,3.0,closed,False,False
1319,1,0,10,1,1.0,closed,True,True
1318,1,0,4,0,0.0,closed,True,True
1317,1,0,19,3,1.5,closed,True,True
1316,1,0,14,1,0.125,closed,True,True
1315,1,1,1,0,0.0,closed,False,False
1314,1,0,10,0,0.0,closed,True,True
1313,1,0,5,0,0.0,closed,True,True
1311,1,0,8,2,2.0,closed,False,False
1310,1,0,14,0,0.0,closed,False,False
1309,40,41,2,0,0.0,closed,False,False
1308,1,0,6,1,0.5,closed,False,False
1307,1,0,3,0,0.0,closed,False,False
1305,24,95,20,1,0.5,closed,False,False
1304,1,0,9,0,0.0,closed,False,False
1303,1,1,0,0,0.0,closed,True,True
1302,10,9,11,0,0.0,closed,False,False
1301,1,0,27,0,0.0,closed,True,True
1300,1,0,6,0,0.0,closed,False,False
1298,2,2,1,0,0.0,closed,False,False
1297,1,0,10,1,0.2,closed,True,True
1296,1,0,1,0,0.0,closed,False,False
1295,4,1,1,0,0.0,closed,False,False
1294,1,0,4,0,0.0,closed,False,False
1293,1,1,0,0,0.0,closed,True,True
1292,1,0,14,0,0.0,closed,False,False
1291,1,0,8,0,0.0,closed,True,True
1290,19,29,0,0,0.0,closed,True,True
1289,1,0,8,0,0.0,closed,False,False
1286,1,0,17,0,0.0,closed,True,True
1285,1,0,9,1,0.3333333333333333,closed,False,False
1284,1,1,8,1,0.3333333333333333,closed,False,False
1280,1,0,1,0,0.0,closed,False,False
1279,1,1,0,0,0.0,closed,True,True
1278,1,0,15,3,3.0,closed,True,True
1277,1,0,4,1,0.5,closed,False,False
1276,1,0,11,2,1.0,closed,True,True
1275,1,0,3,1,1.0,closed,False,False
1274,1,0,2,0,0.0,closed,False,False
1273,1,0,1,0,0.0,closed,False,False
1272,1,1,2,0,0.0,closed,False,False
1271,1,0,1,0,0.0,closed,False,False
1270,1,0,7,0,0.0,closed,True,True
1269,2,0,6,0,0.0,closed,True,True
1268,10,4,3,0,0.0,closed,True,True
1267,1,0,14,0,0.0,closed,False,False
1265,1,0,3,0,0.0,closed,False,False
1264,7,4,10,0,0.0,closed,False,False
1262,1,0,2,0,0.0,closed,False,False
1261,1,0,1,0,0.0,closed,False,False
1260,1,0,11,0,0.0,closed,True,True
1259,1,0,2,0,0.0,closed,False,False
1257,1,0,11,0,0.0,closed,False,False
1254,4,0,4,3,3.0,closed,False,False
1253,2,0,5,1,1.0,closed,False,False
1252,0,1,0,0,0.0,closed,True,True
1249,1,0,5,0,0.0,closed,False,False
1248,1,1,3,0,0.0,closed,False,False
1247,1,0,20,1,0.3333333333333333,closed,False,False
1246,1,0,3,1,1.0,closed,False,False
1245,1,0,4,3,3.0,closed,False,False
1243,0,0,0,0,0.0,closed,False,False
1242,1,0,2,0,0.0,closed,False,False
1241,1,0,5,1,1.0,closed,False,False
1240,1,0,11,3,3.0,closed,False,False
1239,1,0,9,0,0.0,closed,True,True
1238,1,0,8,0,0.0,closed,True,True
1237,1,0,1,0,0.0,closed,False,False
1235,1,1,5,0,0.0,closed,False,False
1234,1,0,15,3,0.75,closed,False,False
1233,1,0,3,0,0.0,closed,False,False
1232,1,0,10,1,0.5,closed,False,False
1231,1,0,5,0,0.0,closed,False,False
1230,1,0,5,0,0.0,closed,False,False
1229,1,0,4,0,0.0,closed,False,False
1228,1,0,4,0,0.0,closed,False,False
1226,1,0,15,2,0.2857142857142857,closed,True,True
1224,1,0,7,0,0.0,closed,False,False
1223,1,0,5,2,2.0,closed,False,False
1222,1,0,3,0,0.0,closed,False,False
1220,1,0,3,0,0.0,closed,False,False
1219,1,0,3,0,0.0,closed,False,False
1218,1,0,4,2,1.0,closed,False,False
1217,1,0,6,0,0.0,closed,False,False
1216,1,0,1,0,0.0,closed,False,False
1215,1,0,6,0,0.0,closed,False,False
1214,20,0,5,5,2.5,closed,False,False
1213,6,1,3,2,2.0,closed,False,False
1212,1,0,1,0,0.0,closed,False,False
1211,1,0,6,0,0.0,closed,False,False
1207,1,0,2,0,0.0,closed,False,False
1205,1,0,1,0,0.0,closed,False,False
1202,1,0,2,0,0.0,closed,False,False
1200,1,1,4,0,0.0,closed,False,False
1199,1,1,3,0,0.0,closed,False,False
1197,1,0,1,0,0.0,closed,False,False
1195,1,0,10,2,0.6666666666666666,closed,False,False
1194,1,0,1,0,0.0,closed,False,False
1192,1,1,5,0,0.0,closed,False,False
1191,1,1,0,0,0.0,closed,True,True
1190,1,0,1,0,0.0,closed,False,False
1189,1,0,6,0,0.0,closed,False,False
1188,1,0,12,2,2.0,closed,False,False
1187,1,0,7,0,0.0,closed,False,False
1186,1,0,4,0,0.0,closed,False,False
1185,1,0,3,0,0.0,closed,False,False
1183,2,1,4,0,0.0,closed,False,False
1182,1,0,5,0,0.0,closed,False,False
1181,1,1,3,0,0.0,closed,False,False
1180,1,1,5,0,0.0,closed,False,False
1179,1,0,3,0,0.0,closed,False,False
1178,1,0,15,3,1.5,closed,True,True
1177,1,0,9,0,0.0,closed,True,True
1175,1,0,3,0,0.0,closed,False,False
1174,1,0,9,0,0.0,closed,False,False
1173,1,0,2,1,1.0,closed,False,False
1171,1,0,12,0,0.0,closed,True,True
1169,1,0,3,0,0.0,closed,False,False
1168,1,0,10,2,0.6666666666666666,closed,False,False
1167,2,1,3,0,0.0,closed,False,False
1166,1,0,7,0,0.0,closed,False,False
1164,2,2,10,3,1.0,closed,False,False
1163,1,1,0,0,0.0,closed,True,True
1162,1,0,4,0,0.0,closed,False,False
1161,1,0,5,0,0.0,closed,False,False
1160,1,0,13,0,0.0,closed,True,True
1159,1,0,7,0,0.0,closed,False,False
1158,1,1,2,0,0.0,closed,False,False
1157,29,0,12,0,0.0,closed,False,False
1156,1,1,0,0,0.0,closed,True,True
1155,1,0,8,4,0.8,closed,True,True
1154,1,0,12,0,0.0,closed,False,False
1152,1,0,36,2,0.5,closed,True,True
1150,1,0,1,0,0.0,closed,False,False
1149,1,1,7,0,0.0,closed,False,False
1145,1,0,1,0,0.0,closed,False,False
1144,3,3,0,0,0.0,closed,False,False
1143,1,0,6,2,2.0,closed,False,False
1142,1,0,16,0,0.0,closed,True,True
1141,1,0,3,0,0.0,closed,False,False
1139,1,1,16,0,0.0,closed,False,False
1137,8,4,1,0,0.0,closed,False,False
1136,1,0,1,0,0.0,closed,False,False
1135,8,4,2,0,0.0,closed,False,False
1134,296,289,1,0,0.0,closed,False,False
1133,2,2,1,0,0.0,closed,False,False
1132,1,0,3,0,0.0,closed,False,False
1131,1,1,1,0,0.0,closed,True,True
1130,1,0,2,0,0.0,closed,False,False
1129,1,0,15,0,0.0,closed,True,True
1128,1,1,6,0,0.0,closed,False,False
1127,1,0,6,2,2.0,closed,False,False
1126,1,1,1,0,0.0,closed,False,False
1125,1,0,14,1,0.16666666666666666,closed,True,True
1124,1,0,13,2,1.0,closed,False,False
1123,0,0,0,0,0.0,closed,False,False
1122,3,5,1,0,0.0,closed,True,True
1121,10,10,1,4,1.3333333333333333,closed,True,True
1120,1,0,0,0,0.0,closed,False,False
1119,1,0,1,0,0.0,closed,False,False
1117,1,0,5,1,1.0,closed,False,False
1116,1,0,3,0,0.0,closed,True,True
1115,1,0,3,2,2.0,closed,False,False
1114,1,0,3,0,0.0,closed,False,False
1113,1,0,7,1,1.0,closed,False,False
1112,1,0,1,0,0.0,closed,False,False
1111,7,10,0,0,0.0,closed,True,True
1110,1,0,2,0,0.0,closed,False,False
1108,1,0,2,0,0.0,closed,False,False
1107,1,0,7,0,0.0,closed,False,False
1106,10,9,4,0,0.0,closed,False,False
1105,1,0,1,0,0.0,closed,False,False
1103,1,0,1,0,0.0,closed,False,False
1102,11,11,1,3,1.0,closed,True,True
1100,1,0,7,1,0.25,closed,False,False
1099,1,1,3,0,0.0,closed,False,False
1098,1,0,10,1,1.0,closed,False,False
1097,1,0,7,2,0.6666666666666666,closed,False,False
1096,1,0,13,0,0.0,closed,False,False
1095,1,0,6,0,0.0,closed,False,False
1094,1,0,3,0,0.0,closed,False,False
1093,1,0,8,0,0.0,closed,False,False
1092,1,0,1,0,0.0,closed,False,False
1091,1,1,8,1,1.0,closed,False,False
1090,1,0,5,1,1.0,closed,False,False
1089,1,1,2,2,2.0,closed,False,False
1087,1,0,9,2,0.5,closed,True,True
1086,1,0,13,0,0.0,closed,False,False
1085,1,0,1,0,0.0,closed,False,False
1084,1,0,7,3,0.42857142857142855,closed,True,True
1083,1,1,4,0,0.0,closed,False,False
1082,1,0,11,1,0.25,closed,False,False
1081,3,3,1,1,0.5,closed,True,True
1080,1,0,6,2,1.0,closed,False,False
1079,1,1,3,0,0.0,closed,False,False
1078,1,0,2,0,0.0,closed,False,False
1077,1,1,0,0,0.0,closed,True,True
1076,1,0,3,1,1.0,closed,False,False
1075,1,0,1,0,0.0,closed,False,False
1074,1,0,14,0,0.0,closed,True,True
1073,1,0,1,0,0.0,closed,False,False
1071,1,0,8,1,1.0,closed,False,False
1070,1,0,6,1,0.25,closed,True,True
1069,2,0,7,5,2.5,closed,False,False
1068,1,0,5,0,0.0,closed,False,False
1067,1,0,7,0,0.0,closed,False,False
1066,1,0,1,0,0.0,closed,False,False
1064,1,0,1,0,0.0,closed,False,False
1062,1,0,3,0,0.0,closed,False,False
1061,1,1,1,0,0.0,closed,False,False
1060,1,1,0,0,0.0,closed,True,True
1059,1,0,5,0,0.0,closed,False,False
1058,1,0,11,5,5.0,closed,True,True
1056,1,0,1,0,0.0,closed,False,False
1055,1,0,2,0,0.0,closed,False,False
1054,69,14,2,1,0.043478260869565216,closed,False,False
1053,1,0,6,0,0.0,closed,True,True
1052,1,0,7,0,0.0,closed,False,False
1050,0,0,2,0,0.0,closed,False,False
1049,1,0,12,1,1.0,closed,False,False
1047,1,0,11,0,0.0,closed,True,True
1046,1,0,6,1,0.125,closed,True,True
1045,1,0,3,1,0.2,closed,True,True
1044,22,20,2,12,3.0,closed,False,False
1043,1,0,3,0,0.0,closed,False,False
1042,1,0,11,0,0.0,closed,False,False
1041,1,0,8,0,0.0,closed,False,False
1039,0,0,0,0,0.0,closed,False,False
1038,1,0,5,0,0.0,closed,False,False
1037,1,0,3,1,0.5,closed,True,True
1034,1,0,4,0,0.0,closed,True,True
1033,1,0,10,2,0.6666666666666666,closed,True,True
1032,1,0,5,0,0.0,closed,False,False
1030,1,0,0,0,0.0,closed,False,False
1029,1,0,3,0,0.0,closed,True,True
1028,1,0,5,0,0.0,closed,True,True
1027,1,0,3,0,0.0,closed,True,True
1025,1,0,6,2,1.0,closed,True,True
1024,1,0,1,0,0.0,closed,False,False
1023,1,0,0,0,0.0,closed,False,False
1022,1,0,4,0,0.0,closed,False,False
1021,1,0,8,0,0.0,closed,False,False
1020,10,1,4,0,0.0,closed,False,False
1019,9,2,2,0,0.0,closed,False,False
1018,1,0,12,1,0.1111111111111111,closed,True,True
1017,7,0,5,0,0.0,closed,True,True
1016,1,0,5,3,0.75,closed,False,False
1015,1,0,3,0,0.0,closed,True,True
1014,1,0,3,0,0.0,closed,True,True
1013,1,0,19,1,0.3333333333333333,closed,False,False
1012,1,0,6,2,1.0,closed,True,True
1011,17,17,4,0,0.0,closed,True,True
1010,5,0,1,0,0.0,closed,False,False
1009,1,0,16,0,0.0,closed,True,True
1007,1,0,3,1,1.0,closed,False,False
1004,1,0,3,0,0.0,closed,False,False
1002,2,2,6,0,0.0,closed,True,True
1001,1,0,8,0,0.0,closed,True,True
1000,1,0,2,0,0.0,closed,True,True
999,1,0,2,0,0.0,closed,False,False
998,1,0,10,1,0.3333333333333333,closed,True,True
997,1,1,0,0,0.0,closed,True,True
996,1,0,4,0,0.0,closed,True,True
995,1,0,2,0,0.0,closed,False,False
994,1,0,2,0,0.0,closed,False,False
993,1,1,0,0,0.0,closed,False,False
992,1,0,3,1,0.5,closed,True,True
991,1,0,4,0,0.0,closed,False,False
990,1,0,8,1,1.0,closed,True,True
989,1,1,3,0,0.0,closed,False,False
988,14,2,11,1,0.0625,closed,False,False
987,1,1,2,0,0.0,closed,True,True
986,1,0,1,0,0.0,closed,False,False
985,1,0,3,0,0.0,closed,True,True
984,1,0,2,0,0.0,closed,True,True
983,1,0,9,0,0.0,closed,False,False
982,1,0,4,0,0.0,closed,True,True
981,9,1,10,0,0.0,closed,False,False
980,1,0,1,0,0.0,closed,False,False
978,1,0,15,1,0.5,closed,True,True
976,1,0,11,0,0.0,closed,True,True
974,1,0,9,0,0.0,closed,True,True
973,0,0,1,0,0.0,closed,False,False
972,1,0,2,0,0.0,closed,False,False
971,1,0,5,1,0.3333333333333333,closed,False,False
970,1,0,4,0,0.0,closed,False,False
969,1,0,9,0,0.0,closed,True,True
968,1,1,0,0,0.0,closed,False,False
967,6,2,5,0,0.0,closed,True,True
966,1,0,1,0,0.0,closed,True,True
965,1,0,8,1,0.2,closed,True,True
964,1,0,1,0,0.0,closed,False,False
963,1,0,0,0,0.0,closed,True,True
962,1,0,10,3,0.75,closed,True,True
960,1,1,2,0,0.0,closed,False,False
959,1,1,0,0,0.0,closed,True,True
957,1,0,1,0,0.0,closed,False,False
956,10,10,0,6,6.0,closed,False,False
955,1,0,3,0,0.0,closed,False,False
954,1,0,17,0,0.0,closed,True,True
953,1,1,1,0,0.0,closed,False,False
952,1,0,1,0,0.0,closed,False,False
951,1,0,9,0,0.0,closed,False,False
950,1,0,3,0,0.0,closed,False,False
949,1,1,6,0,0.0,closed,False,False
948,1,0,3,0,0.0,closed,False,False
947,1,0,0,0,0.0,closed,False,False
946,2,1,2,0,0.0,closed,False,False
945,1,0,2,0,0.0,closed,True,True
944,1,0,16,0,0.0,closed,True,True
943,1,0,4,0,0.0,closed,False,False
942,1,0,1,0,0.0,closed,False,False
941,1,0,3,0,0.0,closed,True,True
940,1,0,1,0,0.0,closed,False,False
939,1,0,1,0,0.0,closed,False,False
938,1,0,1,0,0.0,closed,False,False
936,0,1,3,0,0.0,closed,True,True
935,1,1,0,0,0.0,closed,True,True
934,1,0,17,2,0.25,closed,True,True
933,1,0,1,0,0.0,closed,False,False
932,2,0,4,0,0.0,closed,False,False
931,1,0,1,0,0.0,closed,False,False
930,1,0,9,0,0.0,closed,True,True
925,1,0,14,1,1.0,closed,True,True
924,1,0,4,2,0.6666666666666666,closed,False,False
923,1,0,5,1,0.25,closed,True,True
921,1,0,7,0,0.0,closed,False,False
920,1,0,1,0,0.0,closed,False,False
919,2,2,7,1,1.0,closed,True,True
918,1,0,14,0,0.0,closed,False,False
917,1,0,3,0,0.0,closed,False,False
916,1,0,15,4,1.0,closed,True,True
915,1,0,3,1,0.5,closed,False,False
914,1,0,8,4,1.3333333333333333,closed,True,True
913,1,0,2,0,0.0,closed,False,False
912,0,2,3,0,0.0,closed,True,True
911,1,0,8,1,0.3333333333333333,closed,True,True
910,1,1,1,0,0.0,closed,False,False
909,1,0,4,0,0.0,closed,True,True
907,2,1,1,0,0.0,closed,False,False
906,1,0,1,0,0.0,closed,False,False
905,1,0,1,0,0.0,closed,False,False
904,2,1,1,0,0.0,closed,False,False
903,1,0,10,2,0.5,closed,True,True
902,1,0,9,0,0.0,closed,True,True
901,1,0,2,0,0.0,closed,False,False
900,1,0,5,3,1.5,closed,False,False
899,1,0,8,0,0.0,closed,False,False
898,1,0,10,1,0.16666666666666666,closed,True,True
896,1,0,12,2,0.6666666666666666,closed,False,False
895,1,0,9,3,3.0,closed,False,False
894,1,0,4,0,0.0,closed,True,True
893,1,1,2,0,0.0,closed,False,False
892,1,0,3,0,0.0,closed,False,False
890,1,0,1,0,0.0,closed,False,False
889,5,0,2,0,0.0,closed,False,False
888,1,0,1,0,0.0,closed,False,False
887,1,0,7,0,0.0,closed,True,True
886,1,0,2,0,0.0,closed,False,False
885,1,0,2,0,0.0,closed,True,True
884,1,0,0,1,1.0,closed,False,False
883,1,1,1,0,0.0,closed,False,False
882,2,0,12,4,1.3333333333333333,closed,False,False
881,1,0,4,0,0.0,closed,False,False
880,1,0,1,0,0.0,closed,False,False
879,1,0,3,0,0.0,closed,False,False
878,1,0,6,2,1.0,closed,True,True
877,2,2,1,0,0.0,closed,True,True
876,1,1,1,0,0.0,closed,False,False
875,1,1,1,0,0.0,closed,True,True
874,1,0,1,0,0.0,closed,False,False
871,29,14,1,2,1.0,closed,True,True
870,1,0,3,0,0.0,closed,False,False
869,1,0,4,0,0.0,closed,True,True
868,10,4,2,0,0.0,closed,True,True
867,1,0,1,0,0.0,closed,False,False
866,1,0,4,1,0.5,closed,False,False
865,1,0,5,0,0.0,closed,True,True
864,1,0,6,0,0.0,closed,True,True
863,1,0,3,0,0.0,closed,False,False
862,1,0,2,0,0.0,closed,False,False
861,1,0,1,0,0.0,closed,False,False
860,1,0,1,0,0.0,closed,False,False
859,1,0,6,1,0.3333333333333333,closed,False,False
858,2,1,7,0,0.0,closed,False,False
857,4,1,5,3,1.5,closed,False,False
856,1,0,3,0,0.0,closed,False,False
855,1,0,1,0,0.0,closed,False,False
854,1,0,1,0,0.0,closed,False,False
853,1,0,5,0,0.0,closed,False,False
852,2,0,7,1,0.2,closed,False,False
851,1,0,8,1,0.3333333333333333,closed,True,True
849,1,0,3,0,0.0,closed,False,False
848,1,0,2,0,0.0,closed,False,False
847,1,1,10,0,0.0,closed,True,True
846,1,0,2,2,0.6666666666666666,closed,True,True
845,1,0,5,1,0.3333333333333333,closed,True,True
844,3,0,8,0,0.0,closed,True,True
843,1,0,4,0,0.0,closed,True,True
842,2,1,9,2,0.5,closed,False,False
841,1,0,3,0,0.0,closed,False,False
840,4,0,2,0,0.0,closed,False,False
839,1,0,1,0,0.0,closed,False,False
838,1,1,1,0,0.0,closed,False,False
837,8,0,1,0,0.0,closed,False,False
836,1,0,4,0,0.0,closed,False,False
834,1,0,14,6,1.2,closed,True,True
833,1,0,5,0,0.0,closed,False,False
832,1,0,0,0,0.0,closed,False,False
831,1,1,1,0,0.0,closed,True,True
830,1,0,4,2,1.0,closed,True,True
829,1,1,3,0,0.0,closed,False,False
828,1,0,2,0,0.0,closed,False,False
827,1,0,3,0,0.0,closed,False,False
826,1,0,6,0,0.0,closed,True,True
825,24,0,5,0,0.0,closed,False,False
823,1,0,4,0,0.0,closed,False,False
822,1,1,1,0,0.0,closed,False,False
821,1,0,10,2,0.2857142857142857,closed,True,True
820,1,0,7,0,0.0,closed,True,True
819,1,0,1,0,0.0,closed,False,False
818,1,0,3,1,0.5,closed,True,True
817,1,0,4,0,0.0,closed,False,False
816,1,0,3,1,0.5,closed,True,True
815,343,342,2,0,0.0,closed,False,False
814,1,0,7,1,0.09090909090909091,closed,True,True
813,1,0,1,0,0.0,closed,False,False
812,1,0,10,0,0.0,closed,False,False
811,1,0,9,7,1.1666666666666667,closed,True,True
810,1,0,6,2,0.5,closed,True,True
809,1,0,1,0,0.0,closed,False,False
808,1,0,12,0,0.0,closed,True,True
807,1,0,2,0,0.0,closed,False,False
806,1,0,2,1,1.0,closed,False,False
805,1,0,1,0,0.0,closed,False,False
804,1,0,4,0,0.0,closed,True,True
803,1,1,1,0,0.0,closed,False,False
802,1,0,3,0,0.0,closed,False,False
800,1,0,12,0,0.0,closed,False,False
799,1,1,0,2,2.0,closed,True,True
798,1,0,3,1,1.0,closed,False,False
797,1,1,1,0,0.0,closed,False,False
796,1,0,2,0,0.0,closed,False,False
795,1,1,1,0,0.0,closed,False,False
794,1,1,0,0,0.0,closed,False,False
793,1,0,1,0,0.0,closed,False,False
792,1,0,2,0,0.0,closed,False,False
791,1,0,1,0,0.0,closed,False,False
790,0,0,0,0,0.0,closed,False,False
789,1,0,10,0,0.0,closed,False,False
788,1,0,1,0,0.0,closed,False,False
787,1,0,1,0,0.0,closed,False,False
786,1,0,2,0,0.0,closed,False,False
785,1,1,1,0,0.0,closed,True,True
783,1,0,3,1,1.0,closed,False,False
782,1,0,5,2,1.0,closed,True,True
781,1,0,5,2,1.0,closed,False,False
780,1,0,12,1,0.5,closed,False,False
779,1,0,8,0,0.0,closed,True,True
778,1,0,3,2,0.6666666666666666,closed,True,True
777,1,0,2,1,1.0,closed,True,True
776,2,2,2,0,0.0,closed,True,True
775,1,0,6,0,0.0,closed,False,False
774,1,0,3,0,0.0,closed,True,True
773,2,1,8,0,0.0,closed,True,True
771,1,1,0,0,0.0,closed,True,True
770,1,0,15,2,0.4,closed,True,True
769,1,0,7,1,0.3333333333333333,closed,True,True
768,1,0,1,0,0.0,closed,False,False
766,1,1,1,0,0.0,closed,False,False
765,1,0,1,0,0.0,closed,False,False
764,1,0,8,0,0.0,closed,False,False
763,1,1,1,0,0.0,closed,False,False
762,1,0,9,6,1.0,closed,True,True
761,1,0,18,2,0.6666666666666666,closed,True,True
760,1,0,8,3,0.6,closed,True,True
759,1,0,1,0,0.0,closed,False,False
758,3,3,2,0,0.0,closed,False,False
756,1,0,5,2,1.0,closed,True,True
755,1,0,5,4,4.0,closed,False,False
754,1,0,1,0,0.0,closed,False,False
753,1,0,2,0,0.0,closed,True,True
751,1,0,8,0,0.0,closed,True,True
750,1,0,7,1,0.5,closed,True,True
749,0,0,0,0,0.0,closed,False,False
747,1,0,3,1,0.5,closed,True,True
746,2,1,8,1,0.3333333333333333,closed,True,True
744,1,0,4,0,0.0,closed,False,False
743,1,0,1,0,0.0,closed,False,False
742,1,0,6,0,0.0,closed,True,True
741,1,0,5,6,6.0,closed,True,True
740,1,1,4,0,0.0,closed,True,True
739,1,0,1,0,0.0,closed,False,False
738,1,0,10,0,0.0,closed,False,False
737,1,0,2,0,0.0,closed,False,False
735,2,1,7,4,1.3333333333333333,closed,True,True
734,1,1,0,0,0.0,closed,True,True
733,1,1,0,0,0.0,closed,True,True
730,1,0,6,2,2.0,closed,True,True
729,1,0,6,0,0.0,closed,False,False
728,1,0,1,0,0.0,closed,False,False
727,1,0,6,0,0.0,closed,True,True
726,1,0,14,1,0.5,closed,True,True
725,1,1,2,1,0.5,closed,True,True
724,1,0,9,0,0.0,closed,True,True
723,12,12,1,0,0.0,closed,True,True
722,1,0,1,0,0.0,closed,False,False
721,1,0,2,0,0.0,closed,False,False
720,1,0,3,0,0.0,closed,False,False
719,7,2,1,0,0.0,closed,False,False
716,1,0,0,0,0.0,closed,False,False
715,1,0,3,0,0.0,closed,False,False
712,1,0,4,0,0.0,closed,True,True
711,1,0,2,0,0.0,closed,False,False
710,1,0,3,0,0.0,closed,False,False
708,1,0,2,0,0.0,closed,False,False
707,1,0,1,0,0.0,closed,False,False
706,1,0,4,0,0.0,closed,False,False
705,1,1,7,0,0.0,closed,True,True
704,1,0,5,0,0.0,closed,False,False
702,1,0,0,0,0.0,closed,False,False
701,2,1,13,4,2.0,closed,True,True
700,1,0,9,0,0.0,closed,True,True
698,1,0,7,0,0.0,closed,False,False
696,1,0,2,0,0.0,closed,False,False
695,1,0,7,0,0.0,closed,False,False
694,1,0,1,1,0.5,closed,True,True
692,1,0,4,1,1.0,closed,True,True
691,1,0,2,0,0.0,closed,False,False
690,1,0,10,0,0.0,closed,False,False
689,1,1,1,0,0.0,closed,False,False
688,1,1,5,0,0.0,closed,False,False
686,1,0,0,0,0.0,closed,True,True
684,1,1,3,0,0.0,closed,True,True
682,1,1,3,0,0.0,closed,False,False
681,1,0,4,0,0.0,closed,False,False
680,1,0,3,0,0.0,closed,False,False
679,1,0,2,0,0.0,closed,False,False
678,1,0,1,0,0.0,closed,False,False
676,3,3,1,5,2.5,closed,True,True
675,1,1,3,0,0.0,closed,False,False
674,1,0,1,0,0.0,closed,False,False
673,2,2,2,1,0.3333333333333333,closed,False,False
672,1,0,8,0,0.0,closed,True,True
670,19,0,3,10,3.3333333333333335,closed,True,True
669,1,0,3,0,0.0,closed,False,False
668,1,0,8,2,2.0,closed,False,False
667,1,0,5,2,0.6666666666666666,closed,False,False
666,1,0,5,0,0.0,closed,True,True
665,1,0,3,0,0.0,closed,False,False
664,1,0,2,0,0.0,closed,False,False
662,1,0,1,0,0.0,closed,False,False
660,1,0,9,1,0.5,closed,True,True
659,1,0,0,0,0.0,closed,True,True
658,1,0,2,0,0.0,closed,False,False
657,1,0,1,0,0.0,closed,False,False
656,2,0,2,0,0.0,closed,False,False
655,1,0,2,1,1.0,closed,True,True
654,3,0,2,0,0.0,closed,False,False
653,1,0,5,0,0.0,closed,True,True
652,1,1,4,0,0.0,closed,False,False
651,1,0,1,0,0.0,closed,True,True
649,1,0,2,0,0.0,closed,False,False
648,1,0,2,0,0.0,closed,False,False
647,1,0,1,0,0.0,closed,False,False
646,1,0,1,1,1.0,closed,False,False
645,3,0,2,0,0.0,closed,False,False
644,1,0,8,0,0.0,closed,False,False
642,1,0,4,0,0.0,closed,False,False
641,1,0,4,0,0.0,closed,True,True
640,3,0,2,0,0.0,closed,False,False
639,2,0,1,0,0.0,closed,False,False
638,1,0,1,0,0.0,closed,False,False
637,1,0,2,0,0.0,closed,False,False
636,1,0,11,2,2.0,closed,True,True
635,0,1,1,0,0.0,closed,True,True
634,0,1,0,0,0.0,closed,False,False
632,2,0,2,0,0.0,closed,False,False
631,1,1,2,0,0.0,closed,False,False
630,1,0,6,0,0.0,closed,False,False
629,57,39,13,2,1.0,closed,False,False
627,1,0,12,0,0.0,closed,False,False
626,413,0,5,0,0.0,closed,False,False
625,1,0,2,0,0.0,closed,False,False
624,1,0,1,0,0.0,closed,False,False
622,1,0,1,0,0.0,closed,False,False
620,1,0,4,0,0.0,closed,False,False
619,1,0,2,0,0.0,closed,False,False
618,1,0,2,0,0.0,closed,False,False
617,1,1,2,0,0.0,closed,False,False
616,2,0,2,0,0.0,closed,False,False
615,2,0,17,0,0.0,closed,False,False
614,1,0,8,0,0.0,closed,True,True
613,2,0,3,0,0.0,closed,False,False
612,2,0,9,2,2.0,closed,False,False
611,1,0,7,0,0.0,closed,True,True
610,1,0,4,0,0.0,closed,False,False
609,1,1,2,0,0.0,closed,False,False
608,1,0,3,0,0.0,closed,False,False
607,1,0,4,0,0.0,closed,False,False
606,1,1,3,0,0.0,closed,False,False
605,1,0,5,0,0.0,closed,False,False
604,1,0,1,0,0.0,closed,False,False
603,2,0,7,0,0.0,closed,False,False
602,1,0,1,0,0.0,closed,False,False
601,1,0,2,0,0.0,closed,False,False
600,1,0,2,0,0.0,closed,False,False
599,1,0,1,0,0.0,closed,False,False
598,0,0,0,0,0.0,closed,False,False
597,1,0,1,0,0.0,closed,False,False
596,1,0,10,2,2.0,closed,False,False
595,1,0,1,0,0.0,closed,False,False
594,1,0,5,1,1.0,closed,False,False
593,1,0,2,0,0.0,closed,False,False
591,1,1,11,0,0.0,closed,False,False
590,1,0,2,0,0.0,closed,False,False
589,1,0,2,0,0.0,closed,True,True
588,1,0,4,0,0.0,closed,False,False
587,1,0,2,0,0.0,closed,False,False
586,1,0,1,0,0.0,closed,False,False
585,1,0,3,0,0.0,closed,False,False
584,1,1,0,0,0.0,closed,False,False
583,1,0,18,0,0.0,closed,False,False
582,2,1,2,0,0.0,closed,False,False
581,1,1,1,0,0.0,closed,True,True
580,1,1,1,0,0.0,closed,False,False
579,1,0,3,0,0.0,closed,False,False
578,1,1,0,0,0.0,closed,False,False
577,1,0,1,0,0.0,closed,False,False
576,1,0,6,0,0.0,closed,False,False
575,1,0,5,0,0.0,closed,False,False
574,1,0,4,0,0.0,closed,False,False
573,1,0,4,1,1.0,closed,False,False
572,1,0,1,0,0.0,closed,False,False
571,1,1,1,0,0.0,closed,False,False
570,1,0,1,0,0.0,closed,False,False
568,1,0,1,0,0.0,closed,False,False
567,1,0,2,0,0.0,closed,False,False
566,1,0,2,0,0.0,closed,False,False
565,1,0,2,0,0.0,closed,True,True
564,1,0,1,0,0.0,closed,False,False
563,1,1,2,0,0.0,closed,False,False
562,1,1,0,0,0.0,closed,False,False
561,1,0,2,0,0.0,closed,False,False
560,1,0,1,0,0.0,closed,False,False
559,2,2,1,0,0.0,closed,True,True
558,1,0,2,0,0.0,closed,False,False
557,7,4,3,0,0.0,closed,False,False
555,1,0,2,0,0.0,closed,False,False
554,1,1,1,0,0.0,closed,False,False
553,1,1,1,0,0.0,closed,False,False
552,1,0,2,0,0.0,closed,False,False
551,1,0,0,0,0.0,closed,False,False
549,1,1,0,0,0.0,closed,True,True
547,1,0,0,5,5.0,closed,False,False
546,1,0,1,0,0.0,closed,False,False
545,1,0,1,0,0.0,closed,False,False
543,1,0,2,0,0.0,closed,False,False
542,1,1,0,0,0.0,closed,True,True
541,1,1,3,0,0.0,closed,False,False
540,1,1,1,0,0.0,closed,True,True
539,1,0,1,2,0.6666666666666666,closed,False,False
538,1,1,0,0,0.0,closed,True,True
536,1,1,9,0,0.0,closed,True,True
535,1,0,3,0,0.0,closed,False,False
534,1,0,7,0,0.0,closed,False,False
533,0,0,0,0,0.0,closed,False,False
532,1,0,1,0,0.0,closed,False,False
531,1,0,3,2,1.0,closed,False,False
530,1,0,5,0,0.0,closed,False,False
529,1,0,19,0,0.0,closed,False,False
528,1,0,15,0,0.0,closed,False,False
527,1,0,3,0,0.0,closed,False,False
526,1,0,3,1,1.0,closed,False,False
525,1,1,1,0,0.0,closed,False,False
524,1,0,2,0,0.0,closed,False,False
523,1,0,2,0,0.0,closed,False,False
522,1,1,1,0,0.0,closed,False,False
521,1,0,2,0,0.0,closed,True,True
520,1,0,1,0,0.0,closed,False,False
519,1,1,0,0,0.0,closed,True,True
518,7,1,0,0,0.0,closed,False,False
515,1,0,1,0,0.0,closed,False,False
514,1,0,3,0,0.0,closed,False,False
513,1,0,1,0,0.0,closed,False,False
512,1,0,1,0,0.0,closed,False,False
511,1,0,2,1,0.5,closed,False,False
510,1,0,2,0,0.0,closed,False,False
509,1,0,1,0,0.0,closed,False,False
508,1,0,1,0,0.0,closed,False,False
507,1,0,5,2,0.3333333333333333,closed,False,False
506,1,0,2,0,0.0,closed,False,False
505,1,0,5,4,1.3333333333333333,closed,False,False
503,1,1,4,0,0.0,closed,False,False
502,1,0,3,0,0.0,closed,False,False
500,1,0,2,0,0.0,closed,False,False
499,1,0,7,0,0.0,closed,False,False
498,1,1,1,0,0.0,closed,False,False
497,1,0,6,0,0.0,closed,False,False
496,1,0,8,0,0.0,closed,False,False
495,4,4,0,0,0.0,closed,True,True
494,3,3,5,0,0.0,closed,True,True
493,1,1,0,0,0.0,closed,True,True
492,1,0,2,0,0.0,closed,True,True
491,1,0,2,0,0.0,closed,False,False
490,1,0,0,0,0.0,closed,True,True
489,1,0,0,0,0.0,closed,False,False
488,1,1,1,0,0.0,closed,True,True
487,1,0,8,0,0.0,closed,False,False
486,1,1,0,0,0.0,closed,True,True
485,2,2,0,0,0.0,closed,True,True
484,1,1,0,0,0.0,closed,True,True
483,1,0,2,0,0.0,closed,True,True
482,1,0,4,0,0.0,closed,False,False
481,2,0,0,0,0.0,closed,False,False
480,1,0,4,0,0.0,closed,False,False
478,7,0,2,0,0.0,closed,False,False
476,1,0,4,1,0.3333333333333333,closed,False,False
475,1,0,2,0,0.0,closed,False,False
474,1,0,2,0,0.0,closed,False,False
473,1,0,3,0,0.0,closed,False,False
472,1,0,4,0,0.0,closed,False,False
471,1,0,1,0,0.0,closed,False,False
469,1,0,3,0,0.0,closed,False,False
468,1,0,5,0,0.0,closed,False,False
467,1,0,0,0,0.0,closed,True,True
466,1,0,5,0,0.0,closed,False,False
465,1,0,0,0,0.0,closed,False,False
464,1,0,0,0,0.0,closed,False,False
463,1,1,3,0,0.0,closed,False,False
462,1,0,3,3,1.0,closed,False,False
461,1,0,2,0,0.0,closed,False,False
460,1,0,1,0,0.0,closed,False,False
459,1,0,4,0,0.0,closed,False,False
458,1,0,1,0,0.0,closed,True,True
457,1,1,6,0,0.0,closed,False,False
456,1,0,2,0,0.0,closed,False,False
455,1,0,1,0,0.0,closed,False,False
454,0,1,0,0,0.0,closed,True,True
453,1,0,4,1,1.0,closed,False,False
452,1,0,2,0,0.0,closed,False,False
451,1,0,6,1,0.2,closed,False,False
450,1,0,5,0,0.0,closed,False,False
449,1,0,3,0,0.0,closed,False,False
448,1,0,3,0,0.0,closed,False,False
447,1,0,1,0,0.0,closed,False,False
446,1,0,2,0,0.0,closed,False,False
445,1,0,6,0,0.0,closed,False,False
443,1,0,5,0,0.0,closed,False,False
442,1,0,6,5,5.0,closed,False,False
441,1,0,6,0,0.0,closed,False,False
440,1,1,0,0,0.0,closed,True,True
439,1,0,1,0,0.0,closed,False,False
438,1,0,5,0,0.0,closed,False,False
437,1,0,1,0,0.0,closed,False,False
436,1,0,2,0,0.0,closed,False,False
434,1,1,0,0,0.0,closed,False,False
433,1,0,4,0,0.0,closed,False,False
432,1,0,2,0,0.0,closed,False,False
431,1,0,3,0,0.0,closed,False,False
430,1,0,2,0,0.0,closed,False,False
429,1,1,5,0,0.0,closed,False,False
428,1,0,4,0,0.0,closed,False,False
426,1,0,1,0,0.0,closed,False,False
425,1,1,8,0,0.0,closed,False,False
423,1,0,5,0,0.0,closed,False,False
422,1,1,5,0,0.0,closed,False,False
421,1,0,2,0,0.0,closed,False,False
420,1,0,6,0,0.0,closed,False,False
419,1,0,5,0,0.0,closed,False,False
417,28,28,1,0,0.0,closed,False,False
416,1,0,3,0,0.0,closed,False,False
415,1,0,2,0,0.0,closed,False,False
413,1,0,1,1,0.25,closed,False,False
412,1,0,5,0,0.0,closed,False,False
411,1,1,0,0,0.0,closed,True,True
408,1,0,6,2,2.0,closed,False,False
407,1,0,7,0,0.0,closed,False,False
406,1,0,10,0,0.0,closed,False,False
405,2,2,0,0,0.0,closed,True,True
404,1,0,7,0,0.0,closed,False,False
403,1,1,0,0,0.0,closed,True,True
402,1,0,7,1,0.5,closed,False,False
401,1,0,2,0,0.0,closed,False,False
400,2,2,1,0,0.0,closed,False,False
399,3,2,2,0,0.0,closed,False,False
398,2,1,1,0,0.0,closed,False,False
397,1,0,3,0,0.0,closed,False,False
396,1,0,2,0,0.0,closed,True,True
395,1,0,2,0,0.0,closed,False,False
394,1,0,2,0,0.0,closed,False,False
393,28,29,1,0,0.0,closed,False,False
392,1,0,4,0,0.0,closed,False,False
390,13,1,0,0,0.0,closed,True,True
389,1,1,6,0,0.0,closed,False,False
388,1,0,1,0,0.0,closed,False,False
387,1,0,4,0,0.0,closed,False,False
386,1,0,5,0,0.0,closed,False,False
385,1,0,6,0,0.0,closed,False,False
384,1,0,1,0,0.0,closed,False,False
383,1,1,1,0,0.0,closed,False,False
382,1,0,5,0,0.0,closed,False,False
381,1,0,0,0,0.0,closed,False,False
380,1,0,3,0,0.0,closed,False,False
379,1,0,7,0,0.0,closed,False,False
378,1,0,2,0,0.0,closed,False,False
377,1,1,1,0,0.0,closed,True,True
376,1,0,2,0,0.0,closed,False,False
375,1,0,1,0,0.0,closed,False,False
374,1,0,6,0,0.0,closed,False,False
373,1,0,1,0,0.0,closed,False,False
372,1,0,5,0,0.0,closed,False,False
371,1,0,3,0,0.0,closed,False,False
370,1,0,1,0,0.0,closed,False,False
369,8,8,2,0,0.0,closed,True,True
368,1,1,9,0,0.0,closed,False,False
367,1,0,1,0,0.0,closed,True,True
366,1,0,6,0,0.0,closed,False,False
364,1,0,5,0,0.0,closed,False,False
363,1,0,9,0,0.0,closed,False,False
362,1,1,3,0,0.0,closed,False,False
361,1,0,0,0,0.0,closed,False,False
359,42,42,1,0,0.0,closed,False,False
358,1,0,3,0,0.0,closed,False,False
357,1,0,4,0,0.0,closed,False,False
356,1,0,3,0,0.0,closed,False,False
355,1,0,3,0,0.0,closed,False,False
354,1,0,3,0,0.0,closed,False,False
353,2,2,0,5,5.0,closed,True,True
352,1,0,0,0,0.0,closed,False,False
351,1,0,3,0,0.0,closed,False,False
350,1,0,1,0,0.0,closed,False,False
348,1,0,2,0,0.0,closed,False,False
347,1,0,0,0,0.0,closed,True,True
346,1,0,1,0,0.0,closed,True,True
345,1,0,1,4,2.0,closed,False,False
344,1,0,2,2,2.0,closed,False,False
343,1,1,4,0,0.0,closed,False,False
342,1,0,7,0,0.0,closed,False,False
341,1,0,3,0,0.0,closed,False,False
339,1,0,2,0,0.0,closed,False,False
338,2,2,0,0,0.0,closed,True,True
337,1,0,0,0,0.0,closed,False,False
336,1,1,1,0,0.0,closed,False,False
335,1,0,3,0,0.0,closed,False,False
334,1,1,3,1,1.0,closed,True,True
333,1,0,1,0,0.0,closed,False,False
332,1,1,1,0,0.0,closed,True,True
331,1,0,4,0,0.0,closed,False,False
330,1,0,1,0,0.0,closed,True,True
329,1,0,6,0,0.0,closed,False,False
328,1,0,2,0,0.0,closed,False,False
327,1,0,2,0,0.0,closed,False,False
326,1,0,2,0,0.0,closed,False,False
325,1,1,2,0,0.0,closed,False,False
324,1,0,3,3,3.0,closed,False,False
322,1,0,0,0,0.0,closed,False,False
321,1,0,1,0,0.0,closed,True,True
320,1,0,0,0,0.0,closed,True,True
319,1,0,1,0,0.0,closed,False,False
318,1,0,8,0,0.0,closed,False,False
316,1,0,2,0,0.0,closed,True,True
315,1,0,7,2,2.0,closed,True,True
314,1,0,7,0,0.0,closed,False,False
313,1,0,4,0,0.0,closed,False,False
312,1,0,3,0,0.0,closed,True,True
311,1,0,0,0,0.0,closed,True,True
310,1,0,1,0,0.0,closed,True,True
309,1,0,1,0,0.0,closed,False,False
308,1,1,3,0,0.0,closed,False,False
307,1,0,7,1,1.0,closed,False,False
306,1,0,7,1,0.5,closed,False,False
305,1,0,2,0,0.0,closed,False,False
303,1,0,1,0,0.0,closed,True,True
302,1,0,2,0,0.0,closed,False,False
301,1,0,0,0,0.0,closed,True,True
300,1,0,2,0,0.0,closed,False,False
299,1,1,3,0,0.0,closed,False,False
297,1,0,2,0,0.0,closed,True,True
296,1,1,4,0,0.0,closed,True,True
295,9,0,2,0,0.0,closed,False,False
294,1,0,2,0,0.0,closed,False,False
293,1,0,4,0,0.0,closed,True,True
292,1,0,1,0,0.0,closed,False,False
290,1,0,9,0,0.0,closed,False,False
288,1,0,0,0,0.0,closed,False,False
287,1,0,0,0,0.0,closed,False,False
286,1,0,3,0,0.0,closed,False,False
285,1,0,1,0,0.0,closed,False,False
284,17,4,6,4,4.0,closed,True,True
283,1,0,2,0,0.0,closed,False,False
282,1,0,0,0,0.0,closed,False,False
281,13,0,1,4,2.0,closed,False,False
280,1,0,2,0,0.0,closed,False,False
279,1,0,3,1,1.0,closed,False,False
278,1,0,3,0,0.0,closed,True,True
277,1,0,0,0,0.0,closed,False,False
276,1,0,14,0,0.0,closed,False,False
275,1,1,0,0,0.0,closed,False,False
274,1,0,2,0,0.0,closed,True,True
273,1,0,3,0,0.0,closed,True,True
272,1,1,7,0,0.0,closed,False,False
271,1,0,2,1,0.5,closed,False,False
270,1,0,1,0,0.0,closed,False,False
268,1,0,8,0,0.0,closed,False,False
267,1,1,1,0,0.0,closed,False,False
265,2,1,4,0,0.0,closed,False,False
264,1,0,6,0,0.0,closed,True,True
263,1,0,5,0,0.0,closed,True,True
262,1,0,1,0,0.0,closed,False,False
261,1,0,2,0,0.0,closed,True,True
260,1,0,6,0,0.0,closed,True,True
259,2,1,1,0,0.0,closed,False,False
257,1,0,2,0,0.0,closed,False,False
256,1,1,2,0,0.0,closed,True,True
255,1,0,2,0,0.0,closed,False,False
252,1,0,1,0,0.0,closed,False,False
251,1,1,2,0,0.0,closed,False,False
250,1,0,2,0,0.0,closed,False,False
249,3,3,0,2,2.0,closed,True,True
248,1,0,1,0,0.0,closed,False,False
246,1,1,1,0,0.0,closed,False,False
245,1,0,2,0,0.0,closed,False,False
244,1,0,5,0,0.0,closed,False,False
243,1,0,3,0,0.0,closed,False,False
242,1,0,1,0,0.0,closed,True,True
241,1,0,2,0,0.0,closed,True,True
240,1,0,8,0,0.0,closed,True,True
239,1,0,3,0,0.0,closed,False,False
238,1,1,4,0,0.0,closed,False,False
237,1,0,4,0,0.0,closed,True,True
235,1,0,1,0,0.0,closed,False,False
234,110,110,1,0,0.0,closed,False,False
233,1,0,1,0,0.0,closed,False,False
231,1,0,1,0,0.0,closed,True,True
226,1,0,3,0,0.0,closed,False,False
225,1,0,7,0,0.0,closed,True,True
224,1,1,1,0,0.0,closed,True,True
223,1,1,2,0,0.0,closed,False,False
221,1,0,4,0,0.0,closed,False,False
220,1,0,1,0,0.0,closed,False,False
218,1,0,2,1,0.5,closed,False,False
217,1,0,4,0,0.0,closed,False,False
215,1,0,7,7,7.0,closed,True,True
214,1,0,9,0,0.0,closed,False,False
212,45,0,7,13,1.4444444444444444,closed,False,False
211,1,0,5,0,0.0,closed,True,True
210,1,0,6,0,0.0,closed,False,False
209,1,0,1,0,0.0,closed,False,False
208,1,0,7,0,0.0,closed,True,True
205,1,0,0,0,0.0,closed,False,False
204,1,0,1,0,0.0,closed,False,False
202,14,0,1,0,0.0,closed,False,False
201,145,144,5,0,0.0,closed,False,False
198,1,1,0,0,0.0,closed,True,True
197,1,1,5,0,0.0,closed,False,False
196,1,0,1,0,0.0,closed,True,True
195,0,1,2,0,0.0,closed,False,False
194,1,1,2,0,0.0,closed,True,True
193,1,0,1,0,0.0,closed,True,True
192,1,0,2,0,0.0,closed,False,False
191,1,0,2,0,0.0,closed,True,True
190,1,0,5,0,0.0,closed,True,True
189,1,1,0,0,0.0,closed,True,True
186,1,0,0,0,0.0,closed,True,True
185,1,0,0,0,0.0,closed,True,True
183,2,0,1,0,0.0,closed,False,False
182,1,0,2,3,1.5,closed,False,False
181,1,0,0,0,0.0,closed,False,False
180,1,0,3,0,0.0,closed,False,False
179,1,1,4,0,0.0,closed,True,True
178,1,1,1,0,0.0,closed,False,False
176,1,0,1,0,0.0,closed,True,True
175,1,0,3,0,0.0,closed,True,True
174,1,0,1,0,0.0,closed,False,False
173,1,0,2,0,0.0,closed,True,True
172,1,0,1,0,0.0,closed,False,False
171,1,0,4,1,1.0,closed,False,False
170,1,0,3,0,0.0,closed,True,True
169,1,1,4,1,0.5,closed,False,False
168,1,0,2,1,0.5,closed,False,False
166,101,101,1,0,0.0,closed,False,False
165,1,0,5,1,0.5,closed,False,False
164,1,0,1,0,0.0,closed,False,False
163,1,0,3,0,0.0,closed,False,False
162,1,0,2,0,0.0,closed,False,False
161,1,0,5,0,0.0,closed,True,True
160,1,1,2,0,0.0,closed,False,False
159,1,0,3,1,0.3333333333333333,closed,False,False
158,15,0,2,0,0.0,closed,False,False
156,1,0,4,0,0.0,closed,True,True
155,1,0,1,0,0.0,closed,False,False
154,1,0,1,0,0.0,closed,False,False
152,1,0,1,0,0.0,closed,False,False
150,98,97,1,0,0.0,closed,False,False
148,2,1,1,0,0.0,closed,False,False
146,1,0,2,0,0.0,closed,True,True
145,184,0,1,0,0.0,closed,False,False
144,12,0,1,0,0.0,closed,False,False
142,1,0,4,0,0.0,closed,False,False
141,1,0,2,0,0.0,closed,True,True
140,1,0,1,0,0.0,closed,False,False
139,1,1,0,0,0.0,closed,True,True
137,1,0,1,0,0.0,closed,True,True
136,1,0,2,0,0.0,closed,True,True
135,1,0,3,0,0.0,closed,True,True
134,1,0,2,0,0.0,closed,False,False
133,1,0,2,1,1.0,closed,False,False
132,1,0,0,0,0.0,closed,True,True
131,1,0,0,0,0.0,closed,True,True
127,1,1,1,0,0.0,closed,True,True
126,1,1,1,0,0.0,closed,False,False
125,1,0,1,0,0.0,closed,False,False
124,1,0,1,0,0.0,closed,True,True
123,1,0,0,0,0.0,closed,True,True
122,1,0,0,0,0.0,closed,True,True
121,1,0,0,0,0.0,closed,True,True
120,1,0,1,0,0.0,closed,True,True
119,1,0,0,0,0.0,closed,True,True
117,2,0,0,0,0.0,closed,True,True
116,2,1,4,0,0.0,closed,False,False
115,3,0,1,0,0.0,closed,False,False
113,1,0,0,0,0.0,closed,True,True
111,1,0,3,0,0.0,closed,True,True
110,1,0,0,0,0.0,closed,True,True
109,1,0,1,0,0.0,closed,False,False
108,1,0,0,0,0.0,closed,False,False
106,1,0,2,0,0.0,closed,False,False
105,1,0,0,0,0.0,closed,True,True
104,1,0,1,0,0.0,closed,False,False
103,0,0,0,0,0.0,closed,False,False
102,1,0,0,0,0.0,closed,True,True
101,1,0,0,0,0.0,closed,True,True
100,1,0,2,1,1.0,closed,False,False
99,1,0,3,0,0.0,closed,True,True
98,1,0,3,0,0.0,closed,False,False
97,1,0,1,0,0.0,closed,False,False
96,1,0,5,0,0.0,closed,False,False
95,1,0,0,0,0.0,closed,False,False
94,1,0,1,0,0.0,closed,False,False
93,1,0,0,0,0.0,closed,True,True
92,14,0,1,0,0.0,closed,False,False
91,1,0,1,0,0.0,closed,False,False
90,1,0,1,0,0.0,closed,False,False
89,1,1,1,1,1.0,closed,True,True
88,1,1,0,0,0.0,closed,True,True
87,1,0,3,0,0.0,closed,False,False
86,1,0,1,0,0.0,closed,False,False
85,1,0,0,0,0.0,closed,True,True
84,1,0,0,0,0.0,closed,True,True
83,9,5,0,0,0.0,closed,True,True
82,1,0,0,6,6.0,closed,True,True
81,1,0,2,0,0.0,closed,False,False
80,1,0,2,0,0.0,closed,False,False
79,1,0,1,0,0.0,closed,True,True
78,1,0,0,0,0.0,closed,True,True
77,1,0,2,0,0.0,closed,False,False
76,1,0,1,0,0.0,closed,False,False
75,3,0,1,0,0.0,closed,False,False
74,1,0,2,0,0.0,closed,False,False
72,1,0,1,0,0.0,closed,True,True
71,0,0,0,0,0.0,closed,False,False
70,1,0,5,1,0.5,closed,False,False
69,1,0,0,0,0.0,closed,True,True
68,1,0,2,0,0.0,closed,False,False
67,1,0,2,0,0.0,closed,False,False
66,1,1,0,0,0.0,closed,True,True
65,1,0,0,0,0.0,closed,True,True
64,1,0,4,0,0.0,closed,False,False
63,1,0,1,0,0.0,closed,False,False
62,1,0,0,0,0.0,closed,False,False
61,1,0,0,0,0.0,closed,False,False
60,1,0,1,1,1.0,closed,False,False
59,1,0,0,0,0.0,closed,True,True
58,1,1,1,3,3.0,closed,True,True
57,1,0,0,0,0.0,closed,True,True
56,1,0,0,0,0.0,closed,True,True
55,1,0,0,0,0.0,closed,False,False
54,1,0,2,4,2.0,closed,False,False
53,3,0,2,1,1.0,closed,False,False
52,1,0,1,0,0.0,closed,False,False
50,1,0,1,0,0.0,closed,True,True
49,1,0,1,0,0.0,closed,True,True
48,1,0,2,0,0.0,closed,False,False
47,1,0,0,0,0.0,closed,True,True
46,199,101,1,0,0.0,closed,False,False
45,1,0,1,0,0.0,closed,True,True
44,1,0,2,0,0.0,closed,True,True
43,1,1,3,1,1.0,closed,True,True
42,1,0,2,0,0.0,closed,False,False
41,1,0,1,0,0.0,closed,False,False
40,1,0,1,0,0.0,closed,True,True
39,1,0,1,0,0.0,closed,True,True
38,1,0,1,0,0.0,closed,True,True
37,1,0,3,0,0.0,closed,False,False
36,1,0,2,0,0.0,closed,True,True
35,1,0,0,0,0.0,closed,True,True
34,1,0,2,0,0.0,closed,False,False
32,1,0,4,0,0.0,closed,False,False
31,1,0,0,0,0.0,closed,False,False
30,1,0,0,0,0.0,closed,True,True
29,1,0,1,1,1.0,closed,False,False
28,1,0,1,0,0.0,closed,False,False
27,1,0,0,0,0.0,closed,False,False
26,1,0,3,2,2.0,closed,True,True
25,1,0,0,0,0.0,closed,True,True
24,1,0,0,0,0.0,closed,True,True
23,1,0,1,0,0.0,closed,False,False
22,2,1,0,0,0.0,closed,True,True
21,23,12,1,0,0.0,closed,True,True
19,1,0,0,0,0.0,closed,True,True
18,3,1,2,0,0.0,closed,False,False
17,1,0,0,0,0.0,closed,False,False
16,1,0,0,0,0.0,closed,True,True
15,1,0,0,0,0.0,closed,True,True
14,1,0,0,0,0.0,closed,True,True
13,1,0,0,0,0.0,closed,True,True
12,3,0,2,0,0.0,closed,False,False
11,1,0,3,0,0.0,closed,False,False
10,1,0,1,0,0.0,closed,True,True
9,1,0,1,1,0.5,closed,False,False
8,1,0,0,0,0.0,closed,True,True
7,10,8,1,0,0.0,closed,False,False
6,1,0,0,0,0.0,closed,True,True
4,1,0,0,0,0.0,closed,True,True
3,1,0,0,0,0.0,closed,True,True
2,0,1,1,0,0.0,closed,True,True
1,1,0,0,0,0.0,closed,True,True
