2662,1,0,0,0,0.0,open,False,False
2661,4,0,0,0,0.0,open,False,False
2660,1,0,0,0,0.0,open,False,False
2659,1,0,0,0,0.0,open,False,False
2658,90,87,0,0,0.0,open,False,False
2657,1,0,0,0,0.0,open,False,False
2656,1,0,1,0,0.0,open,False,False
2655,1,0,0,0,0.0,open,False,False
2654,1,0,0,0,0.0,open,False,False
2653,52,30,2,0,0.0,open,False,False
2652,7,29,1,0,0.0,open,False,False
2651,0,1,0,0,0.0,open,False,False
2650,1,0,1,1,1.0,open,False,False
2649,1,0,0,0,0.0,open,False,False
2648,92,0,0,0,0.0,open,False,False
2647,1,1,1,0,0.0,open,False,False
2646,2,0,0,0,0.0,open,False,False
2645,3,0,4,0,0.0,open,False,False
2644,1,0,0,0,0.0,open,False,False
2643,1,1,0,3,3.0,open,False,False
2642,2,0,0,0,0.0,open,False,False
2641,1,0,0,0,0.0,open,False,False
2640,3,0,4,5,2.5,open,False,False
2639,2,0,0,0,0.0,open,False,False
2638,1,0,0,2,2.0,open,False,False
2637,1,0,0,0,0.0,open,False,False
2636,1,0,0,0,0.0,open,False,False
2635,1,1,0,0,0.0,open,False,False
2634,1,0,6,0,0.0,open,False,False
2633,90,87,0,0,0.0,closed,False,False
2632,1,0,0,2,2.0,open,False,False
2631,0,0,5,0,0.0,open,False,False
2630,1,0,1,0,0.0,open,False,False
2629,1,0,0,0,0.0,open,False,False
2628,2,0,0,0,0.0,closed,False,False
2627,1,0,2,0,0.0,open,False,False
2625,1,0,0,0,0.0,open,False,False
2624,23,22,0,0,0.0,open,False,False
2623,1,0,3,0,0.0,open,False,False
2622,2,0,0,0,0.0,open,False,False
2621,1,0,3,0,0.0,open,False,False
2620,20,0,0,0,0.0,closed,False,False
2619,1,0,3,1,1.0,open,False,False
2618,1,0,1,0,0.0,open,False,False
2617,1,0,0,0,0.0,closed,False,False
2616,2,0,5,0,0.0,open,False,False
2615,1,0,3,0,0.0,open,False,False
2614,1,0,1,1,0.5,open,False,False
2613,44,73,5,0,0.0,open,False,False
2612,1,0,0,0,0.0,open,False,False
2611,3,2,7,6,3.0,open,False,False
2610,91,87,0,0,0.0,closed,False,False
2609,1,0,1,3,3.0,open,False,False
2608,1,0,1,0,0.0,open,False,False
2607,1,0,1,0,0.0,closed,False,False
2606,1,0,0,0,0.0,open,False,False
2605,1,0,1,0,0.0,open,False,False
2604,13,0,1,0,0.0,open,False,False
2603,2,0,5,0,0.0,open,False,False
2602,1,0,0,0,0.0,open,False,False
2601,1,0,0,0,0.0,open,False,False
2600,3489,0,0,0,0.0,open,False,False
2599,2,0,2,1,1.0,open,False,False
2598,1,1,0,0,0.0,open,False,False
2597,5,0,4,0,0.0,open,False,False
2596,1,0,0,0,0.0,open,False,False
2595,1,0,0,0,0.0,open,False,False
2594,1,0,3,3,3.0,open,False,False
2593,1,0,1,0,0.0,open,False,False
2592,1,0,0,0,0.0,closed,False,False
2591,1,0,1,0,0.0,open,False,False
2590,1,0,0,0,0.0,open,False,False
2589,1,0,1,0,0.0,open,False,False
2588,1,0,2,1,1.0,open,False,False
2587,1,0,2,0,0.0,open,False,False
2586,84,55,1,0,0.0,open,False,False
2585,1,0,3,1,0.25,closed,False,False
2584,1,0,2,0,0.0,open,False,False
2583,2,0,1,0,0.0,open,False,False
2582,1,0,0,0,0.0,open,False,False
2581,1,0,1,3,3.0,open,False,False
2580,1,0,0,1,1.0,open,False,False
2579,1,0,0,0,0.0,open,False,False
2578,1,0,1,2,2.0,closed,True,True
2577,1,0,5,0,0.0,open,False,False
2576,1,0,2,2,2.0,open,False,False
2575,1,0,3,0,0.0,closed,True,True
2574,1,0,0,0,0.0,open,False,False
2573,12,0,0,1,1.0,open,False,False
2572,1,0,2,0,0.0,closed,False,False
2571,77,3,1,0,0.0,open,False,False
2570,1,0,1,0,0.0,open,False,False
2569,4,0,0,1,1.0,open,False,False
2568,2,1,3,2,2.0,open,False,False
2567,1,0,0,0,0.0,open,False,False
2566,1,0,0,0,0.0,open,False,False
2565,98,95,1,0,0.0,closed,False,False
2564,5,2,1,1,0.5,closed,False,False
2563,1,0,4,3,1.0,open,False,False
2562,1,0,0,0,0.0,open,False,False
2561,1,0,0,1,1.0,closed,False,False
2560,11,10,1,0,0.0,closed,False,False
2559,1,0,0,0,0.0,open,False,False
2558,1,0,0,0,0.0,open,False,False
2557,1,0,0,2,2.0,open,False,False
2556,1,0,1,0,0.0,open,False,False
2555,1,0,1,0,0.0,open,False,False
2554,0,1,4,0,0.0,closed,False,False
2553,1,0,0,0,0.0,closed,False,False
2552,1,1,0,0,0.0,open,False,False
2551,1,0,1,2,2.0,open,False,False
2550,1,0,0,0,0.0,closed,False,False
2549,1,0,0,0,0.0,closed,False,False
2548,1,2,2,0,0.0,open,False,False
2547,1,0,0,0,0.0,open,False,False
2546,1,1,0,0,0.0,closed,True,True
2545,1,0,1,0,0.0,closed,False,False
2544,1,0,3,0,0.0,open,False,False
2543,1,0,0,1,1.0,closed,False,False
2542,10,1,3,1,0.2,open,False,False
2541,1,0,0,0,0.0,closed,False,False
2540,1,0,0,0,0.0,open,False,False
2539,1,0,0,0,0.0,open,False,False
2538,1,0,0,1,1.0,open,False,False
2537,1,0,2,1,1.0,open,False,False
2536,1,0,2,2,2.0,closed,False,False
2535,1,0,1,0,0.0,open,False,False
2534,1,0,1,1,1.0,open,False,False
2533,1,1,0,0,0.0,closed,True,True
2532,5,5,3,0,0.0,closed,True,True
2531,1,0,0,0,0.0,closed,False,False
2530,1,0,8,0,0.0,closed,False,False
2529,7,10,1,0,0.0,closed,True,True
2528,1,0,4,0,0.0,open,False,False
2526,1,0,0,0,0.0,open,False,False
2525,1,0,1,0,0.0,closed,False,False
2524,64,0,0,0,0.0,closed,False,False
2523,1,0,1,3,3.0,open,False,False
2522,1,1,0,0,0.0,open,False,False
2521,1,0,0,0,0.0,open,False,False
2520,1,0,2,2,2.0,open,False,False
2519,1,0,1,1,0.5,open,False,False
2518,0,0,0,2,1.0,closed,True,True
2517,877,601,0,0,0.0,open,False,False
2516,1,0,0,0,0.0,open,False,False
2515,1,0,0,0,0.0,open,False,False
2514,1,0,7,1,0.5,closed,False,False
2513,2,0,2,4,4.0,open,False,False
2512,1,0,0,1,1.0,closed,False,False
2511,1,0,0,0,0.0,open,False,False
2510,17,0,0,0,0.0,open,False,False
2509,1,0,1,0,0.0,open,False,False
2508,2,0,1,0,0.0,closed,False,False
2507,1,1,0,0,0.0,closed,False,False
2506,2,0,2,0,0.0,open,False,False
2505,1,0,3,4,1.3333333333333333,closed,False,False
2504,1,0,2,0,0.0,open,False,False
2503,0,1,0,0,0.0,open,False,False
2502,1,1,2,0,0.0,closed,False,False
2501,3,1,0,0,0.0,open,False,False
2500,1,0,2,0,0.0,open,False,False
2499,1,0,0,4,4.0,closed,False,False
2498,1,0,0,3,3.0,closed,True,True
2497,1,1,1,1,1.0,open,False,False
2496,1,0,0,0,0.0,open,False,False
2495,1,0,2,0,0.0,open,False,False
2494,4353,0,0,4,4.0,open,False,False
2493,1,0,0,0,0.0,closed,False,False
2492,1,0,1,0,0.0,open,False,False
2491,0,0,0,0,0.0,closed,False,False
2490,1,0,1,0,0.0,open,False,False
2489,1,0,0,0,0.0,open,False,False
2488,6,0,0,2,2.0,open,False,False
2487,1,0,0,0,0.0,closed,False,False
2486,1,0,0,0,0.0,open,False,False
2485,1,0,1,0,0.0,open,False,False
2484,1,0,0,0,0.0,closed,False,False
2483,1,0,0,1,0.5,open,False,False
2482,0,1,1,0,0.0,closed,False,False
2481,3,0,1,1,0.5,open,False,False
2480,1,0,0,0,0.0,open,False,False
2479,1,0,2,1,1.0,closed,False,False
2478,1,0,0,0,0.0,closed,False,False
2477,8,0,0,0,0.0,open,False,False
2476,1,0,0,0,0.0,closed,False,False
2475,1,0,0,0,0.0,open,False,False
2474,1,0,0,0,0.0,open,False,False
2473,7,0,1,0,0.0,open,False,False
2472,1,0,0,0,0.0,open,False,False
2466,1,0,0,0,0.0,open,False,False
2465,2,1,0,0,0.0,closed,False,False
2462,1,0,6,0,0.0,closed,False,False
2461,1,0,0,2,2.0,closed,False,False
2451,1,0,0,0,0.0,open,False,False
2446,1,0,2,0,0.0,open,False,False
2445,1,0,0,0,0.0,open,False,False
2443,1,0,0,1,1.0,open,False,False
2435,1,0,0,0,0.0,open,False,False
2434,1,1,3,0,0.0,open,False,False
2433,1,0,0,0,0.0,open,False,False
2432,7,0,1,2,2.0,closed,False,False
2431,2,2,1,0,0.0,closed,False,False
2426,1,1,0,0,0.0,open,False,False
2421,1,0,1,0,0.0,open,False,False
2420,1,0,0,0,0.0,closed,False,False
2418,1,0,0,0,0.0,open,False,False
2415,1,0,0,0,0.0,open,False,False
2412,1,0,0,0,0.0,open,False,False
2406,1,0,0,0,0.0,open,False,False
2404,21,1,0,1,1.0,open,False,False
2403,2,2,0,0,0.0,closed,True,True
2402,1,1,0,0,0.0,closed,True,True
2399,6,1,0,0,0.0,open,False,False
2397,1,0,0,0,0.0,open,False,False
2393,1,0,0,0,0.0,open,False,False
2380,1,0,0,0,0.0,open,False,False
2375,2,0,0,0,0.0,open,False,False
2373,1,0,0,0,0.0,closed,False,False
2372,1,0,0,0,0.0,closed,False,False
2369,1,1,0,0,0.0,closed,False,False
2368,2,0,0,0,0.0,closed,False,False
2364,957,956,2,0,0.0,closed,False,False
2362,1,0,2,0,0.0,open,False,False
2361,7,0,0,0,0.0,open,False,False
2358,1,0,0,0,0.0,open,False,False
2355,1,0,0,1,1.0,closed,False,False
2354,1,0,0,0,0.0,open,False,False
2353,1,0,2,0,0.0,closed,False,False
2350,1,0,2,0,0.0,closed,True,True
2345,39,0,1,0,0.0,closed,False,False
2343,1,1,1,0,0.0,closed,True,True
2341,31,0,1,0,0.0,open,False,False
2337,5,0,0,0,0.0,closed,False,False
2336,1,0,0,0,0.0,open,False,False
2333,1,0,0,0,0.0,open,False,False
2328,1,0,0,0,0.0,open,False,False
2326,1,0,1,0,0.0,open,False,False
2323,1,0,2,0,0.0,open,False,False
2322,1,0,2,0,0.0,open,False,False
2321,182,1363,0,0,0.0,closed,False,False
2316,1,0,1,0,0.0,open,False,False
2315,1,0,0,0,0.0,open,False,False
2313,1,0,0,0,0.0,open,False,False
2310,1,0,0,0,0.0,open,False,False
2307,1,0,1,0,0.0,closed,False,False
2303,3,0,0,1,1.0,open,False,False
2300,1,0,0,0,0.0,open,False,False
2297,0,1,2,1,1.0,closed,True,True
2293,1,0,0,0,0.0,open,False,False
2292,1,1,22,3,3.0,open,False,False
2287,1,0,0,0,0.0,closed,False,False
2274,1,0,0,0,0.0,open,False,False
2273,1,0,0,0,0.0,open,False,False
2262,1,0,0,0,0.0,open,False,False
2259,108,103,0,0,0.0,open,False,False
2258,1,0,0,0,0.0,open,False,False
2257,1,0,1,0,0.0,open,False,False
2256,1,0,0,1,1.0,open,False,False
2250,1,0,0,0,0.0,open,False,False
2249,1,0,0,0,0.0,open,False,False
2248,2,0,0,0,0.0,open,False,False
2247,1,1,1,0,0.0,closed,True,True
2246,1,0,0,1,1.0,open,False,False
2241,1,0,0,1,1.0,open,False,False
2235,2,1,0,0,0.0,open,False,False
2234,1,0,0,1,1.0,open,False,False
2229,1,0,3,0,0.0,open,False,False
2223,0,0,4,0,0,closed,False,False
2222,1,0,0,0,0.0,open,False,False
2219,9,5,0,0,0.0,closed,False,False
2218,1,1,0,0,0.0,open,False,False
2216,2,0,0,0,0.0,open,False,False
2215,6,2,0,0,0.0,open,False,False
2213,1,0,1,0,0.0,closed,False,False
2209,1,1,0,3,3.0,closed,True,True
2204,4,1,0,0,0.0,open,False,False
2196,1,0,3,0,0.0,closed,False,False
2192,1,1,0,0,0.0,closed,False,False
2191,1,1,1,0,0.0,closed,False,False
2190,0,1,3,0,0.0,open,False,False
2188,2,0,0,0,0.0,open,False,False
2176,1,0,2,0,0.0,closed,False,False
2174,1,0,3,0,0.0,open,False,False
2172,1,0,0,0,0.0,open,False,False
2167,1,0,0,0,0.0,open,False,False
2165,98,95,0,2,2.0,open,False,False
2163,1,0,0,0,0.0,open,False,False
2157,1,0,0,0,0.0,closed,False,False
2151,1,1,1,0,0.0,open,False,False
2147,1,0,0,0,0.0,open,False,False
2146,1,1,0,0,0.0,open,False,False
2145,2,0,0,0,0.0,closed,False,False
2144,16,0,0,0,0.0,open,False,False
2143,1,0,0,0,0.0,open,False,False
2140,1,1,2,0,0.0,open,False,False
2139,1,0,0,0,0.0,open,False,False
2133,1,0,0,1,1.0,open,False,False
2131,1,0,0,0,0.0,open,False,False
2128,1,1,0,0,0.0,closed,False,False
2126,1,0,0,0,0.0,open,False,False
2123,1,0,2,0,0.0,closed,False,False
2122,1,1,2,1,1.0,closed,True,True
2121,3,0,1,0,0.0,closed,False,False
2119,1,0,0,0,0.0,open,False,False
2115,1,0,0,0,0.0,open,False,False
2111,1,0,0,0,0.0,open,False,False
2108,1,0,0,0,0.0,closed,False,False
2105,1,0,0,0,0.0,closed,False,False
2104,8,0,2,0,0.0,closed,False,False
2101,1,0,0,0,0.0,open,False,False
2099,1,0,0,0,0.0,closed,False,False
2093,1,0,1,0,0.0,open,False,False
2092,1,0,0,0,0.0,open,False,False
2090,128,0,0,0,0.0,open,False,False
2089,1,0,0,0,0.0,closed,False,False
2087,69,0,0,0,0.0,open,False,False
2086,60,0,0,0,0.0,open,False,False
2085,72,0,0,0,0.0,open,False,False
2084,69,0,0,1,1.0,open,False,False
2083,1,0,0,0,0.0,open,False,False
2082,1,0,0,0,0.0,open,False,False
2080,1,0,0,0,0.0,open,False,False
2078,2,0,0,1,1.0,closed,False,False
2077,1,0,1,0,0.0,open,False,False
2074,2,0,1,0,0.0,open,False,False
2071,4,0,0,0,0.0,open,False,False
2039,1,0,0,0,0.0,open,False,False
2029,1,0,0,0,0.0,open,False,False
2027,1,1,0,1,1.0,open,False,False
2024,1,0,0,0,0.0,open,False,False
2021,99,95,0,0,0.0,open,False,False
2020,2,0,0,1,0.5,open,False,False
2019,2,0,0,0,0.0,open,False,False
2018,98,95,0,0,0.0,open,False,False
2017,875,875,0,0,0.0,open,False,False
2016,876,875,2,0,0.0,closed,False,False
2014,1,0,2,1,0.5,open,False,False
2013,2,0,0,0,0.0,closed,False,False
2008,2,0,1,0,0.0,open,False,False
2003,1,1,1,1,1.0,closed,False,False
1999,1,0,0,3,3.0,closed,False,False
1997,3,0,0,0,0.0,open,False,False
1995,2,0,0,0,0.0,open,False,False
1994,1,0,1,2,2.0,closed,False,False
1993,1,0,4,0,0.0,open,False,False
1992,8,0,0,0,0.0,closed,False,False
1987,1,0,4,1,1.0,open,False,False
1976,1,0,0,0,0.0,open,False,False
1975,1,0,0,0,0.0,open,False,False
1974,7,0,0,0,0.0,open,False,False
1970,2,0,0,0,0.0,open,False,False
1966,1,0,1,0,0.0,open,False,False
1965,1,0,0,0,0.0,open,False,False
1962,1,0,1,0,0.0,closed,False,False
1960,11,0,0,0,0.0,open,False,False
1955,1,0,0,0,0.0,open,False,False
1952,1,0,2,0,0.0,open,False,False
1949,11,8,4,0,0.0,open,False,False
1936,1,0,1,3,3.0,open,False,False
1931,1,0,0,0,0.0,open,False,False
1929,1,0,0,2,2.0,closed,False,False
1928,35,10,0,0,0.0,open,False,False
1927,1,0,1,0,0.0,open,False,False
1926,2,2,0,0,0.0,closed,False,False
1925,1,1,0,0,0.0,closed,False,False
1924,1,0,0,0,0.0,closed,False,False
1923,1,1,0,0,0.0,open,False,False
1918,18,0,1,2,2.0,open,False,False
1916,1,0,0,0,0.0,open,False,False
1914,1,0,0,0,0.0,open,False,False
1910,2,0,1,0,0.0,open,False,False
1908,1,0,0,0,0.0,closed,False,False
1907,1,0,0,0,0.0,open,False,False
1900,1,0,5,0,0.0,open,False,False
1899,1,1,1,0,0.0,closed,True,True
1894,1,0,0,0,0.0,open,False,False
1891,0,0,0,0,0.0,open,False,False
1890,1,0,0,0,0.0,open,False,False
1884,1,0,1,0,0.0,open,False,False
1876,1,0,5,0,0.0,open,False,False
1874,1,0,0,0,0.0,open,False,False
1872,1,0,0,0,0.0,open,False,False
1871,982,982,2,0,0.0,closed,False,False
1870,1,0,0,0,0.0,open,False,False
1869,1,0,0,0,0.0,open,False,False
1867,7,1,0,0,0.0,open,False,False
1861,1,0,0,0,0.0,open,False,False
1859,1,1,0,0,0.0,closed,False,False
1854,32,34,0,1,0.25,open,False,False
1848,1,0,0,0,0.0,closed,False,False
1847,1,0,0,0,0.0,closed,False,False
1840,2,1,0,0,0.0,open,False,False
1839,1,0,0,0,0.0,closed,False,False
1838,8,1,0,2,2.0,open,False,False
1835,1,0,2,0,0.0,open,False,False
1834,1,0,0,0,0.0,open,False,False
1831,1,0,0,0,0.0,open,False,False
1829,1,1,0,0,0.0,closed,False,False
1827,8,0,0,0,0.0,open,False,False
1825,1,0,1,0,0.0,closed,False,False
1822,1,1,0,0,0.0,closed,False,False
1820,2,0,0,0,0.0,closed,False,False
1817,1,0,0,0,0.0,open,False,False
1814,1,0,0,0,0.0,open,False,False
1812,1,0,2,1,1.0,open,False,False
1811,1,0,0,0,0.0,closed,False,False
1810,2,0,0,0,0.0,closed,False,False
1809,1,0,1,0,0.0,open,False,False
1808,1,0,0,0,0.0,open,False,False
1807,1,0,0,0,0.0,closed,False,False
1806,1,0,1,0,0.0,open,False,False
1805,0,0,0,0,0,closed,False,False
1804,1,0,0,0,0.0,open,False,False
1801,6,0,1,0,0.0,open,False,False
1799,1,0,0,0,0.0,closed,False,False
1798,1,0,0,0,0.0,closed,False,False
1797,2,0,0,0,0.0,open,False,False
1796,1,0,0,0,0.0,closed,False,False
1795,1,1,0,1,1.0,closed,True,True
1794,5,5,0,1,1.0,closed,True,True
1793,1,0,0,0,0.0,closed,False,False
1792,1,0,0,0,0.0,open,False,False
1791,1,1,1,0,0.0,open,False,False
1790,1,0,0,0,0.0,open,False,False
1789,1,0,0,0,0.0,open,False,False
1788,1,0,1,0,0.0,open,False,False
1787,1,0,0,0,0.0,open,False,False
1786,1,0,0,0,0.0,open,False,False
1785,1,0,0,0,0.0,open,False,False
1784,1,0,0,0,0.0,closed,False,False
1783,3,1,0,2,2.0,closed,False,False
1782,3,0,1,0,0.0,open,False,False
1781,1,0,4,0,0.0,open,False,False
1780,1,0,0,0,0.0,closed,False,False
1779,1,0,0,0,0.0,closed,False,False
1778,1,0,0,0,0.0,closed,False,False
1777,2,0,0,0,0.0,closed,False,False
1776,1,0,0,0,0.0,open,False,False
1775,1,0,0,0,0.0,open,False,False
1774,1,0,0,0,0.0,open,False,False
1773,1,0,0,0,0.0,open,False,False
1772,982,982,0,0,0.0,open,False,False
1771,982,982,0,0,0.0,open,False,False
1770,2,0,0,0,0.0,closed,False,False
1769,1,0,0,0,0.0,open,False,False
1768,1,1,0,0,0.0,open,False,False
1767,1,0,0,0,0.0,closed,False,False
1766,1,0,1,0,0.0,open,False,False
1765,1,0,0,0,0.0,open,False,False
1764,3,0,0,0,0.0,open,False,False
1763,1,0,0,2,2.0,open,False,False
1762,1,0,1,0,0.0,closed,False,False
1761,1,0,1,0,0.0,closed,False,False
1759,1,0,2,1,1.0,open,False,False
1757,1,1,6,3,1.5,closed,False,False
1755,2,1,0,0,0.0,open,False,False
1753,1,0,11,0,0.0,open,False,False
1752,1,0,0,0,0.0,open,False,False
1751,1,0,0,0,0.0,closed,False,False
1750,1,0,7,0,0.0,open,False,False
1749,2,0,0,0,0.0,closed,False,False
1748,1,0,0,0,0.0,open,False,False
1747,1,0,0,0,0.0,open,False,False
1746,1,0,0,0,0.0,open,False,False
1745,4,0,1,0,0.0,closed,False,False
1744,1,0,0,0,0.0,open,False,False
1743,1,0,0,0,0.0,open,False,False
1742,1,0,0,0,0.0,open,False,False
1741,1,0,0,0,0.0,closed,False,False
1738,1,0,1,0,0.0,closed,False,False
1737,4,0,0,0,0.0,open,False,False
1736,1,0,0,0,0.0,open,False,False
1734,1,0,0,0,0.0,open,False,False
1733,6,2,1,0,0.0,closed,False,False
1732,1,0,0,0,0.0,open,False,False
1731,1,0,3,0,0.0,open,False,False
1730,1,1,0,0,0.0,closed,True,True
1729,3,0,0,0,0.0,open,False,False
1728,1,0,0,0,0.0,open,False,False
1727,1,0,0,0,0.0,closed,False,False
1726,1,0,10,0,0.0,open,False,False
1725,1,1,1,0,0.0,closed,True,True
1723,1,0,16,0,0.0,closed,False,False
1722,1,0,0,0,0.0,open,False,False
1721,1,0,2,0,0.0,open,False,False
1720,1,1,0,0,0.0,closed,True,True
1719,1,0,6,0,0.0,open,False,False
1718,3,1,0,0,0.0,closed,True,True
1717,1,0,0,0,0.0,open,False,False
1716,1,0,1,0,0.0,open,False,False
1715,1,0,0,0,0.0,open,False,False
1714,1,0,0,0,0.0,closed,True,True
1711,7,0,3,0,0.0,open,False,False
1710,1,0,1,0,0.0,open,False,False
1709,1,0,1,0,0.0,open,False,False
1708,31,0,0,0,0.0,open,False,False
1707,0,1,1,0,0.0,closed,True,True
1706,0,1,0,0,0.0,closed,True,True
1705,2,1,0,0,0.0,open,False,False
1704,1,1,0,0,0.0,open,False,False
1703,1,1,0,0,0.0,open,False,False
1702,1,0,0,0,0.0,open,False,False
1701,2,0,0,0,0.0,open,False,False
1700,1,0,1,0,0.0,closed,False,False
1699,8,5,0,0,0.0,open,False,False
1696,1,0,1,0,0.0,open,False,False
1695,1,0,0,0,0.0,open,False,False
1694,1,1,1,1,1.0,closed,True,True
1693,1,0,0,0,0.0,open,False,False
1691,11,0,0,0,0.0,open,False,False
1689,1,1,0,0,0.0,open,False,False
1688,1,0,0,0,0.0,open,False,False
1687,1,0,0,0,0.0,open,False,False
1685,1,1,0,0,0.0,closed,True,True
1684,2,0,0,0,0.0,closed,False,False
1683,1,0,0,0,0.0,open,False,False
1681,1,0,2,0,0.0,closed,False,False
1680,1,0,0,0,0.0,open,False,False
1679,1,0,0,0,0.0,closed,True,True
1678,1,0,3,0,0.0,open,False,False
1677,6,0,3,0,0.0,closed,True,True
1676,1,0,0,0,0.0,closed,False,False
1675,1,0,2,0,0.0,closed,False,False
1673,1,0,0,0,0.0,open,False,False
1671,1,0,0,0,0.0,open,False,False
1670,1,0,5,0,0.0,closed,False,False
1669,1,1,0,1,1.0,closed,True,True
1668,1,0,0,0,0.0,open,False,False
1667,1,0,0,0,0.0,closed,False,False
1666,3,3,1,0,0.0,closed,False,False
1665,1,0,0,0,0.0,open,False,False
1664,1,1,0,0,0.0,closed,True,True
1663,1,1,6,0,0.0,closed,True,True
1662,1,0,1,0,0.0,open,False,False
1661,1,0,0,0,0.0,open,False,False
1659,1,0,1,0,0.0,open,False,False
1658,1,0,1,0,0.0,closed,False,False
1657,59,0,1,0,0.0,closed,False,False
1656,75,0,0,0,0.0,closed,False,False
1655,11,0,1,0,0.0,closed,False,False
1654,17,0,0,0,0.0,closed,False,False
1653,5,0,0,0,0.0,closed,False,False
1652,23,0,1,0,0.0,closed,False,False
1651,31,0,1,0,0.0,closed,False,False
1649,1,0,1,0,0.0,closed,False,False
1648,1,0,0,0,0.0,closed,True,True
1647,1,0,0,0,0.0,closed,False,False
1646,1,0,0,0,0.0,open,False,False
1645,1,0,0,0,0.0,closed,False,False
1644,1,1,1,0,0.0,closed,False,False
1643,1,0,0,0,0.0,open,False,False
1642,3,1,0,0,0.0,closed,False,False
1641,1,0,0,1,1.0,closed,False,False
1640,2,2,0,0,0.0,closed,False,False
1639,2,0,0,0,0.0,closed,False,False
1638,1,0,0,0,0.0,open,False,False
1637,1,1,1,0,0.0,closed,False,False
1636,5,0,0,0,0.0,open,False,False
1635,2,0,0,0,0.0,open,False,False
1634,2,0,0,0,0.0,closed,False,False
1633,1,1,0,0,0.0,closed,False,False
1632,2,1,0,0,0.0,closed,False,False
1631,17,0,1,0,0.0,closed,False,False
1628,1387,6,0,0,0.0,closed,False,False
1627,1,0,0,0,0.0,closed,False,False
1626,2,0,1,0,0.0,closed,True,True
1625,1,0,0,0,0.0,closed,True,True
1624,1,4,0,0,0.0,closed,False,False
1623,7,0,1,0,0.0,closed,True,True
1622,2,0,0,0,0.0,open,False,False
1620,1,0,0,0,0.0,closed,True,True
1618,1,0,0,0,0.0,open,False,False
1617,1,0,1,0,0.0,closed,False,False
1616,1,0,0,0,0.0,open,False,False
1615,1,0,3,0,0.0,open,False,False
1613,3,0,0,1,0.3333333333333333,open,False,False
1612,1,0,4,0,0.0,closed,False,False
1610,1,0,0,0,0.0,closed,True,True
1609,1,0,0,0,0.0,closed,True,True
1608,1,0,0,0,0.0,closed,True,True
1606,1,1,1,0,0.0,closed,True,True
1605,2,0,0,0,0.0,open,False,False
1604,1,0,0,0,0.0,open,False,False
1603,1,0,0,0,0.0,open,False,False
1602,1,1,0,0,0.0,closed,True,True
1601,1,0,0,0,0.0,open,False,False
1600,0,0,0,0,0.0,closed,False,False
1599,1,0,0,0,0.0,closed,True,True
1598,1,0,2,0,0.0,closed,True,True
1597,1,0,0,0,0.0,closed,True,True
1596,1,0,0,0,0.0,closed,True,True
1595,3,0,1,0,0.0,open,False,False
1594,7,0,1,0,0.0,closed,True,True
1593,1,0,0,0,0.0,closed,True,True
1592,1,0,1,0,0.0,closed,True,True
1591,1,0,0,0,0.0,open,False,False
1589,1,0,1,1,1.0,closed,True,True
1588,1,0,3,0,0.0,closed,True,True
1586,1,0,1,0,0.0,open,False,False
1585,61,55,2,0,0.0,closed,True,True
1582,1,0,0,0,0.0,open,False,False
1581,1,0,2,0,0.0,open,False,False
1580,1,0,1,0,0.0,open,False,False
1579,1,0,1,0,0.0,closed,True,True
1578,1,0,0,0,0.0,open,False,False
1577,1,0,0,0,0.0,open,False,False
1576,1,0,1,0,0.0,closed,True,True
1575,1,0,0,0,0.0,closed,True,True
1574,3,1,2,0,0.0,open,False,False
1573,1,0,0,0,0.0,closed,True,True
1572,1,0,0,0,0.0,open,False,False
1571,1,0,1,0,0.0,open,False,False
1570,2,0,1,0,0.0,closed,False,False
1569,1,0,0,0,0.0,closed,True,True
1568,2,0,0,0,0.0,closed,True,True
1567,1,0,0,0,0.0,closed,False,False
1566,1,0,0,0,0.0,closed,False,False
1565,1,0,2,0,0.0,closed,False,False
1564,1,0,0,0,0.0,open,False,False
1563,1,0,2,0,0.0,closed,False,False
1562,1,0,0,0,0.0,closed,True,True
1561,1,0,0,0,0.0,closed,True,True
1560,1,0,0,0,0.0,open,False,False
1559,1,0,0,0,0.0,open,False,False
1558,1,0,0,0,0.0,open,False,False
1557,1,1,0,0,0.0,closed,True,True
1556,1,0,0,0,0.0,closed,False,False
1555,1,0,0,0,0.0,closed,True,True
1554,1,0,3,0,0.0,closed,False,False
1552,1,0,0,0,0.0,closed,True,True
1551,1,0,0,0,0.0,closed,False,False
1550,2,0,0,0,0.0,open,False,False
1549,1,0,2,0,0.0,closed,True,True
1548,1,0,0,0,0.0,closed,False,False
1547,1,0,2,0,0.0,open,False,False
1545,2,1,0,0,0.0,open,False,False
1544,1,0,0,0,0.0,closed,False,False
1543,1,0,0,0,0.0,open,False,False
1542,1,0,0,0,0.0,open,False,False
1540,4,0,0,0,0.0,open,False,False
1539,6,0,0,0,0.0,open,False,False
1538,1,1,0,0,0.0,closed,False,False
1536,1,0,0,0,0.0,closed,False,False
1534,1,0,0,0,0.0,open,False,False
1532,1,0,0,0,0.0,closed,True,True
1531,1,1,0,0,0.0,closed,True,True
1530,2,2,0,0,0.0,closed,True,True
1529,1,0,0,0,0.0,open,False,False
1528,1,0,0,0,0.0,closed,True,True
1527,1,0,0,0,0.0,closed,True,True
1526,2,2,0,0,0.0,closed,True,True
1525,1,0,1,0,0.0,open,False,False
1524,1,0,0,0,0.0,open,False,False
1523,1,0,0,0,0.0,open,False,False
1522,1,0,0,0,0.0,open,False,False
1521,23,19,1,0,0.0,open,False,False
1518,1,1,2,0,0.0,closed,True,True
1517,1,0,0,0,0.0,open,False,False
1516,1,0,0,0,0.0,closed,True,True
1515,1,0,0,0,0.0,open,False,False
1513,1,0,1,0,0.0,closed,True,True
1504,1,0,0,0,0.0,closed,False,False
1496,2,0,0,0,0.0,open,False,False
1487,1,1,0,0,0.0,closed,True,True
1481,1,1,1,0,0.0,closed,False,False
1480,1,0,1,0,0.0,closed,True,True
1479,1,0,0,0,0.0,open,False,False
1478,1,0,0,0,0.0,closed,False,False
1477,2,0,0,0,0.0,open,False,False
1476,1,0,3,0,0.0,closed,True,True
1475,1,0,1,2,2.0,closed,False,False
1474,1,0,0,0,0.0,closed,False,False
1473,1,0,0,0,0.0,closed,True,True
1472,1,0,0,0,0.0,closed,True,True
1471,1,0,0,0,0.0,closed,False,False
1470,1,0,0,0,0.0,closed,True,True
1469,1,0,0,0,0.0,closed,True,True
1468,1,0,0,0,0.0,closed,True,True
1467,1,0,0,0,0.0,closed,False,False
1466,1,0,2,0,0.0,closed,False,False
1465,1,0,0,0,0.0,open,False,False
1464,1,0,0,0,0.0,closed,True,True
1463,2,0,2,0,0.0,closed,False,False
1462,1,0,0,0,0.0,closed,True,True
1461,1,0,0,0,0.0,closed,True,True
1460,1,0,2,0,0.0,closed,False,False
1458,1,0,0,0,0.0,open,False,False
1457,2426,1312,0,0,0.0,open,False,False
1456,1,0,0,0,0.0,closed,True,True
1455,1,0,0,0,0.0,closed,False,False
1454,1,0,0,0,0.0,open,False,False
1453,2,0,1,0,0.0,closed,True,True
1452,1,0,0,0,0.0,open,False,False
1451,1,0,0,0,0.0,open,False,False
1450,2,1,6,0,0.0,open,False,False
1449,3,0,2,0,0.0,closed,False,False
1448,5,0,0,0,0.0,open,False,False
1447,1,0,0,0,0.0,closed,True,True
1446,8,0,0,0,0.0,open,False,False
1445,1,0,0,0,0.0,open,False,False
1443,1,0,0,0,0.0,open,False,False
1442,1,0,0,0,0.0,open,False,False
1441,1,0,2,0,0.0,closed,False,False
1440,1,0,0,0,0.0,open,False,False
1439,1,0,1,0,0.0,closed,True,True
1438,1,0,0,1,1.0,open,False,False
1437,1,0,0,0,0.0,closed,False,False
1436,9,0,0,0,0.0,closed,True,True
1434,1,0,0,0,0.0,closed,False,False
1433,1,0,0,0,0.0,closed,False,False
1432,1,0,0,0,0.0,closed,False,False
1431,4,1,0,0,0.0,closed,False,False
1430,1,0,0,0,0.0,closed,False,False
1429,2,0,1,0,0.0,closed,False,False
1428,1,0,0,0,0.0,closed,False,False
1427,2,0,3,0,0.0,closed,False,False
1426,1,0,0,0,0.0,closed,False,False
1425,1,0,1,0,0.0,closed,False,False
1424,1,0,2,0,0.0,closed,False,False
1423,377,320,0,0,0.0,closed,False,False
1422,1,0,0,0,0.0,closed,False,False
1421,1,0,3,0,0.0,closed,False,False
1420,1,0,0,0,0.0,closed,False,False
1419,1,0,0,0,0.0,closed,False,False
1418,14,0,0,0,0.0,closed,False,False
1417,7,0,0,0,0.0,closed,False,False
1416,7,0,0,0,0.0,closed,False,False
1415,7,0,0,0,0.0,closed,False,False
1414,1,0,0,0,0.0,closed,False,False
1413,7,0,0,0,0.0,closed,False,False
1412,1,0,0,0,0.0,closed,False,False
1411,1,0,0,0,0.0,closed,False,False
1410,7,0,0,0,0.0,closed,False,False
1409,1,0,1,0,0.0,closed,False,False
1408,75,0,0,0,0.0,closed,False,False
1407,2,0,0,0,0.0,closed,False,False
1406,1,0,0,2,0.6666666666666666,closed,False,False
1405,1,0,0,0,0.0,closed,False,False
1404,1,0,0,0,0.0,closed,False,False
1403,3,3,0,0,0.0,closed,True,True
1402,1,0,1,0,0.0,closed,False,False
1401,1,0,2,0,0.0,closed,False,False
1400,1,0,1,0,0.0,closed,False,False
1399,1,0,0,0,0.0,closed,True,True
1398,1,0,0,0,0.0,closed,False,False
1397,1,0,0,0,0.0,closed,False,False
1396,1,0,0,1,0.3333333333333333,closed,False,False
1395,1,1,0,0,0.0,closed,True,True
1394,1,0,2,2,1.0,closed,False,False
1393,1,0,0,0,0.0,closed,False,False
1392,1,0,0,0,0.0,closed,False,False
1391,8,0,0,0,0.0,closed,False,False
1390,1,1,0,0,0.0,closed,False,False
1389,1,0,5,0,0.0,closed,True,True
1388,1,0,0,0,0.0,closed,False,False
1387,7,0,4,0,0.0,closed,True,True
1386,0,1,0,0,0.0,closed,True,True
1385,1,0,4,0,0.0,closed,True,True
1384,2,0,0,0,0.0,closed,False,False
1383,1,0,0,0,0.0,closed,False,False
1382,1,0,0,0,0.0,closed,False,False
1381,1,0,1,2,2.0,closed,False,False
1380,4,0,0,0,0.0,closed,False,False
1379,1,0,0,0,0.0,closed,False,False
1378,1,0,0,0,0.0,closed,False,False
1377,2,1,0,0,0.0,closed,False,False
1376,1,0,2,0,0.0,closed,False,False
1375,1,0,0,0,0.0,closed,False,False
1374,1,0,0,0,0.0,closed,False,False
1373,1,0,1,0,0.0,closed,False,False
1372,1,0,0,0,0.0,closed,False,False
1371,1,0,0,0,0.0,closed,False,False
1370,1,0,0,0,0.0,closed,False,False
1369,1,0,0,0,0.0,closed,False,False
1368,1,0,0,0,0.0,closed,False,False
1366,1,0,0,0,0.0,closed,False,False
1365,1,0,0,0,0.0,closed,False,False
1364,1,0,0,0,0.0,closed,False,False
1363,1,0,0,0,0.0,closed,False,False
1362,1,0,0,0,0.0,closed,False,False
1361,1,0,0,0,0.0,closed,False,False
1360,1,1,2,0,0.0,closed,True,True
1359,0,1,1,0,0.0,closed,False,False
1358,1,0,1,0,0.0,closed,False,False
1357,1,0,0,0,0.0,closed,False,False
1352,1,0,0,0,0.0,closed,False,False
1351,1,0,0,0,0.0,closed,False,False
1350,2,0,14,0,0.0,closed,True,True
1349,1,1,0,0,0.0,closed,True,True
1348,1,0,3,0,0.0,closed,True,True
1346,1,0,2,0,0.0,closed,False,False
1345,1,0,1,0,0.0,closed,False,False
1344,2,0,1,0,0.0,closed,False,False
1343,7,0,1,0,0.0,closed,False,False
1342,1,0,10,0,0.0,closed,False,False
1341,1,0,1,0,0.0,closed,False,False
1340,1,0,2,1,0.5,closed,False,False
1339,2,2,0,1,0.5,closed,True,True
1338,1,0,1,0,0.0,closed,False,False
1337,1,0,0,0,0.0,closed,True,True
1336,1,0,2,0,0.0,closed,False,False
1335,2,0,1,0,0.0,closed,False,False
1334,1,0,1,0,0.0,closed,False,False
1331,5,3,0,0,0.0,closed,True,True
1330,1,1,0,3,1.0,closed,True,True
1327,1,0,1,0,0.0,closed,False,False
1325,1,0,1,0,0.0,closed,False,False
1323,1,0,1,0,0.0,closed,False,False
1322,1,0,1,0,0.0,closed,False,False
1321,1,0,2,0,0.0,closed,False,False
1319,1,1,1,0,0.0,closed,False,False
1318,31,1,1,0,0.0,closed,False,False
1316,1,0,3,0,0.0,closed,False,False
1314,2,0,2,2,1.0,closed,False,False
1311,1,0,2,0,0.0,closed,False,False
1310,2,0,1,0,0.0,closed,False,False
1309,1,0,3,0,0.0,closed,False,False
1308,1,0,1,0,0.0,closed,False,False
1307,10,0,2,0,0.0,closed,False,False
1305,1,0,9,1,0.25,closed,False,False
1304,1,0,1,0,0.0,closed,False,False
1303,94,92,0,0,0.0,closed,False,False
1302,1,0,1,0,0.0,closed,False,False
1301,1,0,1,0,0.0,closed,False,False
1300,2,0,1,0,0.0,closed,False,False
1299,4,0,1,0,0.0,closed,False,False
1298,7,0,1,0,0.0,closed,False,False
1297,1,1,1,0,0.0,closed,True,True
1296,1,0,1,0,0.0,closed,False,False
1295,1,0,1,0,0.0,closed,False,False
1294,3,1,1,0,0.0,closed,False,False
1293,1,0,3,0,0.0,closed,False,False
1292,1,0,1,0,0.0,closed,False,False
1290,1,0,1,0,0.0,closed,False,False
1289,1,0,3,0,0.0,closed,False,False
1288,1,1,0,0,0.0,closed,False,False
1287,2,1,2,0,0.0,closed,False,False
1286,1,0,1,0,0.0,closed,False,False
1283,2,1,6,2,1.0,closed,False,False
1282,1,0,1,0,0.0,closed,False,False
1281,1,0,1,0,0.0,closed,False,False
1280,2,0,1,0,0.0,closed,False,False
1277,1,0,1,0,0.0,closed,False,False
1275,1,0,1,0,0.0,closed,False,False
1273,1,0,1,0,0.0,closed,False,False
1272,1,0,1,0,0.0,closed,False,False
1271,1,0,2,0,0.0,closed,False,False
1269,1,0,0,0,0.0,closed,True,True
1268,1,1,0,0,0.0,closed,True,True
1267,1,0,2,0,0.0,closed,False,False
1264,1,0,1,0,0.0,closed,False,False
1263,1,0,3,0,0.0,closed,True,True
1262,1,1,0,0,0.0,closed,True,True
1261,1,0,1,0,0.0,closed,False,False
1260,2,1,1,0,0.0,closed,False,False
1259,1,0,1,0,0.0,closed,False,False
1258,1,0,1,0,0.0,closed,False,False
1256,1,0,2,0,0.0,closed,True,True
1255,4,0,1,0,0.0,closed,False,False
1254,1,0,0,0,0.0,closed,False,False
1253,93,92,0,0,0.0,closed,False,False
1252,8,0,3,3,0.75,closed,True,True
1251,1,0,1,0,0.0,closed,False,False
1250,7,38,1,0,0.0,closed,True,True
1249,1,0,1,0,0.0,closed,False,False
1248,1,0,2,0,0.0,closed,False,False
1247,19,10,3,0,0.0,closed,True,True
1246,2,0,2,0,0.0,closed,False,False
1244,3,1,1,0,0.0,closed,False,False
1243,1,0,2,0,0.0,closed,False,False
1242,1,0,1,0,0.0,closed,False,False
1241,1,0,2,0,0.0,closed,False,False
1240,1,0,1,0,0.0,closed,False,False
1239,1,0,1,0,0.0,closed,False,False
1238,1,0,1,0,0.0,closed,False,False
1237,1,0,1,0,0.0,closed,False,False
1236,1,0,1,0,0.0,closed,False,False
1235,1,0,1,0,0.0,closed,False,False
1234,1,0,0,0,0.0,closed,False,False
1232,3,1,0,0,0.0,closed,False,False
1230,1,0,1,0,0.0,closed,False,False
1229,1,0,1,0,0.0,closed,False,False
1228,1,0,2,0,0.0,closed,False,False
1227,5,0,2,0,0.0,closed,False,False
1226,95,93,1,0,0.0,closed,False,False
1225,1,0,0,0,0.0,closed,True,True
1224,1,0,4,0,0.0,closed,False,False
1223,1,0,1,0,0.0,closed,False,False
1222,1,0,1,0,0.0,closed,False,False
1221,2,0,0,0,0.0,closed,True,True
1220,1,1,0,0,0.0,closed,True,True
1219,2,0,2,0,0.0,closed,False,False
1218,1,0,0,0,0.0,closed,False,False
1217,2,0,1,0,0.0,closed,False,False
1216,1,0,1,0,0.0,closed,False,False
1214,1,0,1,0,0.0,closed,False,False
1213,9,0,1,0,0.0,closed,False,False
1212,3,1,3,0,0.0,closed,False,False
1211,1,0,1,0,0.0,closed,False,False
1210,1,1,1,0,0.0,closed,True,True
1209,1,0,3,0,0.0,closed,False,False
1208,1,0,1,0,0.0,closed,False,False
1206,1,0,1,0,0.0,closed,False,False
1204,1,0,1,0,0.0,closed,False,False
1201,1,0,1,0,0.0,closed,False,False
1199,1,0,2,0,0.0,closed,False,False
1197,1,0,1,0,0.0,closed,False,False
1196,1,0,1,0,0.0,closed,False,False
1195,0,0,1,0,0.0,closed,False,False
1193,1,1,0,0,0.0,closed,False,False
1192,1,0,1,0,0.0,closed,False,False
1190,1,0,1,0,0.0,closed,False,False
1189,1,1,0,0,0.0,closed,True,True
1188,1,0,6,0,0.0,closed,False,False
1187,2,0,0,0,0.0,closed,False,False
1186,8,0,1,0,0.0,closed,False,False
1185,2,0,1,0,0.0,closed,False,False
1184,1,0,1,0,0.0,closed,False,False
1183,1,0,1,0,0.0,closed,False,False
1182,1,1,0,0,0.0,closed,True,True
1181,1,0,1,0,0.0,closed,False,False
1180,1,0,1,0,0.0,closed,False,False
1179,1,0,1,0,0.0,closed,False,False
1178,1,0,1,0,0.0,closed,False,False
1177,1,0,1,0,0.0,closed,False,False
1176,1,0,0,0,0.0,closed,True,True
1174,1,0,0,0,0.0,closed,False,False
1173,8,4,3,1,0.5,closed,False,False
1172,1,1,0,0,0.0,closed,True,True
1171,1,0,2,0,0.0,closed,False,False
1170,1,0,3,0,0.0,closed,True,True
1169,1,1,0,0,0.0,closed,True,True
1166,1,0,1,0,0.0,closed,False,False
1165,1,0,0,0,0.0,closed,False,False
1164,1,0,0,0,0.0,closed,False,False
1163,5,5,1,0,0.0,closed,False,False
1162,1,1,0,0,0.0,closed,False,False
1161,1,0,0,0,0.0,closed,False,False
1160,1,0,2,0,0.0,closed,False,False
1159,1,0,1,0,0.0,closed,False,False
1158,1,0,2,0,0.0,closed,False,False
1157,1,0,1,0,0.0,closed,False,False
1156,1,0,1,0,0.0,closed,False,False
1155,2,1,1,0,0.0,closed,False,False
1154,1,0,2,0,0.0,closed,False,False
1153,4,0,2,0,0.0,closed,False,False
1152,1,0,1,0,0.0,closed,False,False
1151,1,0,1,0,0.0,closed,False,False
1150,1,0,1,0,0.0,closed,False,False
1148,1,0,2,0,0.0,closed,False,False
1147,1,0,1,0,0.0,closed,False,False
1146,1,0,2,0,0.0,closed,False,False
1145,1,0,1,0,0.0,closed,False,False
1144,1,0,1,0,0.0,closed,False,False
1143,1,1,0,0,0.0,closed,True,True
1142,7,0,2,0,0.0,closed,False,False
1141,1,0,1,0,0.0,closed,False,False
1140,1,0,1,0,0.0,closed,False,False
1139,1,0,1,0,0.0,closed,False,False
1138,1,0,1,0,0.0,closed,False,False
1137,1,1,0,0,0.0,closed,False,False
1136,1,1,0,0,0.0,closed,False,False
1135,1,0,0,0,0.0,closed,False,False
1134,1,1,0,0,0.0,closed,False,False
1133,1,0,1,0,0.0,closed,False,False
1132,1,0,1,0,0.0,closed,False,False
1131,1,0,1,0,0.0,closed,False,False
1130,1,0,2,0,0.0,closed,False,False
1129,1,0,1,0,0.0,closed,False,False
1128,1,0,3,0,0.0,closed,False,False
1127,1,0,1,0,0.0,closed,False,False
1126,1,0,1,0,0.0,closed,False,False
1125,8,0,0,0,0.0,closed,True,True
1124,1,0,1,0,0.0,closed,False,False
1123,1,0,1,0,0.0,closed,False,False
1122,1,0,1,0,0.0,closed,False,False
1121,1,0,1,0,0.0,closed,False,False
1120,1,0,4,0,0.0,closed,False,False
1118,1,0,1,0,0.0,closed,False,False
1116,1,0,1,0,0.0,closed,False,False
1115,1,0,1,0,0.0,closed,False,False
1114,1,0,1,0,0.0,closed,False,False
1113,1,0,1,0,0.0,closed,False,False
1112,4,3,4,0,0.0,closed,False,False
1111,1,0,1,0,0.0,closed,False,False
1110,1,0,1,0,0.0,closed,False,False
1108,2,0,1,0,0.0,closed,False,False
1107,1,0,7,0,0.0,closed,False,False
1106,1,1,0,0,0.0,closed,True,True
1105,1,0,4,0,0.0,closed,False,False
1104,2,0,1,0,0.0,closed,False,False
1103,1,0,1,0,0.0,closed,False,False
1101,1,0,5,0,0.0,closed,False,False
1100,1,0,4,0,0.0,closed,True,True
1099,1,0,1,0,0.0,closed,True,True
1098,2,2,4,0,0.0,closed,False,False
1097,7,0,2,0,0.0,closed,False,False
1096,1,0,1,0,0.0,closed,False,False
1095,1,0,1,0,0.0,closed,False,False
1094,1,0,2,0,0.0,closed,False,False
1092,1,0,1,0,0.0,closed,False,False
1090,1,0,0,0,0.0,closed,True,True
1088,1,0,1,0,0.0,closed,False,False
1087,1,0,0,0,0.0,closed,False,False
1086,1,1,0,0,0.0,closed,True,True
1085,2,0,1,0,0.0,closed,False,False
1084,1,0,3,0,0.0,closed,False,False
1083,1,0,0,0,0.0,closed,False,False
1081,1,0,1,0,0.0,closed,False,False
1080,1,0,1,0,0.0,closed,False,False
1078,1,0,3,0,0.0,closed,False,False
1077,2,1,1,0,0.0,closed,False,False
1076,1,1,0,0,0.0,closed,True,True
1075,3,0,1,0,0.0,closed,True,True
1072,1,0,0,0,0.0,closed,True,True
1071,1,1,1,0,0.0,closed,False,False
1070,1,0,1,0,0.0,closed,False,False
1069,1,0,1,0,0.0,closed,False,False
1068,1,0,0,0,0.0,closed,True,True
1067,1,0,0,0,0.0,closed,True,True
1065,1,0,1,0,0.0,closed,False,False
1064,1,0,1,0,0.0,closed,False,False
1063,7,7,1,0,0.0,closed,True,True
1062,1,0,1,0,0.0,closed,False,False
1061,1,0,0,0,0.0,closed,True,True
1060,1,0,0,0,0.0,closed,True,True
1059,3,3,1,0,0.0,closed,True,True
1057,7,0,1,0,0.0,closed,False,False
1056,1,0,3,0,0.0,closed,False,False
1053,1,0,8,0,0.0,closed,False,False
1052,1,0,2,0,0.0,closed,False,False
1051,1,0,3,1,1.0,closed,False,False
1050,1,0,1,0,0.0,closed,True,True
1049,1,0,2,0,0.0,closed,True,True
1048,1,0,0,0,0.0,closed,False,False
1046,1,0,1,0,0.0,closed,False,False
1045,1,0,2,0,0.0,closed,False,False
1044,1,0,2,0,0.0,closed,False,False
1043,1,0,1,2,1.0,closed,True,True
1041,1,0,2,0,0.0,closed,False,False
1040,2,0,1,0,0.0,closed,False,False
1039,14,14,0,0,0.0,closed,True,True
1038,2,0,1,0,0.0,closed,False,False
1037,1,0,1,0,0.0,closed,False,False
1036,0,1,0,0,0.0,closed,True,True
1035,1,0,0,0,0.0,closed,True,True
1033,1,0,1,0,0.0,closed,False,False
1032,1,0,0,0,0.0,closed,True,True
1031,1,0,1,0,0.0,closed,False,False
1030,1,0,0,0,0.0,closed,True,True
1029,1,0,0,0,0.0,closed,False,False
1028,1,0,2,0,0.0,closed,True,True
1025,1,0,1,0,0.0,closed,False,False
1023,1,0,0,0,0.0,closed,True,True
1022,1,0,3,0,0.0,closed,False,False
1021,1,0,2,0,0.0,closed,False,False
1020,1,0,0,0,0.0,closed,False,False
1019,1,0,2,0,0.0,closed,False,False
1018,1,0,1,0,0.0,closed,False,False
1017,1,1,0,0,0.0,closed,True,True
1016,1,0,0,0,0.0,closed,False,False
1014,1,0,0,0,0.0,closed,True,True
1013,3,0,2,0,0.0,closed,False,False
1012,1,0,1,0,0.0,closed,False,False
1011,23,0,3,0,0.0,closed,False,False
1010,2,0,0,0,0.0,closed,True,True
1008,1,0,1,0,0.0,closed,False,False
1007,1,0,0,0,0.0,closed,True,True
1006,1,0,0,0,0.0,closed,True,True
1005,1,0,1,0,0.0,closed,False,False
1004,1,0,1,0,0.0,closed,False,False
1003,1,0,1,0,0.0,closed,False,False
1002,2,0,1,0,0.0,closed,False,False
1001,1,0,1,0,0.0,closed,False,False
1000,1,0,3,0,0.0,closed,False,False
999,1,1,0,0,0.0,closed,True,True
998,1,0,2,0,0.0,closed,False,False
997,1,0,1,0,0.0,closed,False,False
996,1,0,2,0,0.0,closed,False,False
995,1,0,2,0,0.0,closed,True,True
994,2,2,3,0,0.0,closed,False,False
993,1,0,4,0,0.0,closed,False,False
992,1,0,1,0,0.0,closed,False,False
991,1,0,1,0,0.0,closed,False,False
990,1,0,2,0,0.0,closed,False,False
989,1,1,2,0,0.0,closed,False,False
988,1,1,1,0,0.0,closed,True,True
987,1,0,2,0,0.0,closed,False,False
986,1,0,1,0,0.0,closed,False,False
985,1,1,0,0,0.0,closed,True,True
984,1,0,1,0,0.0,closed,False,False
983,1,0,8,0,0.0,closed,True,True
982,1,0,1,0,0.0,closed,False,False
981,1,0,1,0,0.0,closed,False,False
980,2,0,2,0,0.0,closed,True,True
979,4,0,0,0,0.0,closed,True,True
978,1,0,0,0,0.0,closed,True,True
977,1,0,3,0,0.0,closed,False,False
976,1,0,0,0,0.0,closed,True,True
975,1,0,1,0,0.0,closed,False,False
974,1,0,1,0,0.0,closed,False,False
973,1,0,1,0,0.0,closed,False,False
972,1,0,1,0,0.0,closed,False,False
971,1,0,1,3,1.0,closed,False,False
969,1,0,0,0,0.0,closed,True,True
968,1,0,0,0,0.0,closed,True,True
967,1,0,0,0,0.0,closed,False,False
966,1,0,1,0,0.0,closed,False,False
965,1,0,0,0,0.0,closed,False,False
964,1,0,1,0,0.0,closed,False,False
963,1,0,1,0,0.0,closed,False,False
962,2,0,2,0,0.0,closed,False,False
961,1,0,1,0,0.0,closed,False,False
960,1,0,1,0,0.0,closed,False,False
959,1,0,2,0,0.0,closed,False,False
958,1,0,1,0,0.0,closed,False,False
957,1,0,1,0,0.0,closed,True,True
956,1,0,1,0,0.0,closed,True,True
955,1,0,1,0,0.0,closed,False,False
954,1,0,1,0,0.0,closed,False,False
953,1,0,2,0,0.0,closed,False,False
952,2,0,0,0,0.0,closed,True,True
951,1,0,1,0,0.0,closed,False,False
950,4,1,0,0,0.0,closed,True,True
949,1,0,1,0,0.0,closed,False,False
948,1,0,0,0,0.0,closed,False,False
947,1,0,1,0,0.0,closed,False,False
946,1,0,2,0,0.0,closed,True,True
945,2,0,1,0,0.0,closed,False,False
944,1,0,0,0,0.0,closed,False,False
943,1,0,4,0,0.0,closed,False,False
942,1,0,1,0,0.0,closed,False,False
940,1,0,1,0,0.0,closed,False,False
939,1,0,1,0,0.0,closed,False,False
938,2,0,0,0,0.0,closed,True,True
937,1,0,1,0,0.0,closed,False,False
936,1,0,0,0,0.0,closed,True,True
935,7,0,1,0,0.0,closed,False,False
934,1,0,1,0,0.0,closed,False,False
933,0,1,0,0,0.0,closed,True,True
932,1,0,1,0,0.0,closed,False,False
931,7,0,1,0,0.0,closed,False,False
930,1,0,1,0,0.0,closed,False,False
929,8,1,1,0,0.0,closed,False,False
928,2,1,0,0,0.0,closed,True,True
927,1,0,3,0,0.0,closed,False,False
926,1,0,3,0,0.0,closed,False,False
925,1,0,1,0,0.0,closed,False,False
923,1,0,1,0,0.0,closed,False,False
922,1,0,1,0,0.0,closed,False,False
921,1,1,0,0,0.0,closed,True,True
920,1,0,2,0,0.0,closed,False,False
919,1,0,1,0,0.0,closed,False,False
918,1,0,3,0,0.0,closed,False,False
917,1,0,1,0,0.0,closed,False,False
916,1,0,4,0,0.0,closed,False,False
915,1,0,4,4,1.0,closed,False,False
914,1,0,1,0,0.0,closed,False,False
913,0,0,0,0,0.0,closed,False,False
912,0,0,1,0,0.0,closed,False,False
911,1,0,1,0,0.0,closed,False,False
910,1,0,0,0,0.0,closed,True,True
909,1,0,1,0,0.0,closed,False,False
908,1,0,1,0,0.0,closed,False,False
907,1,0,1,0,0.0,closed,False,False
905,2,2,0,0,0.0,closed,True,True
904,7,0,4,0,0.0,closed,False,False
903,70,70,1,0,0.0,closed,True,True
902,1,0,9,0,0.0,closed,False,False
901,1,0,1,0,0.0,closed,False,False
900,8,0,3,0,0.0,closed,False,False
899,1,0,1,0,0.0,closed,False,False
898,1,1,1,0,0.0,closed,False,False
897,1,0,2,0,0.0,closed,False,False
896,1,0,7,1,1.0,closed,False,False
895,1,0,1,0,0.0,closed,False,False
894,1,0,1,0,0.0,closed,False,False
893,1,0,1,0,0.0,closed,False,False
892,1,0,1,0,0.0,closed,False,False
891,1,1,1,3,3.0,closed,False,False
890,1,0,3,0,0.0,closed,False,False
889,1,0,1,0,0.0,closed,False,False
888,1,0,3,0,0.0,closed,False,False
887,3,1,1,0,0.0,closed,False,False
886,1,0,1,0,0.0,closed,False,False
885,1,0,3,0,0.0,closed,False,False
884,2,0,1,0,0.0,closed,False,False
882,1,0,1,0,0.0,closed,False,False
881,1,0,1,0,0.0,closed,True,True
880,1,0,1,0,0.0,closed,True,True
879,1,0,1,0,0.0,closed,False,False
878,1,0,2,0,0.0,closed,False,False
877,1,0,0,0,0.0,closed,True,True
876,0,0,0,0,0.0,closed,False,False
875,1,0,3,0,0.0,closed,True,True
874,1,0,6,0,0.0,closed,False,False
873,1,1,0,0,0.0,closed,True,True
872,1,0,2,0,0.0,closed,False,False
871,3,0,2,0,0.0,closed,False,False
870,1,0,3,0,0.0,closed,True,True
869,1,0,3,0,0.0,closed,False,False
868,2,0,1,0,0.0,closed,False,False
867,1,0,1,0,0.0,closed,False,False
866,1,1,0,0,0.0,closed,True,True
865,1,1,2,0,0.0,closed,True,True
864,1,0,1,0,0.0,closed,False,False
863,1,0,1,0,0.0,closed,False,False
862,1,0,0,0,0.0,closed,False,False
861,0,0,0,0,0.0,closed,False,False
860,3,0,3,0,0.0,closed,False,False
859,1,0,1,0,0.0,closed,False,False
858,0,1,0,0,0.0,closed,True,True
857,1,0,0,0,0.0,closed,False,False
856,1,0,3,0,0.0,closed,False,False
855,1,0,2,0,0.0,closed,False,False
854,1,1,0,0,0.0,closed,False,False
853,1,0,0,0,0.0,closed,True,True
852,1,0,1,0,0.0,closed,False,False
851,1,0,2,0,0.0,closed,False,False
850,1,0,1,0,0.0,closed,False,False
849,1,0,1,0,0.0,closed,False,False
848,1,0,0,0,0.0,closed,False,False
847,1,0,1,0,0.0,closed,False,False
846,1,0,0,0,0.0,closed,False,False
845,1,0,1,0,0.0,closed,False,False
844,2,0,1,0,0.0,closed,False,False
843,1,0,0,0,0.0,closed,False,False
842,3,0,1,0,0.0,closed,False,False
840,1,0,1,0,0.0,closed,False,False
839,1,0,1,0,0.0,closed,False,False
838,1,1,0,0,0.0,closed,True,True
837,1,0,0,0,0.0,closed,True,True
836,1,0,7,2,2.0,closed,False,False
835,1,0,1,0,0.0,closed,False,False
834,1,0,1,0,0.0,closed,False,False
832,1,0,1,0,0.0,closed,False,False
831,1,0,0,0,0.0,closed,True,True
830,1,0,0,0,0.0,closed,False,False
829,1,0,0,0,0.0,closed,True,True
828,1,0,1,0,0.0,closed,False,False
827,1,0,3,0,0.0,closed,True,True
826,1,0,0,3,1.5,closed,True,True
825,1,0,0,3,3.0,closed,True,True
824,1,0,1,0,0.0,closed,False,False
823,0,1,0,0,0.0,closed,True,True
822,1,0,0,0,0.0,closed,False,False
817,1,1,1,0,0.0,closed,False,False
816,1,1,0,0,0.0,closed,False,False
814,1,1,0,0,0.0,closed,True,True
813,1,1,0,0,0.0,closed,True,True
811,5,0,1,0,0.0,closed,False,False
810,1,0,3,0,0.0,closed,True,True
809,2,1,1,0,0.0,closed,False,False
808,3,0,1,0,0.0,closed,False,False
805,6,0,2,0,0.0,closed,False,False
804,2,1,1,0,0.0,closed,False,False
802,1,1,1,0,0.0,closed,True,True
801,1,0,1,0,0.0,closed,False,False
800,1,1,1,0,0.0,closed,False,False
799,1,0,0,0,0.0,closed,True,True
798,1,0,1,0,0.0,closed,True,True
797,1,0,1,0,0.0,closed,False,False
796,1,0,1,0,0.0,closed,False,False
795,1,0,2,0,0.0,closed,False,False
794,1,1,0,0,0.0,closed,True,True
793,1,0,3,0,0.0,closed,False,False
792,1,0,0,0,0.0,closed,False,False
791,1,1,1,0,0.0,closed,False,False
790,1,0,1,0,0.0,closed,False,False
788,1,0,1,0,0.0,closed,False,False
787,3,0,3,2,0.6666666666666666,closed,True,True
786,1,0,3,0,0.0,closed,False,False
784,4,0,1,0,0.0,closed,False,False
783,0,0,0,0,0.0,closed,False,False
782,0,0,0,0,0.0,closed,False,False
781,0,0,0,0,0.0,closed,False,False
780,1,0,1,0,0.0,closed,False,False
779,7,0,1,2,1.0,closed,False,False
778,1,0,3,0,0.0,closed,False,False
776,17,0,2,0,0.0,closed,False,False
775,1,0,3,0,0.0,closed,False,False
774,3,0,2,0,0.0,closed,True,True
773,1,0,2,0,0.0,closed,True,True
772,2,0,2,0,0.0,closed,True,True
771,30,1,1,0,0.0,closed,True,True
770,1,0,1,0,0.0,closed,False,False
769,2,0,1,0,0.0,closed,False,False
768,848,845,3,0,0.0,closed,False,False
767,1,0,1,0,0.0,closed,False,False
766,1,0,1,0,0.0,closed,False,False
765,1,0,1,0,0.0,closed,False,False
763,0,0,1,0,0.0,closed,False,False
762,1,1,0,0,0.0,closed,False,False
761,5,5,0,0,0.0,closed,True,True
760,1,0,1,0,0.0,closed,False,False
759,1,0,2,0,0.0,closed,False,False
758,21,0,1,1,0.3333333333333333,closed,False,False
757,1,0,1,0,0.0,closed,False,False
756,1,0,2,0,0.0,closed,False,False
755,1,0,0,0,0.0,closed,False,False
754,19,13,2,0,0.0,closed,True,True
753,1,0,0,3,1.5,closed,True,True
752,1,1,0,0,0.0,closed,True,True
751,1,0,1,0,0.0,closed,False,False
750,1,0,1,0,0.0,closed,False,False
749,1,0,3,0,0.0,closed,False,False
748,1,1,0,0,0.0,closed,True,True
747,1,0,2,0,0.0,closed,True,True
746,1,0,1,0,0.0,closed,False,False
744,1,0,0,0,0.0,closed,True,True
743,1,1,1,0,0.0,closed,True,True
741,1,0,1,0,0.0,closed,False,False
740,8,0,1,0,0.0,closed,False,False
739,1,0,2,0,0.0,closed,False,False
738,1,0,1,0,0.0,closed,False,False
736,1,0,1,0,0.0,closed,False,False
735,0,0,0,0,0.0,closed,False,False
734,1,0,2,0,0.0,closed,False,False
733,1,0,0,0,0.0,closed,True,True
731,1,0,1,0,0.0,closed,False,False
730,70,70,1,0,0.0,closed,False,False
729,1,0,1,0,0.0,closed,False,False
728,16,0,1,0,0.0,closed,False,False
727,1,0,2,0,0.0,closed,False,False
726,1,1,0,0,0.0,closed,True,True
725,1,0,0,2,0.4,closed,True,True
724,2,0,0,0,0.0,closed,False,False
723,1,0,12,0,0.0,closed,True,True
722,1,1,0,0,0.0,closed,True,True
721,1,0,2,0,0.0,closed,False,False
720,1,0,10,0,0.0,closed,False,False
719,2,0,0,3,1.5,closed,True,True
718,2,0,1,0,0.0,closed,False,False
717,2,0,1,0,0.0,closed,False,False
716,1,0,1,0,0.0,closed,False,False
713,1,0,1,0,0.0,closed,True,True
712,1,1,1,0,0.0,closed,False,False
711,1,1,1,0,0.0,closed,False,False
710,2,2,1,0,0.0,closed,False,False
709,1,1,1,0,0.0,closed,False,False
708,1,1,1,0,0.0,closed,False,False
707,1,0,1,0,0.0,closed,False,False
704,1,0,1,0,0.0,closed,False,False
703,1,0,4,0,0.0,closed,False,False
702,1,1,1,0,0.0,closed,True,True
701,11,0,0,0,0.0,closed,False,False
699,1,0,1,0,0.0,closed,False,False
698,1,0,1,0,0.0,closed,False,False
697,1,0,1,0,0.0,closed,False,False
696,1,0,2,0,0.0,closed,True,True
695,1,0,0,0,0.0,closed,False,False
694,1,0,6,0,0.0,closed,True,True
693,2,0,2,0,0.0,closed,False,False
692,1,0,1,0,0.0,closed,False,False
691,1,0,1,0,0.0,closed,False,False
690,1,0,1,0,0.0,closed,False,False
689,1,1,0,0,0.0,closed,True,True
688,1,0,1,0,0.0,closed,False,False
687,2,1,1,0,0.0,closed,False,False
686,2,0,1,0,0.0,closed,False,False
685,1,1,1,0,0.0,closed,True,True
684,1,0,1,0,0.0,closed,False,False
683,1,0,1,0,0.0,closed,False,False
682,1,0,1,0,0.0,closed,False,False
681,3,2,3,0,0.0,closed,False,False
679,1,1,2,0,0.0,closed,False,False
678,1,0,1,0,0.0,closed,True,True
677,1,0,1,0,0.0,closed,False,False
676,1,0,1,0,0.0,closed,False,False
675,1,0,0,0,0.0,closed,False,False
674,1,0,4,0,0.0,closed,False,False
673,1,0,1,0,0.0,closed,False,False
672,1,0,4,0,0.0,closed,True,True
671,1,0,0,0,0.0,closed,False,False
669,6,0,2,4,1.0,closed,True,True
667,1,0,0,0,0.0,closed,False,False
666,1,0,2,0,0.0,closed,False,False
665,1,1,0,3,3.0,closed,True,True
664,7,0,0,0,0.0,closed,False,False
663,1,0,0,0,0.0,closed,False,False
662,1,0,8,0,0.0,closed,False,False
661,3,0,1,0,0.0,closed,False,False
660,1,0,9,0,0.0,closed,False,False
659,1,0,0,0,0.0,closed,True,True
658,1,1,0,0,0.0,closed,False,False
657,5,0,1,0,0.0,closed,False,False
656,1,0,1,0,0.0,closed,False,False
655,1,0,1,0,0.0,closed,False,False
654,1,0,1,0,0.0,closed,False,False
653,1,0,1,0,0.0,closed,False,False
652,1,0,2,0,0.0,closed,False,False
651,1,0,0,0,0.0,closed,False,False
650,1,0,2,0,0.0,closed,False,False
647,1,1,1,0,0.0,closed,True,True
646,1,0,1,0,0.0,closed,False,False
645,2,0,0,0,0.0,closed,False,False
644,1,0,1,0,0.0,closed,False,False
643,1,0,1,0,0.0,closed,True,True
642,1,1,0,0,0.0,closed,False,False
641,1,0,1,0,0.0,closed,False,False
640,1,0,5,0,0.0,closed,False,False
639,1,0,1,0,0.0,closed,False,False
638,1,0,1,0,0.0,closed,False,False
637,1,1,0,0,0.0,closed,True,True
636,1,0,2,0,0.0,closed,False,False
635,2,1,1,0,0.0,closed,False,False
634,1,0,1,0,0.0,closed,False,False
633,2,0,2,0,0.0,closed,False,False
632,1,0,1,0,0.0,closed,False,False
631,1,0,2,0,0.0,closed,False,False
630,1,0,1,0,0.0,closed,False,False
628,4,0,0,0,0.0,closed,False,False
627,2,0,1,0,0.0,closed,False,False
626,2,0,0,0,0.0,closed,False,False
624,1,0,1,0,0.0,closed,False,False
623,8,2,2,0,0.0,closed,False,False
622,3,2,0,0,0.0,closed,True,True
621,1,0,1,0,0.0,closed,False,False
620,3,2,0,0,0.0,closed,False,False
619,1336,0,1,0,0.0,closed,False,False
618,4,2,0,0,0.0,closed,False,False
617,1,0,1,0,0.0,closed,False,False
616,1,0,1,0,0.0,closed,False,False
615,1,0,1,0,0.0,closed,False,False
614,1,0,1,0,0.0,closed,False,False
613,1,0,1,0,0.0,closed,False,False
611,1,1,1,0,0.0,closed,False,False
610,1,0,2,0,0.0,closed,False,False
609,1,0,1,0,0.0,closed,False,False
608,1,0,0,0,0.0,closed,False,False
607,1,0,16,0,0.0,closed,True,True
606,1,0,1,0,0.0,closed,False,False
605,1,0,0,0,0.0,closed,False,False
604,1,0,0,0,0.0,closed,False,False
603,1,0,3,0,0.0,closed,False,False
602,1,0,0,0,0.0,closed,False,False
601,1,0,5,0,0.0,closed,False,False
600,1,0,2,0,0.0,closed,False,False
598,1,0,2,0,0.0,closed,False,False
596,1,0,0,0,0.0,closed,False,False
595,1,1,1,0,0.0,closed,True,True
594,1,0,1,0,0.0,closed,False,False
593,2,2,0,0,0.0,closed,True,True
591,2,0,0,0,0.0,closed,False,False
590,1,0,1,0,0.0,closed,False,False
589,1,0,4,0,0.0,closed,False,False
588,1,0,5,0,0.0,closed,True,True
587,1,0,1,0,0.0,closed,True,True
586,1,0,1,0,0.0,closed,False,False
585,1,0,1,0,0.0,closed,True,True
584,2,0,1,0,0.0,closed,True,True
583,1,0,2,0,0.0,closed,False,False
582,1,1,0,0,0.0,closed,True,True
581,2,0,2,0,0.0,closed,False,False
580,7,0,0,0,0.0,closed,False,False
578,1,0,1,0,0.0,closed,False,False
577,1,0,1,2,1.0,closed,False,False
576,1,0,1,0,0.0,closed,False,False
575,1,0,0,0,0.0,closed,False,False
574,1,0,2,0,0.0,closed,False,False
573,1,0,1,0,0.0,closed,False,False
572,1,0,2,0,0.0,closed,False,False
571,1,1,0,0,0.0,closed,True,True
570,1,0,0,0,0.0,closed,True,True
569,1,0,6,0,0.0,closed,False,False
568,1,0,1,0,0.0,closed,False,False
567,1,0,1,0,0.0,closed,False,False
566,1,0,4,0,0.0,closed,False,False
565,4,4,0,0,0.0,closed,True,True
564,1,0,0,0,0.0,closed,True,True
563,1,0,1,0,0.0,closed,False,False
562,1,0,1,0,0.0,closed,False,False
561,5,4,0,0,0.0,closed,True,True
560,1,0,1,0,0.0,closed,False,False
559,1,0,3,1,0.5,closed,False,False
557,1,0,1,2,1.0,closed,False,False
556,1,0,3,0,0.0,closed,False,False
555,1,1,0,0,0.0,closed,True,True
554,1,1,0,0,0.0,closed,True,True
553,1,0,0,0,0.0,closed,True,True
551,1,0,0,0,0.0,closed,True,True
550,1,0,0,0,0.0,closed,True,True
549,1,0,5,0,0.0,closed,True,True
547,1,0,1,0,0.0,closed,False,False
546,2,0,2,0,0.0,closed,False,False
544,1,0,0,0,0.0,closed,False,False
543,1,0,0,0,0.0,closed,False,False
542,1,0,3,0,0.0,closed,False,False
541,1,0,0,0,0.0,closed,False,False
540,1,1,0,0,0.0,closed,True,True
539,1,0,3,0,0.0,closed,False,False
538,1,0,2,0,0.0,closed,False,False
537,2,0,0,0,0.0,closed,False,False
535,1,0,1,0,0.0,closed,True,True
534,1,0,1,0,0.0,closed,False,False
533,80,73,0,0,0.0,closed,True,True
531,1,0,0,0,0.0,closed,False,False
530,1,0,1,0,0.0,closed,False,False
529,1,0,0,0,0.0,closed,True,True
528,1,0,7,0,0.0,closed,False,False
527,1,0,0,0,0.0,closed,False,False
526,15,1,3,1,1.0,closed,False,False
525,1,0,2,0,0.0,closed,False,False
524,1,1,0,0,0.0,closed,True,True
523,1,0,0,0,0.0,closed,False,False
522,1,0,3,0,0.0,closed,True,True
520,1,0,0,0,0.0,closed,False,False
519,1,0,0,0,0.0,closed,False,False
518,1,0,0,0,0.0,closed,False,False
517,0,0,0,0,0.0,closed,False,False
516,1,0,1,0,0.0,closed,True,True
515,1,0,1,0,0.0,closed,False,False
514,1,0,0,0,0.0,closed,True,True
513,1,1,0,0,0.0,closed,True,True
512,1,1,0,0,0.0,closed,True,True
511,1,0,0,0,0.0,closed,False,False
510,1,0,0,0,0.0,closed,False,False
509,1,1,0,0,0.0,closed,True,True
508,1,0,0,0,0.0,closed,False,False
507,46,46,2,0,0.0,closed,True,True
506,1,0,0,0,0.0,closed,False,False
505,2,0,0,0,0.0,closed,False,False
504,1,0,5,0,0.0,closed,True,True
503,1,0,0,0,0.0,closed,False,False
502,1,0,1,0,0.0,closed,False,False
501,1,1,0,0,0.0,closed,True,True
500,124,122,0,0,0.0,closed,False,False
499,1,0,0,0,0.0,closed,False,False
498,1,0,3,0,0.0,closed,False,False
497,1,1,1,0,0.0,closed,True,True
496,1,1,0,0,0.0,closed,True,True
495,1,0,0,0,0.0,closed,False,False
494,1,0,0,0,0.0,closed,False,False
493,3,0,0,0,0.0,closed,False,False
492,2,0,0,0,0.0,closed,False,False
491,1,0,0,0,0.0,closed,False,False
490,1,0,0,0,0.0,closed,False,False
488,1,0,3,0,0.0,closed,False,False
487,0,0,0,0,0,closed,False,False
486,1,0,4,1,1.0,closed,False,False
485,1,0,0,0,0.0,closed,False,False
484,1,0,0,0,0.0,closed,False,False
483,1,0,0,0,0.0,closed,False,False
482,1,0,1,0,0.0,closed,True,True
481,1,0,4,0,0.0,closed,False,False
480,1,0,0,0,0.0,closed,False,False
479,1,1,0,0,0.0,closed,False,False
478,5,0,1,0,0.0,closed,False,False
477,1,0,0,0,0.0,closed,True,True
476,1,0,2,0,0.0,closed,True,True
475,1,0,0,0,0.0,closed,False,False
474,2,0,3,0,0.0,closed,False,False
472,0,0,0,0,0,closed,False,False
471,7,0,8,1,0.3333333333333333,closed,True,True
470,53,0,2,0,0.0,closed,False,False
469,1,0,1,0,0.0,closed,False,False
468,1,0,2,0,0.0,closed,True,True
467,1,0,0,0,0.0,closed,False,False
465,1,0,6,0,0.0,closed,False,False
464,1,0,2,0,0.0,closed,True,True
463,2,0,0,0,0.0,closed,True,True
462,2,0,0,0,0.0,closed,False,False
461,1,0,1,0,0.0,closed,False,False
460,6,0,1,0,0.0,closed,False,False
459,1,0,0,0,0.0,closed,True,True
455,1,0,0,0,0.0,closed,True,True
454,1,0,0,0,0.0,closed,True,True
453,3,1,0,0,0.0,closed,False,False
452,3,0,1,0,0.0,closed,True,True
451,2,0,0,0,0.0,closed,False,False
450,1,0,0,0,0.0,closed,True,True
449,18,11,1,0,0.0,closed,False,False
448,1,0,2,0,0.0,closed,False,False
447,1,0,1,0,0.0,closed,False,False
445,10,7,1,0,0.0,closed,False,False
444,1,0,0,0,0.0,closed,False,False
443,8,1,2,0,0.0,closed,False,False
442,2,0,0,0,0.0,closed,True,True
441,12,1,4,12,2.0,closed,True,True
440,11,0,0,0,0.0,closed,True,True
439,1,0,0,0,0.0,closed,False,False
438,1,1,1,0,0.0,closed,True,True
437,1,0,0,0,0.0,closed,False,False
434,1,1,1,0,0.0,closed,True,True
433,1,0,0,0,0.0,closed,False,False
432,1,1,0,0,0.0,closed,True,True
431,1,0,0,0,0.0,closed,True,True
430,1,1,0,0,0.0,closed,True,True
429,12,1,0,1,0.14285714285714285,closed,False,False
428,1,0,0,0,0.0,closed,False,False
427,2,0,10,0,0.0,closed,False,False
426,1,0,0,0,0.0,closed,False,False
425,0,2,0,0,0.0,closed,True,True
424,6,0,3,0,0.0,closed,False,False
423,1,0,0,0,0.0,closed,False,False
422,1,0,0,0,0.0,closed,True,True
421,1,0,0,0,0.0,closed,True,True
420,1,0,0,0,0.0,closed,False,False
419,4,0,0,0,0.0,closed,False,False
418,4,0,0,0,0.0,closed,False,False
417,1,0,0,0,0.0,closed,True,True
416,1,0,0,0,0.0,closed,True,True
415,3,0,1,0,0.0,closed,False,False
414,1,0,1,0,0.0,closed,False,False
413,1,0,0,0,0.0,closed,True,True
412,1,0,0,0,0.0,closed,False,False
411,1,0,0,0,0.0,closed,False,False
410,1,1,0,0,0.0,closed,True,True
409,1,0,1,0,0.0,closed,True,True
408,1,1,0,0,0.0,closed,True,True
407,1,1,0,0,0.0,closed,False,False
406,3,1,3,0,0.0,closed,True,True
404,1,0,0,0,0.0,closed,False,False
403,1,0,0,0,0.0,closed,False,False
402,3,2,0,0,0.0,closed,False,False
401,1,0,0,0,0.0,closed,True,True
400,1,1,1,0,0.0,closed,True,True
399,1,0,3,0,0.0,closed,True,True
398,11,0,0,0,0.0,closed,True,True
397,8,0,0,0,0.0,closed,False,False
396,13,13,1,0,0.0,closed,True,True
395,1,0,1,0,0.0,closed,False,False
393,1,0,0,0,0.0,closed,False,False
392,2,0,0,0,0.0,closed,False,False
391,1,0,0,0,0.0,closed,False,False
390,1,0,0,0,0.0,closed,False,False
389,1,0,0,0,0.0,closed,False,False
388,1,0,0,0,0.0,closed,True,True
387,1,1,0,0,0.0,closed,False,False
386,1,0,0,0,0.0,closed,False,False
383,1,0,0,0,0.0,closed,True,True
381,2,0,0,0,0.0,closed,True,True
380,2,1,2,0,0.0,closed,False,False
379,1,0,2,0,0.0,closed,False,False
378,1,0,0,0,0.0,closed,True,True
377,1,0,0,0,0.0,closed,False,False
376,1,0,0,0,0.0,closed,False,False
373,7,0,0,0,0.0,closed,False,False
372,1,0,0,0,0.0,closed,False,False
371,1,0,1,0,0.0,closed,True,True
370,5,3,2,0,0.0,closed,False,False
369,9,2,0,0,0.0,closed,False,False
368,1,0,0,0,0.0,closed,False,False
367,1,0,1,0,0.0,closed,True,True
366,1,0,0,0,0.0,closed,False,False
365,1,0,0,0,0.0,closed,False,False
364,3,0,0,0,0.0,closed,False,False
360,316,315,0,0,0.0,closed,False,False
359,1,0,0,0,0.0,closed,False,False
358,1,0,0,0,0.0,closed,False,False
357,1,0,0,0,0.0,closed,True,True
356,1,0,0,0,0.0,closed,False,False
355,1,0,0,0,0.0,closed,True,True
354,1,1,0,0,0.0,closed,True,True
353,1,0,0,0,0.0,closed,False,False
352,1,0,0,0,0.0,closed,False,False
351,1,0,1,0,0.0,closed,False,False
350,66,8,3,0,0.0,closed,False,False
349,1,0,1,0,0.0,closed,False,False
348,3,0,1,0,0.0,closed,False,False
347,1,0,0,0,0.0,closed,True,True
346,1,0,0,0,0.0,closed,True,True
345,1,0,0,0,0.0,closed,False,False
344,1,0,0,0,0.0,closed,False,False
343,1,0,0,0,0.0,closed,False,False
342,1,1,0,0,0.0,closed,True,True
341,1,0,0,0,0.0,closed,False,False
340,1,0,0,0,0.0,closed,False,False
339,6,0,3,0,0.0,closed,False,False
338,0,1,0,0,0.0,closed,True,True
336,1,0,0,0,0.0,closed,False,False
335,1,0,3,0,0.0,closed,True,True
334,0,1,0,0,0.0,closed,True,True
333,2,1,0,0,0.0,closed,True,True
332,2,0,0,0,0.0,closed,False,False
331,1,0,0,0,0.0,closed,False,False
330,4,0,0,0,0.0,closed,False,False
329,1,0,0,0,0.0,closed,False,False
327,3,2,0,0,0.0,closed,False,False
326,3,0,0,0,0.0,closed,False,False
325,1,0,0,0,0.0,closed,False,False
324,1,0,0,0,0.0,closed,False,False
323,3,3,2,0,0.0,closed,True,True
322,1,0,0,0,0.0,closed,False,False
321,1,0,0,0,0.0,closed,False,False
320,1,0,0,0,0.0,closed,False,False
319,2,0,0,0,0.0,closed,False,False
318,2,0,0,0,0.0,closed,True,True
317,1,0,0,0,0.0,closed,True,True
315,1,0,0,0,0.0,closed,True,True
314,1,0,0,0,0.0,closed,False,False
313,1,0,1,0,0.0,closed,False,False
312,1,0,2,0,0.0,closed,True,True
311,1,0,0,0,0.0,closed,True,True
310,1,0,0,0,0.0,closed,False,False
309,3,2,0,0,0.0,closed,False,False
308,4,1,0,0,0.0,closed,False,False
307,3,2,0,0,0.0,closed,False,False
306,1,0,0,0,0.0,closed,False,False
305,1,0,0,0,0.0,closed,False,False
304,2,0,0,0,0.0,closed,False,False
303,1,0,0,0,0.0,closed,False,False
302,1,0,0,0,0.0,closed,False,False
301,1,0,0,0,0.0,closed,False,False
300,1,0,0,0,0.0,closed,False,False
298,1,0,0,0,0.0,closed,False,False
297,1,0,1,0,0.0,closed,False,False
296,1,0,0,0,0.0,closed,False,False
295,1,0,0,0,0.0,closed,False,False
294,3,1,1,0,0.0,closed,True,True
293,1,0,1,0,0.0,closed,False,False
291,1,0,0,0,0.0,closed,False,False
290,1,0,1,0,0.0,closed,True,True
289,1,1,2,0,0.0,closed,True,True
288,1,0,0,0,0.0,closed,True,True
287,1,1,0,0,0.0,closed,True,True
286,1,0,0,0,0.0,closed,True,True
285,1,0,0,0,0.0,closed,True,True
284,1,0,0,0,0.0,closed,True,True
280,7,2,2,0,0.0,closed,False,False
279,1,0,8,0,0.0,closed,False,False
278,8,3,0,0,0.0,closed,False,False
277,1,0,2,0,0.0,closed,False,False
276,1,0,1,0,0.0,closed,False,False
275,1,0,2,0,0.0,closed,False,False
274,0,1,2,0,0.0,closed,True,True
273,1,0,0,0,0.0,closed,True,True
272,1,0,2,0,0.0,closed,False,False
271,1,0,0,0,0.0,closed,True,True
270,1,0,0,0,0.0,closed,False,False
269,7,0,1,0,0.0,closed,True,True
268,2,1,0,0,0.0,closed,True,True
267,2,0,0,0,0.0,closed,True,True
266,2,0,0,0,0.0,closed,True,True
265,2,2,0,0,0.0,closed,True,True
264,1,0,1,0,0.0,closed,True,True
263,1,1,0,0,0.0,closed,True,True
261,9,0,0,0,0.0,closed,True,True
260,1,0,0,0,0.0,closed,False,False
259,1,0,1,0,0.0,closed,False,False
258,1,0,0,0,0.0,closed,True,True
256,1,1,0,0,0.0,closed,True,True
255,1,0,0,0,0.0,closed,True,True
254,1,0,2,0,0.0,closed,False,False
253,1,0,1,0,0.0,closed,False,False
252,1,0,4,0,0.0,closed,False,False
251,1,0,0,0,0.0,closed,False,False
250,1,0,0,0,0.0,closed,False,False
249,1,0,0,0,0.0,closed,True,True
248,202,201,1,0,0.0,closed,False,False
247,1,0,0,0,0.0,closed,False,False
246,1,0,0,0,0.0,closed,False,False
245,2,0,0,0,0.0,closed,False,False
244,1,0,0,0,0.0,closed,False,False
243,2,0,0,0,0.0,closed,False,False
242,1,0,0,0,0.0,closed,True,True
241,1,0,0,0,0.0,closed,True,True
240,1,0,0,0,0.0,closed,False,False
239,1,0,0,0,0.0,closed,False,False
238,1,0,0,0,0.0,closed,True,True
237,3,0,1,2,1.0,closed,True,True
236,1,0,0,0,0.0,closed,True,True
235,1,0,0,0,0.0,closed,True,True
234,1,0,1,0,0.0,closed,True,True
232,3,0,1,0,0.0,closed,True,True
231,5,0,1,0,0.0,closed,True,True
230,1,0,0,0,0.0,closed,True,True
229,1,0,2,0,0.0,closed,True,True
228,2,0,0,0,0.0,closed,False,False
227,1,0,0,0,0.0,closed,True,True
226,2,0,0,0,0.0,closed,False,False
225,1,0,0,0,0.0,closed,True,True
224,4,0,0,0,0.0,closed,False,False
223,1,0,1,0,0.0,closed,False,False
222,6,0,0,0,0.0,closed,False,False
221,1,0,1,0,0.0,closed,True,True
220,1,0,1,0,0.0,closed,False,False
219,1,0,0,0,0.0,closed,True,True
218,1,0,0,0,0.0,closed,False,False
217,1,0,0,0,0.0,closed,False,False
216,1,1,0,0,0.0,closed,True,True
215,1,0,0,0,0.0,closed,True,True
214,1,0,0,0,0.0,closed,True,True
213,2,0,0,0,0.0,closed,True,True
212,1,1,1,0,0.0,closed,True,True
211,3,0,2,0,0.0,closed,True,True
210,1,0,0,0,0.0,closed,True,True
209,9,0,2,0,0.0,closed,True,True
208,1,0,1,0,0.0,closed,False,False
207,1,0,3,0,0.0,closed,True,True
206,2,0,0,0,0.0,closed,True,True
205,2,0,0,0,0.0,closed,False,False
204,0,1,2,0,0.0,closed,False,False
203,11,0,0,0,0.0,closed,True,True
202,2,0,0,0,0.0,closed,False,False
201,1,0,0,0,0.0,closed,False,False
200,1,0,0,0,0.0,closed,True,True
199,1,0,0,0,0.0,closed,True,True
197,2,0,0,0,0.0,closed,True,True
196,1,0,0,0,0.0,closed,True,True
195,276,275,1,0,0.0,closed,False,False
194,2,0,1,0,0.0,closed,True,True
193,1,0,0,0,0.0,closed,True,True
192,1,0,0,0,0.0,closed,True,True
191,1,0,0,0,0.0,closed,True,True
190,2,0,0,0,0.0,closed,True,True
189,1,0,0,0,0.0,closed,True,True
188,1,0,0,0,0.0,closed,True,True
187,2,1,0,0,0.0,closed,False,False
186,1,0,0,0,0.0,closed,True,True
185,1,0,0,0,0.0,closed,True,True
184,1,0,0,0,0.0,closed,True,True
183,2,1,1,0,0.0,closed,False,False
182,1,0,0,0,0.0,closed,True,True
181,1,0,0,0,0.0,closed,True,True
180,2,2,0,0,0.0,closed,True,True
179,1,0,0,0,0.0,closed,True,True
178,5,1,0,0,0.0,closed,True,True
177,1,0,0,0,0.0,closed,True,True
176,1,0,0,0,0.0,closed,True,True
175,7,0,0,0,0.0,closed,True,True
174,1,0,3,0,0.0,closed,False,False
173,1,0,0,0,0.0,closed,True,True
172,103,544,0,0,0.0,closed,False,False
171,2,0,0,0,0.0,closed,True,True
170,1,0,0,0,0.0,closed,True,True
168,1,0,1,0,0.0,closed,False,False
167,1,0,0,0,0.0,closed,True,True
166,1,0,0,0,0.0,closed,True,True
165,1,0,1,0,0.0,closed,True,True
163,2,0,0,0,0.0,closed,True,True
162,1,0,0,0,0.0,closed,True,True
161,1,1,0,0,0.0,closed,True,True
160,1,0,0,0,0.0,closed,True,True
158,1,0,0,0,0.0,closed,True,True
157,1,0,0,0,0.0,closed,True,True
156,6,0,0,0,0.0,closed,True,True
155,1,0,0,0,0.0,closed,True,True
154,8,0,0,0,0.0,closed,True,True
152,1,0,0,0,0.0,closed,True,True
151,1,0,0,0,0.0,closed,True,True
150,1,0,0,0,0.0,closed,True,True
149,1,0,0,0,0.0,closed,True,True
148,1,0,0,0,0.0,closed,True,True
147,1,0,0,0,0.0,closed,True,True
146,12,0,0,0,0.0,closed,True,True
145,1,0,0,0,0.0,closed,True,True
144,6,0,1,0,0.0,closed,True,True
143,1,0,0,0,0.0,closed,True,True
142,1,0,1,0,0.0,closed,False,False
141,1,0,0,0,0.0,closed,False,False
140,1,0,0,0,0.0,closed,True,True
139,8,0,0,0,0.0,closed,True,True
138,2,0,0,0,0.0,closed,True,True
135,8,0,0,0,0.0,closed,False,False
134,1,0,0,0,0.0,closed,True,True
133,1,0,0,0,0.0,closed,True,True
132,4,0,0,0,0.0,closed,False,False
131,2,0,0,0,0.0,closed,True,True
130,3,3,0,0,0.0,closed,True,True
129,3,2,0,0,0.0,closed,True,True
128,4,0,0,0,0.0,closed,True,True
127,1,0,0,0,0.0,closed,True,True
126,2,0,0,0,0.0,closed,True,True
125,2,0,1,0,0.0,closed,True,True
124,1,0,0,0,0.0,closed,True,True
123,1,0,0,0,0.0,closed,True,True
122,1,0,0,0,0.0,closed,True,True
120,4,0,0,0,0.0,closed,True,True
119,1,0,0,0,0.0,closed,True,True
118,1,1,0,0,0.0,closed,True,True
117,1,0,1,0,0.0,closed,True,True
116,1,0,0,0,0.0,closed,True,True
115,1,0,0,0,0.0,closed,True,True
114,1,0,0,0,0.0,closed,True,True
113,1,0,0,0,0.0,closed,True,True
112,0,0,0,0,0,closed,False,False
111,2,0,3,0,0.0,closed,True,True
110,1,0,0,0,0.0,closed,True,True
109,1,0,0,0,0.0,closed,True,True
108,1,0,0,0,0.0,closed,True,True
107,1,0,0,0,0.0,closed,True,True
106,1,0,0,0,0.0,closed,True,True
105,1,0,0,0,0.0,closed,True,True
104,10,1,0,0,0.0,closed,False,False
101,1,0,0,0,0.0,closed,True,True
100,1,0,0,0,0.0,closed,True,True
98,2,0,0,0,0.0,closed,True,True
97,1,0,0,0,0.0,closed,True,True
96,1,0,1,0,0.0,closed,True,True
95,1,0,0,0,0.0,closed,True,True
94,1,0,0,0,0.0,closed,True,True
93,1,0,0,0,0.0,closed,True,True
92,1,0,0,0,0.0,closed,True,True
91,1,0,1,0,0.0,closed,True,True
90,2,0,0,0,0.0,closed,True,True
89,1,0,0,0,0.0,closed,True,True
88,1,0,0,0,0.0,closed,True,True
87,1,0,0,0,0.0,closed,True,True
86,1,0,0,0,0.0,closed,True,True
85,1,0,0,0,0.0,closed,True,True
84,1,0,0,0,0.0,closed,True,True
83,1,0,0,0,0.0,closed,True,True
82,1,0,0,0,0.0,closed,True,True
81,2,0,0,0,0.0,closed,True,True
80,8,1,1,0,0.0,closed,False,False
79,1,0,0,0,0.0,closed,True,True
78,1,0,0,0,0.0,closed,True,True
77,10,0,0,0,0.0,closed,True,True
76,1,0,0,0,0.0,closed,True,True
75,1,0,0,0,0.0,closed,True,True
74,1,1,0,0,0.0,closed,True,True
73,1,0,0,0,0.0,closed,True,True
72,1,1,0,0,0.0,closed,True,True
71,1,0,0,0,0.0,closed,True,True
69,8,0,0,0,0.0,closed,True,True
68,2,0,0,0,0.0,closed,True,True
67,2,2,0,0,0.0,closed,False,False
66,1,0,0,0,0.0,closed,True,True
65,1,0,1,0,0.0,closed,False,False
64,1,0,0,0,0.0,closed,True,True
63,1,0,0,0,0.0,closed,True,True
62,2,0,0,0,0.0,closed,True,True
61,1,0,0,0,0.0,closed,True,True
60,4,0,1,0,0.0,closed,True,True
59,1,0,0,0,0.0,closed,True,True
58,1,0,0,0,0.0,closed,True,True
56,1,0,0,0,0.0,closed,True,True
55,1,1,1,0,0.0,closed,True,True
54,47,0,2,0,0.0,closed,True,True
53,1,0,0,0,0.0,closed,True,True
52,38,3,1,0,0.0,closed,True,True
51,1,0,0,0,0.0,closed,True,True
50,2,1,0,0,0.0,closed,True,True
49,1,0,0,0,0.0,closed,True,True
47,2,0,0,0,0.0,closed,True,True
46,1,1,0,0,0.0,closed,True,True
45,9,0,0,0,0.0,closed,True,True
44,4,0,0,0,0.0,closed,True,True
42,1,0,0,0,0.0,closed,True,True
41,1,0,2,0,0.0,closed,True,True
40,1,0,0,0,0.0,closed,True,True
39,3,0,0,0,0.0,closed,True,True
38,1,1,0,0,0.0,closed,True,True
37,2,0,0,0,0.0,closed,True,True
36,1,0,0,0,0.0,closed,True,True
35,3,0,0,0,0.0,closed,True,True
34,1,0,1,0,0.0,closed,True,True
33,1,0,1,0,0.0,closed,True,True
32,1,1,1,0,0.0,closed,True,True
31,1,0,0,0,0.0,closed,True,True
30,2,0,0,0,0.0,closed,True,True
29,10,2,1,0,0.0,closed,True,True
28,2,0,2,0,0.0,closed,True,True
27,1,0,0,0,0.0,closed,True,True
26,3,0,0,0,0.0,closed,True,True
25,1,1,0,0,0.0,closed,True,True
23,3,0,4,0,0.0,closed,True,True
22,13,0,0,0,0.0,closed,True,True
21,2,0,0,0,0.0,closed,True,True
20,10,0,0,0,0.0,closed,False,False
19,5,1,0,0,0.0,closed,True,True
18,1,0,0,0,0.0,closed,False,False
17,4,0,0,0,0.0,closed,True,True
16,1,0,0,0,0.0,closed,True,True
15,2,0,0,0,0.0,closed,True,True
13,1,0,0,0,0.0,closed,True,True
12,16,11,0,0,0.0,closed,True,True
11,7,0,1,0,0.0,closed,True,True
10,3,4,0,0,0.0,closed,False,False
9,11,0,3,0,0.0,closed,True,True
8,12,0,0,0,0.0,closed,True,True
7,5,3,0,0,0.0,closed,True,True
6,5,2,0,0,0.0,closed,True,True
5,2,1,0,0,0.0,closed,True,True
4,2,1,0,0,0.0,closed,True,True
3,3,1,1,0,0.0,closed,False,False
2,3,1,0,0,0.0,closed,True,True
1,2,1,1,1,1.0,closed,True,True
