149248,13,1,2,0,0.0,open,False,False
149247,38,97,2,0,0.0,open,False,False
149246,34,6,5,0,0.0,open,False,False
149245,9,0,1,1,1.0,open,False,False
149243,6,4,5,0,0.0,open,False,False
149242,1,0,1,0,0.0,open,False,False
149241,187,0,1,0,0.0,open,False,False
149240,27,70,2,0,0.0,open,False,False
149239,22,3,3,0,0.0,open,False,False
149238,1004,0,2,0,0.0,open,False,False
149237,0,15,1,0,0.0,open,False,False
149236,10,8,1,0,0.0,open,False,False
149235,108,53,3,0,0.0,open,False,False
149234,3,3,3,0,0.0,closed,False,False
149233,8,20,5,0,0.0,closed,False,False
149232,6,0,4,0,0.0,open,False,False
149231,1,12,4,0,0.0,open,False,False
149230,73,0,1,0,0.0,open,False,False
149229,42,5,1,0,0.0,open,False,False
149228,97,1,1,0,0.0,open,False,False
149226,1,3,4,0,0.0,open,False,False
149221,7,0,3,0,0.0,closed,False,False
149220,3,0,4,0,0.0,open,False,False
149219,15,6,2,0,0.0,closed,False,False
149218,5,1,1,0,0.0,open,False,False
149217,1,1,3,0,0.0,closed,False,False
149216,9,0,3,0,0.0,closed,False,False
149215,40,10,1,0,0.0,open,False,False
149214,56,19,1,0,0.0,open,False,False
149213,1,1,2,0,0.0,open,False,False
149212,1,1,5,0,0.0,closed,False,False
149211,7,1,1,0,0.0,open,False,False
149210,97,67,1,0,0.0,open,False,False
149208,40,2,3,0,0.0,closed,False,False
149207,2,1,3,0,0.0,open,False,False
149206,205,93,9,5,5.0,open,False,False
149204,1,1,4,0,0.0,closed,False,False
149203,57,3,4,0,0.0,closed,False,False
149202,771,1,1,0,0.0,open,False,False
149198,11,1,2,0,0.0,open,False,False
149197,81,67,1,0,0.0,open,False,False
149195,30,7,2,0,0.0,open,False,False
149193,14,0,1,2,2.0,open,False,False
149192,3,0,2,0,0.0,open,False,False
149191,75,0,2,0,0.0,open,False,False
149190,1,1,1,0,0.0,open,False,False
149189,134,0,1,0,0.0,open,False,False
149188,4,0,3,0,0.0,open,False,False
149185,53,1,2,0,0.0,open,False,False
149183,7,4,1,0,0.0,open,False,False
149182,14,3,4,0,0.0,closed,False,False
149181,4,0,6,0,0.0,closed,False,False
149180,7,0,6,1,1.0,closed,False,False
149179,28,0,3,4,2.0,closed,False,False
149178,383,19,4,0,0.0,open,False,False
149176,10,8,2,0,0.0,open,False,False
149175,1,0,12,0,0.0,closed,False,False
149174,55,2,9,2,0.6666666666666666,closed,False,False
149173,381,364,1,0,0.0,open,False,False
149172,7,3,1,0,0.0,open,False,False
149171,1,0,5,0,0.0,closed,False,False
149170,6,2,2,0,0.0,closed,False,False
149168,31,25,4,3,1.5,open,False,False
149167,66,3,6,0,0.0,open,False,False
149166,70,42,3,0,0.0,closed,False,False
149164,7,0,10,3,3.0,closed,False,False
149163,3,0,4,0,0.0,open,False,False
149162,0,4,3,0,0.0,closed,False,False
149161,277,11,1,2,0.5,open,False,False
149160,7,50,1,0,0.0,closed,True,True
149159,4,12,5,0,0.0,closed,False,False
149154,15,15,1,0,0.0,open,False,False
149152,11,9,8,1,1.0,closed,False,False
149150,109,4,4,1,1.0,open,False,False
149149,2,1,1,0,0.0,open,False,False
149148,24,3,1,0,0.0,open,False,False
149147,48,1,4,0,0.0,closed,False,False
149146,9,7,6,0,0.0,closed,False,False
149145,77,5,6,0,0.0,closed,False,False
149144,23,21,1,6,3.0,open,False,False
149143,6,6,1,0,0.0,open,False,False
149142,17,6,6,7,1.1666666666666667,closed,False,False
149140,2492,0,3,0,0.0,open,False,False
149139,2492,0,2,0,0.0,closed,False,False
149137,30,0,4,0,0.0,closed,False,False
149136,4,22,5,1,0.25,open,False,False
149135,20,18,2,0,0.0,closed,False,False
149134,40,19,2,0,0.0,open,False,False
149129,14,7,1,0,0.0,open,False,False
149127,64,0,8,0,0.0,open,False,False
149126,1,1,3,0,0.0,open,False,False
149125,20,4,1,0,0.0,closed,True,True
149123,542,8,5,1,0.5,closed,False,False
149122,54,40,2,0,0.0,open,False,False
149115,3,0,1,0,0.0,closed,True,True
149114,7,1,1,0,0.0,open,False,False
149113,6,4,1,0,0.0,open,False,False
149109,1,1,4,0,0.0,open,False,False
149108,40,3,2,6,0.6,open,False,False
149107,4,1,1,0,0.0,open,False,False
149106,41,47,6,20,4.0,closed,False,False
149104,7,19,3,0,0.0,closed,False,False
149103,87,0,1,6,0.6666666666666666,open,False,False
149102,8,8,3,0,0.0,closed,False,False
149099,25,21,4,0,0.0,open,False,False
149098,90,3,9,0,0.0,closed,False,False
149095,0,5,1,0,0.0,open,False,False
149093,4,1,6,0,0.0,open,False,False
149092,20,4,6,0,0.0,closed,False,False
149091,6,4,2,2,2.0,closed,False,False
149089,1,1,4,0,0.0,closed,False,False
149088,211,1,1,1,0.07142857142857142,open,False,False
149087,169,11,2,0,0.0,open,False,False
149086,8,12,4,0,0.0,open,False,False
149085,9,3,3,0,0.0,closed,False,False
149084,58,34,2,0,0.0,open,False,False
149082,56,19,11,2,0.6666666666666666,closed,False,False
149078,14,10,3,0,0.0,open,False,False
149077,8,8,2,0,0.0,open,False,False
149076,239,75,6,0,0.0,closed,False,False
149074,16,2,4,3,0.375,closed,False,False
149073,161,149,7,0,0.0,closed,False,False
149072,113,17,2,13,1.3,open,False,False
149071,110,14,2,5,2.5,open,False,False
149070,3,3,6,0,0.0,closed,False,False
149069,1,1,1,0,0.0,open,False,False
149068,152,0,1,0,0.0,open,False,False
149067,8,5,2,0,0.0,open,False,False
149066,13,7,2,0,0.0,open,False,False
149064,63,119,5,0,0.0,closed,False,False
149063,41,86,7,0,0.0,closed,False,False
149059,7,9,1,0,0.0,closed,True,True
149058,4,2,4,0,0.0,closed,False,False
149057,4,5,3,1,1.0,open,False,False
149056,549,657,1,2,0.5,closed,True,True
149055,393,198,1,0,0.0,open,False,False
149054,123,30,3,0,0.0,open,False,False
149053,14,0,4,0,0.0,open,False,False
149052,327,90,1,14,2.8,open,False,False
149051,5,1,2,0,0.0,closed,False,False
149046,0,1,1,0,0.0,open,False,False
149043,0,1,8,0,0.0,closed,False,False
149041,2,2,4,0,0.0,open,False,False
149039,59,14,1,0,0.0,open,False,False
149038,1,1,6,0,0.0,closed,False,False
149035,11,4,4,0,0.0,open,False,False
149033,7,4,19,4,4.0,closed,False,False
149031,88,3,3,1,0.3333333333333333,open,False,False
149030,5,0,6,0,0.0,closed,False,False
149028,2,0,2,0,0.0,open,False,False
149027,220,19,5,0,0.0,open,False,False
149026,6,0,4,0,0.0,open,False,False
149025,7,9,7,0,0.0,closed,False,False
149023,22,16,6,2,2.0,closed,False,False
149021,33,22,4,0,0.0,closed,False,False
149020,6,6,2,0,0.0,closed,False,False
149019,19,3,1,0,0.0,closed,False,False
149018,9,3,10,0,0.0,closed,False,False
149017,0,4,3,4,4.0,closed,False,False
149015,14,4,6,0,0.0,closed,False,False
149014,43,19,3,0,0.0,closed,False,False
149012,2,1,1,0,0.0,open,False,False
149011,19,0,3,0,0.0,open,False,False
149009,1,1,6,0,0.0,closed,False,False
149007,3,0,6,0,0.0,closed,False,False
149004,23,1,2,0,0.0,closed,False,False
149003,34,337,1,0,0.0,open,False,False
149001,18,14,3,0,0.0,closed,False,False
148999,1,0,2,0,0.0,closed,False,False
148998,100,0,2,0,0.0,closed,False,False
148997,72,8,2,5,0.8333333333333334,closed,False,False
148996,2,2,7,0,0.0,closed,False,False
148995,44,44,1,0,0.0,closed,False,False
148994,74,83,1,2,2.0,open,False,False
148993,21,1,5,0,0.0,closed,False,False
148992,23,3,3,5,1.25,closed,False,False
148991,7,1,1,0,0.0,open,False,False
148990,2,2,4,0,0.0,closed,False,False
148989,2,2,3,0,0.0,closed,False,False
148987,2,2,3,0,0.0,closed,False,False
148986,60,38,7,0,0.0,closed,False,False
148985,3,0,4,0,0.0,closed,False,False
148982,125,0,1,0,0.0,open,False,False
148981,117,7,2,0,0.0,open,False,False
148979,1,1,3,0,0.0,closed,False,False
148978,3,0,6,0,0.0,closed,False,False
148975,105,24,3,0,0.0,closed,False,False
148974,1,1,3,0,0.0,closed,False,False
148972,13,11,6,2,0.6666666666666666,closed,False,False
148971,1,1,3,0,0.0,closed,False,False
148969,20,19,3,0,0.0,closed,False,False
148967,4,4,5,3,3.0,closed,False,False
148964,416,416,2,0,0.0,closed,False,False
148963,17,17,9,6,6.0,closed,False,False
148962,12,1,2,0,0.0,open,False,False
148959,1266,268,1,0,0.0,open,False,False
148958,39,3,2,2,2.0,open,False,False
148956,7,3,1,0,0.0,open,False,False
148955,60,0,4,2,0.4,closed,False,False
148953,224,12,1,0,0.0,open,False,False
148948,288,217,10,4,1.3333333333333333,closed,False,False
148947,469,400,2,0,0.0,open,False,False
148945,11,3,3,1,0.5,open,False,False
148942,0,8,3,0,0.0,closed,False,False
148941,1,11,3,0,0.0,closed,False,False
148940,2,35,3,0,0.0,closed,False,False
148936,79,13,23,0,0.0,open,False,False
148933,19,4,3,0,0.0,closed,False,False
148932,77,10,2,1,1.0,open,False,False
148931,0,1,1,0,0.0,open,False,False
148930,53,10,2,2,2.0,open,False,False
148929,19,4,3,2,2.0,closed,False,False
148928,1,1,5,0,0.0,closed,False,False
148926,18,9,2,4,4.0,closed,False,False
148925,1,1,6,0,0.0,open,False,False
148924,4,1,7,0,0.0,closed,False,False
148923,16,23,8,0,0.0,closed,False,False
148922,193,28,2,7,1.4,open,False,False
148921,14,1,6,0,0.0,closed,False,False
148919,65,11,3,0,0.0,open,False,False
148918,13,1,6,0,0.0,closed,False,False
148917,48,39,3,0,0.0,closed,False,False
148916,5,0,1,0,0.0,open,False,False
148915,1,1,8,3,1.5,closed,False,False
148913,0,0,4,0,0.0,open,False,False
148912,49,8,4,2,0.2,closed,False,False
148911,15,13,5,0,0.0,open,False,False
148910,5,1,1,0,0.0,closed,False,False
148909,4,0,3,0,0.0,closed,False,False
148907,0,27,19,0,0.0,closed,False,False
148906,7,1,9,0,0.0,open,False,False
148905,952,16,2,18,0.5625,open,False,False
148904,5,2,1,0,0.0,open,False,False
148903,3,6,4,0,0.0,open,False,False
148900,2,5,6,0,0.0,open,False,False
148899,5,4,2,0,0.0,open,False,False
148898,12,11,3,0,0.0,open,False,False
148897,112,101,7,2,2.0,closed,False,False
148896,234,105,1,0,0.0,open,False,False
148895,486,3244,6,0,0.0,closed,False,False
148894,56,101,3,8,2.6666666666666665,open,False,False
148893,10,10,2,0,0.0,open,False,False
148892,23,1,5,0,0.0,closed,False,False
148890,438,169,4,0,0.0,open,False,False
148888,20,17,3,3,0.75,closed,False,False
148887,3538,2389,2,0,0.0,closed,False,False
148882,20,0,4,0,0.0,closed,False,False
148881,1,1,3,0,0.0,closed,False,False
148880,21,25,1,1,0.2,open,False,False
148879,2,1,6,0,0.0,closed,False,False
148878,46,37,1,1,1.0,open,False,False
148876,30,27,3,2,0.5,open,False,False
148875,368,287,9,0,0.0,open,False,False
148873,312,297,3,0,0.0,closed,False,False
148872,25,22,2,0,0.0,open,False,False
148871,12,5,2,0,0.0,open,False,False
148869,13,2,9,0,0.0,open,False,False
148868,29,21,6,2,1.0,closed,False,False
148865,55,11,7,0,0.0,closed,False,False
148864,88,5,8,0,0.0,open,False,False
148863,5,0,2,1,1.0,open,False,False
148857,50,5,4,4,4.0,closed,False,False
148855,3,3,8,0,0.0,closed,False,False
148854,5,2,8,0,0.0,closed,False,False
148849,2,1,3,0,0.0,closed,False,False
148848,104,39,1,0,0.0,closed,False,False
148847,6,2,4,0,0.0,open,False,False
148846,44,0,6,0,0.0,open,False,False
148844,118,10,1,0,0.0,open,False,False
148839,11,11,6,0,0.0,closed,False,False
148836,21,1,3,0,0.0,closed,False,False
148834,0,23,16,0,0.0,open,False,False
148833,13,3,8,0,0.0,closed,False,False
148832,163,0,7,9,0.6923076923076923,closed,False,False
148830,271,43,2,0,0.0,closed,False,False
148825,39,4,3,1,0.3333333333333333,closed,False,False
148824,26,58,12,0,0.0,closed,False,False
148823,50,7,13,4,1.0,closed,False,False
148822,18,5,3,3,1.0,closed,False,False
148821,2,2,6,0,0.0,closed,False,False
148820,26,6,9,10,1.1111111111111112,open,False,False
148818,1,1,4,0,0.0,closed,False,False
148817,0,18,7,0,0.0,open,False,False
148816,12,8,2,3,3.0,closed,False,False
148815,3,2,2,1,1.0,open,False,False
148813,0,3,6,0,0.0,closed,False,False
148812,1,1,2,0,0.0,closed,True,True
148810,7,4,2,0,0.0,closed,False,False
148809,9,2,2,0,0.0,open,False,False
148806,6,1,3,0,0.0,closed,False,False
148805,13,3,3,0,0.0,closed,False,False
148804,90,25,4,0,0.0,open,False,False
148803,31,0,10,0,0.0,closed,False,False
148802,4,2,3,0,0.0,closed,False,False
148801,131,121,6,0,0.0,closed,False,False
148800,17,8,14,2,2.0,open,False,False
148799,42,26,4,1,0.3333333333333333,closed,False,False
148798,111,59,9,4,4.0,closed,False,False
148797,5,1,10,0,0.0,closed,False,False
148796,2,2,9,0,0.0,closed,False,False
148795,2,1,2,0,0.0,open,False,False
148794,3,4,3,0,0.0,open,False,False
148793,113,1,4,4,0.5714285714285714,closed,False,False
148792,476,138,2,7,0.5384615384615384,open,False,False
148791,70,5,6,0,0.0,open,False,False
148790,119,90,35,6,6.0,closed,False,False
148789,101,106,2,0,0.0,open,False,False
148788,1,0,3,0,0.0,closed,False,False
148786,0,47,3,0,0.0,closed,False,False
148785,1,1,5,0,0.0,closed,False,False
148784,9,1,6,0,0.0,closed,False,False
148783,1,1,1,0,0.0,closed,False,False
148782,0,1,3,0,0.0,closed,False,False
148781,3,1,5,0,0.0,closed,False,False
148780,11,11,20,0,0.0,open,False,False
148778,4,5,6,0,0.0,closed,False,False
148774,1,1,8,0,0.0,closed,False,False
148773,134,51,1,1,0.07692307692307693,open,False,False
148772,4,4,5,0,0.0,open,False,False
148769,47,5,8,1,0.25,closed,False,False
148768,14,3,3,5,0.8333333333333334,closed,False,False
148767,10,5,2,2,1.0,open,False,False
148766,679,25,1,0,0.0,open,False,False
148765,67,1,1,0,0.0,open,False,False
148763,3,0,3,0,0.0,closed,False,False
148761,1,1,3,0,0.0,closed,False,False
148760,0,5,2,0,0.0,open,False,False
148759,35,16,1,0,0.0,closed,False,False
148758,37,28,9,0,0.0,closed,False,False
148757,3,3,4,0,0.0,closed,False,False
148755,14,5,17,0,0.0,closed,False,False
148753,498,1,2,0,0.0,open,False,False
148750,9,8,3,0,0.0,closed,False,False
148749,3,4,9,0,0.0,closed,False,False
148746,1,1,6,0,0.0,closed,False,False
148745,1,1,3,1,1.0,open,False,False
148744,11,3,2,1,0.3333333333333333,closed,False,False
148742,67,50,2,3,0.375,open,False,False
148741,0,213,4,0,0.0,open,False,False
148740,74,74,3,3,0.75,closed,False,False
148739,2,193,5,0,0.0,closed,False,False
148738,0,0,9,0,0,closed,False,False
148737,1,1,5,0,0.0,closed,False,False
148736,255,24,1,0,0.0,open,False,False
148735,0,1,7,0,0.0,closed,False,False
148734,3,0,10,0,0.0,closed,False,False
148733,6,1,12,1,0.2,closed,False,False
148732,0,4,3,2,2.0,closed,False,False
148731,22,20,1,0,0.0,open,False,False
148730,9,1,6,0,0.0,closed,False,False
148729,9,1,1,0,0.0,open,False,False
148727,5,0,13,3,3.0,closed,False,False
148726,0,1,10,0,0.0,closed,False,False
148724,5,0,8,0,0.0,closed,False,False
148723,0,1,6,0,0.0,closed,False,False
148722,64,4,4,0,0.0,closed,False,False
148721,2,1,1,0,0.0,open,False,False
148720,135,22,19,0,0.0,closed,False,False
148719,9,10,3,0,0.0,closed,False,False
148717,4,4,3,0,0.0,closed,False,False
148716,14,6,8,0,0.0,closed,False,False
148715,2,1,3,0,0.0,closed,False,False
148714,8,45,8,2,2.0,closed,False,False
148712,32,3,2,0,0.0,open,False,False
148710,177,178,1,1,1.0,open,False,False
148709,33,2,4,1,1.0,closed,False,False
148708,807,1,7,0,0.0,open,False,False
148707,14,5,1,0,0.0,open,False,False
148706,80,23,9,2,0.6666666666666666,closed,False,False
148705,20,11,12,10,0.4166666666666667,closed,False,False
148704,16,53,6,0,0.0,open,False,False
148703,73,18,7,0,0.0,closed,False,False
148700,28,1,3,2,2.0,closed,False,False
148698,2,1,1,0,0.0,closed,False,False
148697,2,2,2,0,0.0,closed,False,False
148696,93,16,6,17,2.125,closed,False,False
148694,19,65,2,0,0.0,open,False,False
148693,32,8,8,4,1.0,closed,False,False
148692,1,1,2,0,0.0,open,False,False
148691,58,65,5,0,0.0,closed,False,False
148688,15,0,2,0,0.0,open,False,False
148686,42,17,2,0,0.0,closed,False,False
148685,8,43,3,0,0.0,closed,False,False
148684,1,1,2,0,0.0,open,False,False
148683,5,57,4,0,0.0,closed,False,False
148679,51,12,2,2,2.0,open,False,False
148678,42,12,6,0,0.0,closed,False,False
148677,2,2,9,0,0.0,closed,False,False
148676,86,10,9,3,0.3,closed,False,False
148675,1,1,4,0,0.0,open,False,False
148674,3,0,4,0,0.0,open,False,False
148673,18,2,7,0,0.0,open,False,False
148672,8,6,5,0,0.0,open,False,False
148671,4,1,7,0,0.0,open,False,False
148669,11,12,3,3,3.0,closed,False,False
148668,2,0,2,0,0.0,open,False,False
148667,4,0,6,0,0.0,closed,False,False
148666,1,1,3,0,0.0,closed,False,False
148664,4,1,4,0,0.0,open,False,False
148663,3,0,22,0,0.0,closed,False,False
148662,10,1,11,0,0.0,closed,False,False
148660,21,26,7,0,0.0,closed,False,False
148659,91,89,5,0,0.0,open,False,False
148658,1,1,5,4,1.3333333333333333,closed,False,False
148657,452,193,2,1,0.023255813953488372,open,False,False
148656,6,2,3,0,0.0,open,False,False
148654,583,297,2,0,0.0,open,False,False
148653,140,0,4,0,0.0,open,False,False
148652,2,7,6,0,0.0,closed,False,False
148649,1,1,3,0,0.0,closed,False,False
148648,27,16,3,2,0.2857142857142857,closed,False,False
148647,31,2,2,0,0.0,open,False,False
148646,8,0,9,0,0.0,open,False,False
148641,5,0,4,0,0.0,closed,False,False
148640,8,9,10,0,0.0,closed,False,False
148638,29,65,1,0,0.0,open,False,False
148637,1,1,1,0,0.0,open,False,False
148635,950,248,7,0,0.0,closed,False,False
148633,2,2,8,2,1.0,open,False,False
148632,21,15,10,2,0.6666666666666666,closed,False,False
148630,97,93,1,0,0.0,open,False,False
148628,0,5,2,0,0.0,open,False,False
148627,59,5,6,8,1.3333333333333333,closed,False,False
148626,4,4,10,0,0.0,closed,False,False
148625,0,0,10,0,0,closed,False,False
148623,26,1,9,1,1.0,closed,False,False
148622,1,1,4,0,0.0,open,False,False
148621,45,12,1,0,0.0,open,False,False
148620,26,0,2,0,0.0,open,False,False
148619,2,0,4,0,0.0,closed,False,False
148618,176,15,8,2,0.25,open,False,False
148617,1,1,5,0,0.0,closed,False,False
148616,290,27,2,3,1.5,open,False,False
148615,5,5,4,0,0.0,closed,False,False
148614,129,5,1,0,0.0,closed,False,False
148613,24,6,5,1,0.14285714285714285,open,False,False
148612,195,132,6,2,0.4,closed,False,False
148611,2,25,2,0,0.0,open,False,False
148610,28,21,2,0,0.0,closed,False,False
148609,28,21,2,0,0.0,closed,False,False
148608,11,0,3,0,0.0,closed,False,False
148605,427,263,2,5,0.625,open,False,False
148604,41,0,5,3,1.5,closed,False,False
148603,26,2,2,0,0.0,open,False,False
148602,97,95,7,9,1.5,closed,False,False
148601,244,38,15,7,1.75,closed,False,False
148600,10,9,7,0,0.0,closed,False,False
148598,1,0,1,0,0.0,closed,False,False
148597,39,0,6,0,0.0,closed,False,False
148596,11,1,11,2,2.0,closed,False,False
148595,6,0,15,0,0.0,closed,False,False
148594,12,72,7,5,0.7142857142857143,closed,False,False
148593,3,3,15,0,0.0,closed,False,False
148592,14,5,15,0,0.0,closed,False,False
148591,16,16,3,0,0.0,closed,False,False
148590,411,362,26,11,1.2222222222222223,closed,False,False
148588,3,0,5,0,0.0,closed,False,False
148587,261,114,4,0,0.0,closed,False,False
148586,541,178,2,0,0.0,closed,False,False
148585,786,18,5,10,1.0,open,False,False
148584,72,0,6,2,1.0,closed,False,False
148583,395,12,2,0,0.0,closed,False,False
148582,71,0,3,0,0.0,closed,False,False
148581,71,0,2,0,0.0,open,False,False
148580,718,11,1,0,0.0,open,False,False
148579,261,114,1,0,0.0,closed,False,False
148578,1,1,1,0,0.0,open,False,False
148577,28,1,10,0,0.0,closed,False,False
148576,6,4,6,0,0.0,closed,False,False
148575,2,2,3,0,0.0,closed,False,False
148574,6,0,4,0,0.0,closed,False,False
148573,0,2,3,0,0.0,closed,False,False
148571,14,14,3,0,0.0,closed,False,False
148570,48,41,3,0,0.0,closed,False,False
148569,506,533,1,0,0.0,open,False,False
148567,98,97,1,0,0.0,closed,False,False
148566,45,50,1,0,0.0,closed,False,False
148565,5,1,7,0,0.0,closed,False,False
148563,3,5,6,0,0.0,closed,False,False
148562,2,2,4,0,0.0,closed,False,False
148561,1134,0,57,35,1.1290322580645162,closed,False,False
148560,8,0,4,0,0.0,closed,False,False
148559,2,1,9,0,0.0,closed,False,False
148556,792,0,2,0,0.0,closed,False,False
148555,211,5,1,6,1.0,open,False,False
148554,885,1648,7,0,0.0,open,False,False
148553,34,250,4,0,0.0,closed,False,False
148542,71,0,7,0,0.0,closed,False,False
148538,1,0,3,0,0.0,closed,False,False
148537,303,1,6,0,0.0,closed,False,False
148534,1,1,3,0,0.0,closed,False,False
148533,15,8,17,0,0.0,closed,False,False
148531,1610,5,15,15,0.75,closed,False,False
148530,7,30,5,0,0.0,closed,False,False
148529,35,51,3,2,0.5,open,False,False
148526,93,26,9,7,2.3333333333333335,closed,False,False
148522,9,6,3,0,0.0,closed,False,False
148521,107,44,14,7,1.4,closed,False,False
148520,1,0,2,0,0.0,closed,False,False
148517,5,0,4,0,0.0,open,False,False
148516,130,8,1,0,0.0,open,False,False
148513,16,3,8,0,0.0,closed,False,False
148512,13,6,3,2,1.0,closed,False,False
148511,145,15,1,0,0.0,open,False,False
148509,66,37,8,2,0.4,closed,False,False
148508,106,0,5,13,1.0833333333333333,open,False,False
148507,97,22,3,0,0.0,closed,False,False
148506,344,21,19,0,0.0,closed,False,False
148505,12,7,2,0,0.0,open,False,False
148503,189,4,9,2,2.0,open,False,False
148502,64,21,11,1,0.5,open,False,False
148501,1,1,6,0,0.0,closed,False,False
148500,17,3,3,0,0.0,closed,False,False
148499,24,7,3,0,0.0,closed,False,False
148497,40,4,6,4,0.8,open,False,False
148496,9,0,6,0,0.0,closed,False,False
148493,7,1,4,2,0.6666666666666666,closed,False,False
148492,1,1,44,0,0.0,open,False,False
148491,10,14,12,2,0.4,closed,False,False
148490,0,0,2,0,0.0,closed,False,False
148489,3,0,10,0,0.0,closed,False,False
148488,11,4,1,0,0.0,open,False,False
148486,2,1,4,0,0.0,closed,False,False
148485,1,1,1,0,0.0,open,False,False
148484,191,91,1,0,0.0,open,False,False
148483,2,25,12,0,0.0,closed,False,False
148481,11,6,2,0,0.0,closed,False,False
148480,11,6,6,0,0.0,closed,False,False
148474,48,21,1,0,0.0,open,False,False
148473,11,6,2,0,0.0,closed,False,False
148472,4,0,2,0,0.0,closed,False,False
148471,9,22,3,2,0.6666666666666666,closed,False,False
148470,61,14,7,1,0.5,closed,False,False
148469,4,2,3,0,0.0,closed,False,False
148468,98,38,6,0,0.0,closed,False,False
148467,344,268,2,1,0.14285714285714285,closed,False,False
148466,21,36,2,0,0.0,closed,False,False
148465,4,0,6,3,3.0,closed,False,False
148462,1,2,3,5,2.5,closed,False,False
148461,84,7,1,1,0.3333333333333333,open,False,False
148459,15,3,1,1,0.5,open,False,False
148458,53,5,1,0,0.0,open,False,False
148456,39,3,3,0,0.0,closed,False,False
148455,1,1,7,0,0.0,open,False,False
148454,8,0,3,4,2.0,closed,False,False
148453,11,12,8,0,0.0,closed,False,False
148452,388,56,2,0,0.0,open,False,False
148450,2,0,3,0,0.0,closed,False,False
148449,142,198,3,2,0.5,closed,False,False
148448,17,0,4,0,0.0,closed,False,False
148446,75,18,10,0,0.0,closed,False,False
148445,14,9,1,0,0.0,open,False,False
148444,26,16,2,0,0.0,open,False,False
148441,2,0,4,0,0.0,open,False,False
148437,30,3,9,0,0.0,closed,False,False
148436,171,86,3,0,0.0,open,False,False
148435,4,0,13,3,1.0,closed,False,False
148433,193,80,19,0,0.0,closed,False,False
148432,151,105,2,4,1.0,closed,False,False
148431,8,2,4,3,3.0,open,False,False
148430,27,0,9,12,1.7142857142857142,open,False,False
148429,5,3,2,0,0.0,open,False,False
148424,16,4,4,0,0.0,open,False,False
148423,34,42,6,4,1.3333333333333333,closed,False,False
148422,2,0,3,2,0.6666666666666666,closed,False,False
148421,202,4,9,2,1.0,closed,False,False
148419,71,15,1,0,0.0,open,False,False
148418,72,87,1,0,0.0,open,False,False
148417,193,1,2,1,0.5,open,False,False
148416,580,0,1,1,0.5,open,False,False
148415,229,229,2,0,0.0,open,False,False
148414,635,646,1,3,1.5,open,False,False
148413,871,627,1,0,0.0,open,False,False
148412,4,1,5,6,6.0,open,False,False
148410,40,0,1,0,0.0,open,False,False
148408,428,59,2,4,0.4444444444444444,open,False,False
148407,9,19,1,0,0.0,closed,False,False
148406,32,68,2,0,0.0,open,False,False
148405,30,0,1,0,0.0,open,False,False
148403,1,1,19,0,0.0,closed,False,False
148401,236,15,7,7,1.1666666666666667,closed,False,False
148400,1,6,9,0,0.0,closed,False,False
148399,25,43,3,0,0.0,closed,False,False
148398,17,17,3,0,0.0,closed,False,False
148396,330,19,5,3,0.23076923076923078,closed,False,False
148395,270,111,1,0,0.0,closed,False,False
148394,56,0,4,0,0.0,closed,False,False
148393,1,1,5,0,0.0,closed,False,False
148388,2,2,14,0,0.0,closed,False,False
148387,53,0,2,0,0.0,closed,False,False
148386,5,57,11,1,0.125,closed,False,False
148385,51,4,2,2,1.0,closed,False,False
148384,75,11,10,16,0.7272727272727273,closed,False,False
148383,2,2,4,0,0.0,closed,False,False
148381,4,27,5,0,0.0,closed,False,False
148380,387,6,4,0,0.0,open,False,False
148378,16,1,6,2,0.2857142857142857,closed,False,False
148377,156,1,7,4,0.4,closed,False,False
148376,104,79,13,0,0.0,closed,False,False
148375,186,6,1,0,0.0,open,False,False
148374,201,0,4,16,2.6666666666666665,closed,False,False
148373,469,11,5,0,0.0,open,False,False
148372,4,3,3,0,0.0,closed,False,False
148371,81,0,4,0,0.0,closed,False,False
148367,60,2,11,3,0.75,closed,False,False
148366,271,115,2,5,5.0,closed,False,False
148365,1,1,3,0,0.0,closed,False,False
148364,31,0,12,3,1.0,closed,False,False
148363,61,7,12,0,0.0,closed,False,False
148362,2,2,3,0,0.0,closed,False,False
148361,1,0,7,3,3.0,closed,False,False
148360,4,4,5,2,1.0,open,False,False
148359,19,0,3,0,0.0,closed,False,False
148358,1068,742,1,0,0.0,open,False,False
148357,48,0,2,0,0.0,open,False,False
148355,33,6,1,0,0.0,open,False,False
148354,4,7,4,0,0.0,closed,False,False
148352,1,1,6,0,0.0,closed,False,False
148351,6,165,2,0,0.0,closed,False,False
148350,15,5,10,9,3.0,closed,False,False
148348,48,55,12,9,1.125,closed,False,False
148347,322,0,7,0,0.0,closed,False,False
148346,0,0,3,0,0,closed,False,False
148343,1,1,12,0,0.0,closed,False,False
148328,123,54,1,7,0.175,open,False,False
148327,4053,1655,9,2,0.02197802197802198,open,False,False
148325,5,6,3,0,0.0,closed,False,False
148323,31,0,3,0,0.0,closed,False,False
148322,17,10,4,2,0.3333333333333333,open,False,False
148320,6,0,1,12,6.0,open,False,False
148319,22,17,8,0,0.0,closed,False,False
148318,2,5,3,0,0.0,closed,False,False
148316,1,0,8,2,2.0,open,False,False
148313,2,2,6,0,0.0,closed,False,False
148310,1,1,3,1,1.0,closed,False,False
148305,986,1312,29,0,0.0,closed,False,False
148304,8,8,13,0,0.0,closed,False,False
148303,12,2,5,2,1.0,closed,False,False
148301,36,1,3,0,0.0,open,False,False
148294,20,1,2,0,0.0,open,False,False
148293,38,6,8,0,0.0,closed,False,False
148292,132,104,6,0,0.0,closed,False,False
148291,41,41,4,0,0.0,closed,False,False
148290,514,478,3,0,0.0,closed,False,False
148288,72,71,6,2,0.2,closed,False,False
148287,3,3,15,0,0.0,closed,False,False
148286,5,11,3,0,0.0,closed,False,False
148285,7,1,2,0,0.0,closed,False,False
148284,5,5,6,0,0.0,closed,False,False
148282,19,3,1,0,0.0,closed,False,False
148281,3,4,11,0,0.0,open,False,False
148279,27,24,7,0,0.0,closed,False,False
148277,6,6,3,0,0.0,closed,False,False
148274,26,5,7,6,3.0,closed,False,False
148272,47,3,10,0,0.0,closed,False,False
148271,2,2,4,2,1.0,open,False,False
148270,18,17,5,0,0.0,closed,False,False
148267,820,441,1,0,0.0,closed,False,False
148266,4,1,3,0,0.0,closed,False,False
148265,1,1,4,0,0.0,closed,False,False
148264,1,1,3,0,0.0,closed,False,False
148262,9,9,6,5,0.625,closed,False,False
148261,224,63,5,2,0.11764705882352941,closed,False,False
148260,213,114,4,1,0.07142857142857142,closed,False,False
148258,16,186,9,9,3.0,closed,False,False
148255,11,1,4,0,0.0,open,False,False
148254,16,4,3,0,0.0,closed,False,False
148249,47,96,2,0,0.0,closed,False,False
148248,1,0,2,0,0.0,closed,False,False
148246,0,5,7,0,0.0,closed,False,False
148245,2,2,1,2,2.0,closed,False,False
148243,285,60,7,1,0.08333333333333333,closed,False,False
148240,2,0,7,0,0.0,open,False,False
148239,10,6,3,0,0.0,closed,False,False
148238,149,21,4,0,0.0,closed,False,False
148237,1,2,6,1,0.25,closed,False,False
148236,5,7,1,0,0.0,open,False,False
148235,2,4,7,0,0.0,open,False,False
148234,36,17,2,10,1.4285714285714286,open,False,False
148233,34,2,13,2,0.3333333333333333,closed,False,False
148231,12,2,7,0,0.0,closed,False,False
148230,5,1,3,0,0.0,closed,False,False
148229,129,137,6,0,0.0,closed,False,False
148228,2,0,5,0,0.0,closed,False,False
148227,122,11,3,0,0.0,closed,False,False
148226,194,0,3,16,5.333333333333333,closed,False,False
148224,0,2,3,0,0.0,closed,False,False
148223,11,2,6,3,3.0,closed,False,False
148221,17,0,6,0,0.0,closed,False,False
148220,36,36,3,0,0.0,closed,False,False
148213,6,4,4,17,4.25,closed,False,False
148212,272,119,2,0,0.0,closed,False,False
148211,65,107,3,0,0.0,closed,False,False
148210,240,153,1,5,0.5,open,False,False
148209,60,44,1,5,0.5555555555555556,open,False,False
148206,18,3,2,0,0.0,open,False,False
148205,122,19,4,5,0.625,closed,False,False
148204,5,4,1,0,0.0,closed,False,False
148203,1,1,9,0,0.0,closed,False,False
148202,263,222,1,4,1.3333333333333333,open,False,False
148200,1,1,3,0,0.0,closed,False,False
148198,7,7,7,0,0.0,closed,False,False
148197,18,18,11,6,2.0,closed,False,False
148195,4,17,9,0,0.0,closed,False,False
148191,3,3,5,0,0.0,closed,False,False
148190,35,34,3,19,6.333333333333333,closed,False,False
148189,95,8,6,0,0.0,open,False,False
148188,29,2,21,2,1.0,closed,False,False
148187,36,67,3,0,0.0,closed,False,False
148186,386,332,1,0,0.0,open,False,False
148185,938,738,1,0,0.0,open,False,False
148184,10,1,3,0,0.0,closed,False,False
148182,28,1,5,0,0.0,closed,False,False
148180,123,0,1,13,0.3611111111111111,open,False,False
148178,10,17,6,2,0.6666666666666666,closed,False,False
148177,46,9,11,13,1.8571428571428572,closed,False,False
148176,4,7,2,0,0.0,open,False,False
148174,4,11,2,0,0.0,open,False,False
148173,42,6,1,0,0.0,open,False,False
148170,47,12,3,0,0.0,open,False,False
148168,1,1,6,1,0.038461538461538464,closed,False,False
148164,79,105,7,0,0.0,closed,False,False
148163,42,6,1,0,0.0,open,False,False
148161,6,2,3,0,0.0,closed,False,False
148160,7,12,1,0,0.0,open,False,False
148159,20,19,7,11,1.8333333333333333,closed,False,False
148158,10,3,4,2,1.0,closed,False,False
148157,49,56,3,0,0.0,closed,False,False
148155,3,1,2,0,0.0,closed,False,False
148154,98,1,3,0,0.0,closed,False,False
148151,20,38,1,0,0.0,closed,False,False
148149,14,13,1,0,0.0,closed,False,False
148147,1,1,4,0,0.0,closed,False,False
148145,5,5,15,0,0.0,closed,False,False
148142,15,30,6,0,0.0,closed,False,False
148140,45,2,6,0,0.0,open,False,False
148139,1,1,3,0,0.0,closed,False,False
148138,1,1,2,0,0.0,closed,False,False
148137,1,0,3,2,2.0,closed,False,False
148136,6,1,3,0,0.0,open,False,False
148135,3,84,6,0,0.0,closed,False,False
148134,6,0,3,0,0.0,closed,False,False
148133,32,31,6,1,0.5,closed,False,False
148132,9,3,2,0,0.0,open,False,False
148131,384,24,3,7,1.4,open,False,False
148130,139,26,15,8,0.5714285714285714,open,False,False
148129,10,3,6,9,1.5,closed,False,False
148128,7,0,3,0,0.0,closed,False,False
148126,2,1,5,0,0.0,closed,False,False
148125,9,7,3,0,0.0,closed,False,False
148124,765,9,26,51,1.9615384615384615,closed,False,False
148121,7,1,4,5,1.6666666666666667,closed,False,False
148118,27,6,10,0,0.0,closed,False,False
148117,25,25,18,2,2.0,closed,False,False
148109,20,15,3,0,0.0,closed,False,False
148108,1,0,3,0,0.0,closed,False,False
148105,244,178,2,0,0.0,open,False,False
148104,20,14,2,0,0.0,open,False,False
148102,66,0,11,4,4.0,closed,False,False
148101,30,9,9,0,0.0,closed,False,False
148100,1,1,2,0,0.0,open,False,False
148099,0,2,22,0,0.0,closed,False,False
148097,7,1,19,0,0.0,closed,False,False
148096,1,2,6,0,0.0,closed,False,False
148092,33,28,2,0,0.0,open,False,False
148091,46,4,2,3,0.375,open,False,False
148090,5,1,6,0,0.0,closed,False,False
148089,439,13,7,0,0.0,closed,False,False
148088,1,1,8,0,0.0,closed,False,False
148087,13,8,9,0,0.0,closed,False,False
148084,2,2,3,0,0.0,closed,False,False
148083,18,0,6,0,0.0,closed,False,False
148082,21,84,5,0,0.0,closed,False,False
148081,3238,1014,8,7,0.175,closed,False,False
148079,4,0,1,0,0.0,open,False,False
148076,22,4,1,0,0.0,closed,False,False
148075,19,0,8,1,1.0,closed,False,False
148070,2,2,19,0,0.0,closed,False,False
148069,7,2,5,4,1.3333333333333333,closed,False,False
148066,12,0,1,0,0.0,open,False,False
148063,104,28,2,1,0.1111111111111111,open,False,False
148062,87,0,3,2,0.4,open,False,False
148060,4,0,3,0,0.0,closed,False,False
148059,7,1,4,0,0.0,closed,False,False
148053,10,3,6,0,0.0,closed,False,False
148051,30,3,6,0,0.0,closed,False,False
148050,14,2,7,3,0.75,closed,False,False
148049,30,28,32,14,2.3333333333333335,closed,False,False
148047,2,1,9,0,0.0,closed,False,False
148046,76,5,3,14,1.5555555555555556,open,False,False
148043,46,5,8,7,7.0,closed,False,False
148042,50,0,2,0,0.0,closed,False,False
148039,5,0,1,0,0.0,closed,False,False
148038,45,11,6,2,0.4,closed,False,False
148037,9,3,2,0,0.0,open,False,False
148036,10,10,3,0,0.0,closed,False,False
148030,0,1,4,0,0.0,closed,False,False
148028,1,153,7,2,0.5,closed,False,False
148027,59,5,3,3,0.75,closed,False,False
148026,9,1,9,0,0.0,closed,False,False
148025,25,1,3,1,0.5,closed,False,False
148024,3,0,3,0,0.0,open,False,False
148023,65,11,3,4,0.5714285714285714,open,False,False
148022,102,11,1,0,0.0,closed,False,False
148021,29,1,3,0,0.0,closed,False,False
148020,40,21,6,0,0.0,closed,False,False
148019,78,1,6,0,0.0,closed,False,False
148018,33,18,5,1,0.125,closed,False,False
148017,240,5,10,0,0.0,closed,False,False
148016,3,1,2,0,0.0,closed,False,False
148015,26,2,3,0,0.0,closed,False,False
148012,1,1,5,0,0.0,closed,False,False
148011,10,6,10,0,0.0,closed,False,False
148010,78,249,2,0,0.0,open,False,False
148009,78,249,2,0,0.0,closed,False,False
148008,78,249,2,0,0.0,open,False,False
148007,256,38,3,26,3.25,closed,False,False
148006,2,2,7,0,0.0,closed,False,False
148005,29,35,8,4,4.0,closed,False,False
148004,134,18,8,2,2.0,closed,False,False
148002,100,5,6,2,0.14285714285714285,closed,False,False
148001,159,4,31,0,0.0,closed,False,False
148000,1,1,4,0,0.0,closed,False,False
147998,1,0,8,0,0.0,closed,False,False
147997,26,1,10,2,0.3333333333333333,closed,False,False
147996,2,1,16,0,0.0,closed,False,False
147994,38,8,13,0,0.0,closed,False,False
147993,23,0,7,2,0.6666666666666666,closed,False,False
147992,144,51,2,3,1.5,open,False,False
147990,58,6,2,0,0.0,open,False,False
147988,9,1,5,0,0.0,closed,False,False
147985,8,5,2,0,0.0,closed,False,False
147984,81,25,1,0,0.0,open,False,False
147983,165,11,6,10,0.9090909090909091,closed,False,False
147982,226,0,1,0,0.0,closed,False,False
147981,226,0,25,2,1.0,closed,False,False
147979,141,2,3,9,2.25,closed,False,False
147978,10,6,7,0,0.0,closed,False,False
147977,2,2,6,0,0.0,closed,False,False
147976,150,41,1,0,0.0,closed,False,False
147975,36,79,4,0,0.0,closed,False,False
147969,7,8,3,0,0.0,closed,False,False
147968,1,1,3,0,0.0,closed,False,False
147967,42,2,2,2,2.0,open,False,False
147966,127,5,6,0,0.0,closed,False,False
147964,1,0,1,0,0.0,closed,False,False
147963,31,124,1,0,0.0,open,False,False
147962,109,3,1,1,0.09090909090909091,open,False,False
147961,84,5,3,0,0.0,closed,False,False
147960,305,18,3,0,0.0,open,False,False
147959,38,6,1,0,0.0,closed,False,False
147958,38,6,1,0,0.0,closed,False,False
147957,38,6,1,0,0.0,closed,False,False
147956,38,6,1,0,0.0,closed,False,False
147955,38,6,1,0,0.0,closed,False,False
147952,150,3,1,0,0.0,closed,False,False
147951,273,6,5,0,0.0,closed,False,False
147948,30,12,5,1,0.2,closed,False,False
147947,1,1,3,0,0.0,closed,False,False
147945,38,6,3,0,0.0,closed,False,False
147944,38,6,1,0,0.0,closed,False,False
147943,38,6,1,0,0.0,closed,False,False
147942,38,6,1,0,0.0,closed,False,False
147941,38,6,1,0,0.0,closed,False,False
147940,38,6,1,0,0.0,closed,False,False
147939,38,6,1,0,0.0,closed,False,False
147938,38,6,1,0,0.0,closed,False,False
147937,38,6,1,0,0.0,closed,False,False
147936,38,6,1,0,0.0,closed,False,False
147935,38,6,1,0,0.0,closed,False,False
147934,38,6,1,0,0.0,closed,False,False
147933,38,6,1,0,0.0,closed,False,False
147932,38,6,1,0,0.0,closed,False,False
147931,38,6,1,0,0.0,closed,False,False
147930,38,6,1,0,0.0,closed,False,False
147929,38,6,1,0,0.0,closed,False,False
147928,3,1,1,1,1.0,open,False,False
147927,316,36,1,29,2.6363636363636362,open,False,False
147926,2,1,6,0,0.0,closed,False,False
147925,27,7,3,0,0.0,closed,False,False
147923,18,0,4,0,0.0,closed,False,False
147922,21,20,3,0,0.0,closed,False,False
147920,0,95,7,0,0.0,closed,False,False
147918,2,1,6,0,0.0,closed,False,False
147917,42,6,4,0,0.0,open,False,False
147916,9,1,1,0,0.0,open,False,False
147915,9,0,1,0,0.0,open,False,False
147914,17,0,4,0,0.0,closed,False,False
147912,109,24,3,0,0.0,closed,False,False
147910,28,12,2,0,0.0,open,False,False
147908,73,0,5,0,0.0,open,False,False
147907,3,1,2,3,1.5,open,False,False
147906,11,0,12,0,0.0,closed,False,False
147905,0,128,3,0,0.0,closed,False,False
147904,9,0,8,0,0.0,closed,False,False
147903,408,5,1,0,0.0,open,False,False
147902,48,15,2,0,0.0,open,False,False
147901,1,0,4,0,0.0,closed,False,False
147900,1,1,3,0,0.0,closed,False,False
147899,1,1,5,0,0.0,open,False,False
147898,1,1,10,0,0.0,open,False,False
147897,1,1,3,0,0.0,open,False,False
147895,59,50,15,0,0.0,closed,False,False
147894,22,9,16,7,0.6363636363636364,closed,False,False
147893,21,17,2,0,0.0,open,False,False
147892,1,3,2,0,0.0,closed,False,False
147891,34,25,3,0,0.0,closed,False,False
147890,101,1,4,0,0.0,closed,False,False
147888,2,1,3,0,0.0,closed,False,False
147886,37,40,4,0,0.0,closed,False,False
147885,69,11,7,0,0.0,closed,False,False
147883,29,0,3,1,0.2,closed,False,False
147882,22,0,1,3,1.0,open,False,False
147881,150,7,9,16,16.0,open,False,False
147880,23,0,16,0,0.0,closed,False,False
147878,5,2,10,0,0.0,closed,False,False
147877,57,27,6,0,0.0,closed,False,False
147876,97,46,9,8,1.0,closed,False,False
147872,7,7,15,0,0.0,closed,False,False
147870,34,6,2,0,0.0,open,False,False
147869,366,258,3,8,1.3333333333333333,closed,False,False
147865,9,1,4,0,0.0,closed,False,False
147864,16,4,1,6,3.0,open,False,False
147863,248,13,1,4,1.3333333333333333,open,False,False
147862,54,0,6,3,0.6,closed,False,False
147861,160,4,6,0,0.0,closed,False,False
147858,23,11,2,0,0.0,open,False,False
147856,7,20,3,0,0.0,closed,False,False
147855,25,18,2,0,0.0,open,False,False
147845,1,1,2,0,0.0,open,False,False
147837,3,2,2,2,2.0,open,False,False
147836,39,31,6,0,0.0,closed,False,False
147835,4,0,10,0,0.0,closed,False,False
147834,38,6,2,0,0.0,closed,False,False
147833,38,6,2,0,0.0,closed,False,False
147832,38,6,2,0,0.0,closed,False,False
147831,38,6,2,0,0.0,closed,False,False
147830,38,6,2,0,0.0,closed,False,False
147829,38,6,2,0,0.0,closed,False,False
147825,6,1,2,0,0.0,open,False,False
147824,38,40,11,3,0.3,closed,False,False
147823,0,1,5,0,0.0,open,False,False
147821,4,1,26,0,0.0,open,False,False
147820,47,19,8,1,1.0,open,False,False
147819,15,15,1,0,0.0,closed,False,False
147817,39,7,4,0,0.0,closed,False,False
147813,2,0,8,0,0.0,closed,False,False
147812,11,21,3,0,0.0,closed,False,False
147811,16,22,6,0,0.0,closed,False,False
147809,8,1,4,0,0.0,closed,False,False
147808,21,174,4,0,0.0,open,False,False
147807,37,37,4,0,0.0,closed,False,False
147806,3,13,4,0,0.0,closed,False,False
147805,25,25,5,0,0.0,closed,False,False
147804,105,79,9,0,0.0,closed,False,False
147803,28,46,9,0,0.0,closed,False,False
147802,3,1,9,0,0.0,closed,False,False
147800,1,1,2,0,0.0,open,False,False
147798,38,76,34,0,0.0,closed,False,False
147797,21,2,2,0,0.0,open,False,False
147796,10,7,6,0,0.0,closed,False,False
147794,88,3,1,1,0.14285714285714285,closed,False,False
147792,0,2,3,0,0.0,closed,False,False
147791,1,1,6,0,0.0,closed,False,False
147790,89,42,14,3,0.5,open,False,False
147789,45,50,1,3,1.5,open,False,False
147788,132,38,3,11,1.0,closed,False,False
147787,44,17,3,1,0.1,closed,False,False
147786,53,13,3,4,0.5,closed,False,False
147785,16,11,13,0,0.0,closed,False,False
147784,26,24,5,0,0.0,closed,False,False
147783,9,2,3,0,0.0,closed,False,False
147782,47,33,2,0,0.0,closed,False,False
147781,58,37,2,0,0.0,closed,False,False
147780,83,50,2,0,0.0,closed,False,False
147779,26,1,7,0,0.0,closed,False,False
147778,849,2187,18,0,0.0,closed,False,False
147775,4,1,3,0,0.0,closed,False,False
147774,4,4,2,0,0.0,closed,False,False
147773,257,230,1,0,0.0,open,False,False
147771,15,2,3,4,0.6666666666666666,closed,False,False
147770,91,0,1,0,0.0,open,False,False
147768,59,33,6,0,0.0,closed,False,False
147765,37,3,4,1,0.16666666666666666,closed,False,False
147764,102,53,6,0,0.0,closed,False,False
147763,19,0,2,0,0.0,open,False,False
147762,99,2,5,0,0.0,closed,False,False
147761,2,2,5,0,0.0,closed,False,False
147760,7,1,8,0,0.0,closed,False,False
147759,43,3,3,0,0.0,closed,False,False
147758,92,36,3,0,0.0,open,False,False
147752,102,14,3,11,11.0,open,False,False
147751,0,4,6,0,0.0,closed,False,False
147750,1562,617,1,0,0.0,open,False,False
147749,0,2,3,0,0.0,closed,False,False
147747,1,0,4,0,0.0,open,False,False
147746,3,2,8,0,0.0,closed,False,False
147745,302,229,7,0,0.0,open,False,False
147743,1,1,7,0,0.0,closed,False,False
147742,1,0,7,0,0.0,closed,False,False
147741,10,5,3,0,0.0,closed,False,False
147730,109,3,3,2,0.6666666666666666,closed,False,False
147728,297,292,3,0,0.0,closed,False,False
147727,1,1,9,0,0.0,closed,False,False
147725,38,0,4,0,0.0,open,False,False
147723,29,2,16,2,0.3333333333333333,open,False,False
147721,8,3,5,0,0.0,open,False,False
147710,2,0,3,2,1.0,closed,False,False
147709,11,0,3,0,0.0,closed,False,False
147708,4,2,4,0,0.0,closed,False,False
147706,56,0,6,2,0.5,open,False,False
147705,68,41,2,0,0.0,closed,False,False
147704,8,8,3,0,0.0,closed,False,False
147703,4,4,2,0,0.0,closed,False,False
147702,1,1,4,0,0.0,closed,False,False
147699,50,6,4,3,3.0,closed,False,False
147698,1,1,2,3,3.0,open,False,False
147697,1,1,6,0,0.0,closed,False,False
147694,9,1,3,0,0.0,closed,False,False
147693,1365,0,4,1,0.25,open,False,False
147691,1,3,4,0,0.0,closed,False,False
147690,13,0,13,0,0.0,open,False,False
147689,1,0,1,0,0.0,closed,False,False
147688,54,0,2,4,0.4444444444444444,closed,False,False
147687,47,2,5,4,0.5714285714285714,closed,False,False
147685,30,2,3,0,0.0,closed,False,False
147684,6,1,2,0,0.0,closed,False,False
147683,1,1,2,0,0.0,closed,False,False
147681,3,1,3,0,0.0,closed,False,False
147680,3,13,10,0,0.0,closed,False,False
147679,25,25,12,2,2.0,closed,False,False
147678,22,10,2,0,0.0,closed,False,False
147676,1,0,3,0,0.0,closed,False,False
147675,67,3,9,0,0.0,closed,False,False
147673,1,1,7,1,1.0,closed,False,False
147670,6,5,5,0,0.0,open,False,False
147668,10,9,3,0,0.0,closed,False,False
147667,24,7,3,0,0.0,closed,False,False
147666,25,0,3,2,0.5,open,False,False
147665,19,9,4,5,1.25,closed,False,False
147664,1,1,1,0,0.0,open,False,False
147663,3,4,7,0,0.0,closed,False,False
147660,797,88,12,9,2.25,closed,False,False
147659,5,5,3,0,0.0,closed,False,False
147658,15,3,2,0,0.0,open,False,False
147657,8,3,6,0,0.0,closed,False,False
147656,98,101,14,2,0.6666666666666666,open,False,False
147655,1,1,4,0,0.0,closed,False,False
147654,73,60,1,0,0.0,closed,False,False
147653,518,83,1,2,0.2222222222222222,open,False,False
147652,5,0,3,3,0.75,closed,False,False
147651,2,0,3,0,0.0,closed,False,False
147650,9,0,4,0,0.0,closed,False,False
147649,56,1,3,4,1.3333333333333333,closed,False,False
147648,546,57,7,21,0.22340425531914893,closed,False,False
147647,72,41,3,0,0.0,closed,False,False
147646,4,6,3,0,0.0,closed,False,False
147645,4,0,1,0,0.0,open,False,False
147644,52,4,1,0,0.0,open,False,False
147641,75,43,6,0,0.0,closed,False,False
147640,28,11,4,0,0.0,closed,False,False
147639,8,12,5,0,0.0,closed,False,False
147638,48,4,3,1,0.25,closed,False,False
147637,140,1,6,2,1.0,closed,False,False
147636,8,42,3,0,0.0,closed,False,False
147635,1,28,1,1,1.0,open,False,False
147633,42,12,9,0,0.0,closed,False,False
147630,172,177,6,0,0.0,closed,False,False
147629,201,103,14,4,0.5,open,False,False
147622,440,13,12,4,4.0,closed,False,False
147621,7,1,7,1,1.0,closed,False,False
147620,6,2,18,0,0.0,closed,False,False
147619,13,1,9,4,0.6666666666666666,closed,False,False
147618,430,2,5,0,0.0,open,False,False
147616,2,4,3,0,0.0,open,False,False
147615,3,0,6,0,0.0,closed,False,False
147614,235,0,20,10,2.0,closed,False,False
147612,717,9,9,0,0.0,closed,False,False
147611,1,1,4,0,0.0,closed,False,False
147609,254,381,2,17,17.0,open,False,False
147608,1,1,4,0,0.0,closed,False,False
147607,1,1,9,0,0.0,closed,False,False
147605,4,1,7,0,0.0,closed,False,False
147603,142,13,1,0,0.0,open,False,False
147601,1,0,6,0,0.0,closed,False,False
147599,25,3,7,0,0.0,open,False,False
147598,2,2,6,0,0.0,closed,False,False
147594,0,7,7,1,1.0,open,False,False
147593,10,0,17,0,0.0,open,False,False
147592,50,10,1,9,1.5,open,False,False
147591,332,16,3,0,0.0,closed,False,False
147590,7,0,8,0,0.0,closed,False,False
147589,2,1,2,2,1.0,closed,False,False
147588,27,34,9,1,0.3333333333333333,closed,False,False
147587,18,4,6,0,0.0,closed,False,False
147586,2,0,4,0,0.0,closed,False,False
147583,961,1310,27,29,29.0,open,False,False
147582,266,2,2,3,3.0,open,False,False
147580,1,0,4,0,0.0,open,False,False
147579,7,7,3,0,0.0,closed,False,False
147577,517,1,3,3,1.0,open,False,False
147576,342,38,3,1,0.14285714285714285,open,False,False
147574,323,161,8,22,22.0,closed,False,False
147573,106,1,6,6,2.0,closed,False,False
147572,85,4,3,6,2.0,closed,False,False
147571,44,0,2,2,0.6666666666666666,closed,False,False
147569,40,12,7,2,0.6666666666666666,closed,False,False
147567,183,73,6,3,0.3333333333333333,closed,False,False
147566,843,331,5,0,0.0,closed,False,False
147564,0,16,11,0,0.0,closed,False,False
147562,112,6,2,0,0.0,open,False,False
147561,238,2,6,16,1.0,closed,False,False
147560,9,4,5,0,0.0,closed,False,False
147559,5,1,4,6,1.5,closed,False,False
147558,30,18,6,0,0.0,closed,False,False
147557,2,2,14,9,3.0,closed,False,False
147556,1,1,10,0,0.0,closed,False,False
147555,13,12,13,2,2.0,closed,False,False
147554,10,3,4,0,0.0,closed,False,False
147553,161,10,3,0,0.0,open,False,False
147552,16,0,6,0,0.0,closed,False,False
147550,8,2,8,4,0.8,closed,False,False
147549,49,4,3,0,0.0,closed,False,False
147548,512,36,27,11,0.8461538461538461,closed,False,False
147547,0,0,2,0,0.0,closed,False,False
147546,14,1,7,1,0.14285714285714285,closed,False,False
147545,74,6,3,10,2.5,closed,False,False
147542,1,2,11,0,0.0,closed,False,False
147541,1,1,6,0,0.0,closed,False,False
147540,131,88,3,0,0.0,closed,False,False
147538,4,2,3,0,0.0,closed,False,False
147537,172,0,3,8,0.8,closed,False,False
147536,8,2,11,0,0.0,closed,False,False
147535,36,10,5,0,0.0,closed,False,False
147534,7,5,4,0,0.0,closed,False,False
147533,45,21,8,4,0.6666666666666666,closed,False,False
147532,7,1,5,5,1.6666666666666667,closed,False,False
147529,109,6,3,10,2.0,open,False,False
147528,1002,34,4,21,21.0,open,False,False
147527,388,24,12,3,3.0,open,False,False
147526,60,24,4,2,1.0,closed,False,False
147525,18,0,2,0,0.0,open,False,False
147524,3,1,1,0,0.0,open,False,False
147523,50,0,7,8,1.3333333333333333,closed,False,False
147522,4,2,4,3,0.75,open,False,False
147519,17,7,3,9,3.0,closed,False,False
147518,104,54,11,6,1.2,closed,False,False
147517,4,6,1,0,0.0,open,False,False
147516,13,2,1,0,0.0,open,False,False
147515,34,0,1,0,0.0,open,False,False
147514,41,1,2,0,0.0,open,False,False
147512,0,8,3,0,0.0,closed,False,False
147511,4,4,6,0,0.0,closed,False,False
147509,1,1,1,0,0.0,closed,False,False
147507,39,9,11,0,0.0,open,False,False
147505,105,0,14,5,5.0,closed,False,False
147504,60,22,7,2,0.25,closed,False,False
147503,33,22,3,0,0.0,closed,False,False
147501,110,14,8,0,0.0,open,False,False
147500,65,0,3,0,0.0,closed,False,False
147499,31,24,3,0,0.0,open,False,False
147498,38,6,22,0,0.0,open,False,False
147497,1,1,3,2,1.0,closed,False,False
147496,2,2,4,0,0.0,closed,False,False
147494,399,34,6,9,1.0,closed,False,False
147493,37,25,4,1,0.25,open,False,False
147492,4,0,3,0,0.0,closed,False,False
147491,2,1,2,0,0.0,open,False,False
147490,3,1,3,0,0.0,open,False,False
147489,74,52,5,2,2.0,closed,False,False
147488,2,2,5,0,0.0,closed,False,False
147487,39,4,7,7,1.75,closed,False,False
147485,86,128,1,0,0.0,closed,False,False
147484,4,8,3,0,0.0,closed,False,False
147482,262,16,2,0,0.0,closed,False,False
147481,42,13,1,0,0.0,open,False,False
147480,6,0,7,0,0.0,closed,False,False
147477,52,0,3,3,3.0,closed,False,False
147476,25,23,1,7,1.1666666666666667,open,False,False
147474,5,2,8,0,0.0,closed,False,False
147473,15,15,3,0,0.0,closed,False,False
147472,6,0,1,0,0.0,open,False,False
147471,11,2,3,0,0.0,closed,False,False
147470,88,349,1,0,0.0,open,False,False
147469,18166,105,2,0,0.0,open,False,False
147467,1,0,1,0,0.0,closed,False,False
147466,535,44,7,0,0.0,closed,False,False
147465,65,23,3,2,2.0,closed,False,False
147464,97,2,7,4,0.8,closed,False,False
147462,535,44,4,0,0.0,closed,False,False
147461,1,1,7,0,0.0,closed,False,False
147459,12,7,16,1,0.2,closed,False,False
147455,21,77,2,0,0.0,open,False,False
147454,3,3,9,0,0.0,closed,False,False
147453,9,1,6,0,0.0,open,False,False
147452,738,634,31,0,0.0,open,False,False
147448,7,1,2,1,1.0,closed,False,False
147447,2,0,2,0,0.0,closed,False,False
147446,47,11,2,0,0.0,closed,False,False
147445,6,6,5,0,0.0,open,False,False
147442,4,10,4,2,2.0,closed,False,False
147441,126,67,3,2,2.0,closed,False,False
147439,86,47,7,0,0.0,closed,False,False
147436,87,92,4,0,0.0,closed,False,False
147435,1,1,6,0,0.0,closed,False,False
147434,91,33,11,0,0.0,closed,False,False
147433,32,4,10,9,0.9,open,False,False
147432,3,0,2,0,0.0,open,False,False
147431,2,2,4,0,0.0,closed,False,False
147430,15,0,6,0,0.0,closed,False,False
147429,72,40,3,12,1.2,closed,False,False
147427,45,14,7,0,0.0,closed,False,False
147425,121,38,7,9,9.0,closed,False,False
147424,2,0,5,0,0.0,open,False,False
147423,1,1,6,0,0.0,closed,False,False
147422,1,1,58,0,0.0,open,False,False
147421,74,52,1,4,1.0,closed,True,True
147420,2,2,2,0,0.0,closed,True,True
147419,7,95,3,0,0.0,closed,False,False
147418,2,2,11,2,2.0,closed,False,False
147417,156,22,7,0,0.0,closed,False,False
147416,48,0,10,2,2.0,open,False,False
147415,91,6,1,0,0.0,open,False,False
147414,141,119,1,0,0.0,open,False,False
147413,1,1,5,0,0.0,closed,False,False
147412,8,5,3,0,0.0,closed,False,False
147411,1,0,4,0,0.0,closed,False,False
147410,11,25,2,1,0.5,open,False,False
147409,1,4,7,0,0.0,closed,False,False
147408,31,6,2,1,0.3333333333333333,closed,False,False
147407,74,19,12,0,0.0,closed,False,False
147406,1,3,4,0,0.0,closed,False,False
147404,76,8,4,0,0.0,closed,False,False
147403,256,296,6,4,0.19047619047619047,closed,False,False
147401,135,4,1,0,0.0,closed,False,False
147399,44,3,8,0,0.0,closed,False,False
147398,49,3,2,2,0.5,open,False,False
147396,144,91,3,0,0.0,closed,False,False
147395,2,2,19,0,0.0,closed,False,False
147394,12,12,4,0,0.0,closed,False,False
147393,1,1,4,0,0.0,closed,False,False
147392,1953,2,3,1,0.2,closed,False,False
147391,299,178,6,0,0.0,closed,False,False
147390,83,82,6,0,0.0,closed,False,False
147388,629,802,13,0,0.0,closed,False,False
147386,6,6,3,4,2.0,closed,False,False
147385,463,105,5,39,3.5454545454545454,closed,False,False
147384,5,5,6,0,0.0,closed,False,False
147382,67,26,4,2,0.2857142857142857,open,False,False
147379,1,0,6,0,0.0,open,False,False
147372,4,8,1,0,0.0,closed,False,False
147371,9,3,2,0,0.0,open,False,False
147370,9,3,2,0,0.0,closed,False,False
147369,179,99,4,4,0.36363636363636365,closed,False,False
147368,55,2,2,13,6.5,open,False,False
147367,11,4,26,12,4.0,closed,False,False
147365,8,3,1,0,0.0,open,False,False
147363,17,13,14,4,0.8,closed,False,False
147360,51,68,2,0,0.0,open,False,False
147359,1,1,1,0,0.0,open,False,False
147358,1,1,3,0,0.0,closed,False,False
147357,2,0,6,0,0.0,open,False,False
147356,35,10,6,0,0.0,closed,False,False
147355,4,2,3,0,0.0,open,False,False
147354,77,13,3,6,0.4,closed,False,False
147353,35,10,3,10,10.0,closed,False,False
147352,16,3,3,0,0.0,closed,False,False
147351,1,1,6,0,0.0,closed,False,False
147350,90,3,18,0,0.0,closed,False,False
147349,34,43,17,0,0.0,open,False,False
147347,4,1,2,0,0.0,closed,False,False
147346,291,1,3,0,0.0,closed,False,False
147345,1,1,3,0,0.0,closed,False,False
147344,38,3,6,9,2.25,closed,False,False
147343,316,12,17,2,2.0,closed,False,False
147342,24,0,9,5,1.0,closed,False,False
147341,45,13,1,0,0.0,open,False,False
147340,3,9,3,0,0.0,closed,False,False
147339,71,6,3,1,0.5,open,False,False
147337,835,18,8,12,4.0,closed,False,False
147335,47,47,4,0,0.0,closed,False,False
147334,10,0,8,0,0.0,closed,False,False
147333,30,1,6,14,2.8,closed,False,False
147331,7,3,4,1,0.3333333333333333,closed,False,False
147330,1,1,6,0,0.0,closed,False,False
147325,3,2,1,0,0.0,open,False,False
147324,27,2,2,0,0.0,open,False,False
147322,423,0,6,1,1.0,closed,False,False
147320,1,3,66,0,0.0,closed,False,False
147319,1,1,5,1,0.5,closed,False,False
147316,5,0,15,0,0.0,closed,False,False
147315,988,12,5,0,0.0,open,False,False
147314,237,7,1,0,0.0,open,False,False
147313,1,0,7,0,0.0,closed,False,False
147311,2,1,5,1,1.0,closed,False,False
147308,292,285,3,0,0.0,closed,False,False
147307,18,1,7,0,0.0,closed,False,False
147306,2,2,3,0,0.0,closed,False,False
147305,70,0,8,4,1.0,open,False,False
147304,51,0,3,0,0.0,open,False,False
147302,1,1,6,0,0.0,closed,False,False
147301,12,194,14,0,0.0,closed,False,False
147300,160,57,2,0,0.0,open,False,False
147299,80,104,6,0,0.0,closed,False,False
147298,15,4,4,2,1.0,closed,False,False
147297,14,15,3,0,0.0,closed,False,False
147296,18,26,2,0,0.0,closed,False,False
147294,1,1,3,0,0.0,closed,False,False
147293,209,131,2,0,0.0,closed,False,False
147292,1,0,7,0,0.0,closed,False,False
147291,1,2,3,0,0.0,open,False,False
147290,22,35,6,0,0.0,closed,False,False
147289,54,6,2,0,0.0,open,False,False
147286,19,47,4,0,0.0,closed,False,False
147285,19,47,2,0,0.0,closed,False,False
147276,4,2,6,0,0.0,open,False,False
147273,1,1,3,0,0.0,closed,False,False
147272,110,12,5,0,0.0,open,False,False
147271,34,0,2,0,0.0,closed,False,False
147270,100,10,1,0,0.0,closed,False,False
147269,45,0,2,0,0.0,open,False,False
147266,39,6,4,0,0.0,closed,False,False
147265,100,10,3,0,0.0,closed,False,False
147262,2,0,5,0,0.0,open,False,False
147260,3,0,11,0,0.0,closed,False,False
147258,3,1,2,0,0.0,closed,False,False
147257,3,0,2,0,0.0,closed,False,False
147254,1,1,14,0,0.0,closed,True,True
147253,27,30,4,5,1.6666666666666667,open,False,False
147252,1,1,8,0,0.0,closed,False,False
147251,925,1297,2,0,0.0,closed,False,False
147250,1,1,4,0,0.0,closed,False,False
147249,31,2,6,0,0.0,closed,False,False
147248,84,19,17,5,5.0,closed,False,False
147247,0,5,8,0,0.0,closed,False,False
147246,28,2,3,0,0.0,closed,False,False
147245,1,1,1,0,0.0,closed,False,False
147244,18,3,3,2,1.0,open,False,False
147243,27,0,9,1,0.3333333333333333,closed,False,False
147242,527,122,6,5,0.35714285714285715,closed,False,False
147241,1,1,3,0,0.0,closed,False,False
147240,2,5,3,4,4.0,closed,False,False
147238,1,0,6,0,0.0,closed,False,False
147237,28,6,8,0,0.0,closed,False,False
147235,1,0,2,0,0.0,open,False,False
147233,15,8,3,0,0.0,closed,False,False
147232,33,22,3,0,0.0,closed,False,False
147231,117,24,2,12,2.0,open,False,False
147230,46,33,13,4,4.0,closed,False,False
147229,106,6,11,0,0.0,open,False,False
147228,3,3,11,1,1.0,closed,False,False
147227,3,1,3,0,0.0,closed,False,False
147225,77,52,1,0,0.0,open,False,False
147224,1,1,9,0,0.0,closed,False,False
147223,57,9,2,2,0.5,closed,False,False
147222,33,4,3,0,0.0,closed,False,False
147221,12,13,4,0,0.0,closed,False,False
147218,95,0,6,0,0.0,open,False,False
147217,169,0,3,0,0.0,closed,False,False
147216,12,10,5,0,0.0,closed,False,False
147215,24,21,9,2,0.11764705882352941,closed,False,False
147211,43,11,3,2,0.5,closed,False,False
147207,2,2,6,0,0.0,closed,False,False
147205,3,1,3,0,0.0,closed,False,False
147204,4,0,6,0,0.0,closed,False,False
147203,30,6,20,0,0.0,closed,False,False
147202,57,60,4,0,0.0,closed,False,False
147199,12,1,3,0,0.0,closed,False,False
147198,3,0,2,0,0.0,closed,False,False
147197,8,6,11,0,0.0,closed,False,False
147196,93,90,2,3,1.0,open,False,False
147195,1,1,8,0,0.0,closed,False,False
147194,517,27,5,28,4.666666666666667,open,False,False
147193,55,11,13,1,0.3333333333333333,closed,False,False
147192,7,0,2,0,0.0,closed,False,False
147191,25,0,10,2,1.0,closed,False,False
147190,938,15,3,0,0.0,closed,False,False
147189,18,3,7,0,0.0,closed,False,False
147188,0,20,10,0,0.0,closed,False,False
147186,22,2,6,3,1.0,closed,False,False
147185,77,40,1,8,8.0,closed,False,False
147184,13,17,3,0,0.0,closed,False,False
147183,16,31,1,0,0.0,closed,False,False
147182,11,5,1,0,0.0,closed,False,False
147181,2,34,9,0,0.0,closed,False,False
147178,18,8,1,0,0.0,open,False,False
147177,17,3,9,2,1.0,closed,False,False
147176,81,0,2,0,0.0,open,False,False
147174,87,75,2,0,0.0,closed,False,False
147173,96,0,3,4,0.2857142857142857,closed,False,False
147169,46,33,5,7,0.4666666666666667,closed,False,False
147167,6,0,7,0,0.0,closed,False,False
147166,10,8,6,0,0.0,closed,False,False
147165,1,0,6,0,0.0,closed,False,False
147164,40,7,6,0,0.0,closed,False,False
147163,1,4,3,0,0.0,closed,False,False
147161,17,1,16,9,1.125,open,False,False
147159,4,5,3,1,0.5,closed,False,False
147158,11,1,5,8,0.8888888888888888,closed,False,False
147157,1,1,3,0,0.0,closed,False,False
147155,8,6,1,0,0.0,open,False,False
147154,13,8,3,1,0.25,closed,False,False
147153,62,8,6,0,0.0,closed,False,False
147152,87,1,3,0,0.0,closed,False,False
147151,84,772,31,0,0.0,closed,False,False
147150,13,13,4,0,0.0,closed,False,False
147149,57,0,6,5,0.35714285714285715,closed,False,False
147148,21,21,8,15,2.142857142857143,closed,False,False
147147,0,1,4,0,0.0,closed,False,False
147146,109,4,2,5,2.5,open,False,False
147145,88,20,2,2,1.0,closed,False,False
147142,82,2,1,0,0.0,open,False,False
147139,2,0,1,0,0.0,closed,False,False
147138,4,3,2,0,0.0,closed,False,False
147136,84,16,2,0,0.0,closed,False,False
147133,61,35,11,7,7.0,closed,False,False
147132,5,3,1,0,0.0,closed,False,False
147131,2,0,1,0,0.0,closed,False,False
147130,477,109,5,7,0.5,closed,False,False
147129,33,0,3,0,0.0,closed,False,False
147127,50,22,3,0,0.0,closed,False,False
147126,405,0,4,0,0.0,closed,False,False
147125,0,2,5,0,0.0,closed,False,False
147123,33,57,10,2,0.5,closed,False,False
147120,76,15,3,4,0.5,closed,False,False
147119,4074,2056,3,0,0.0,closed,False,False
147117,9,4,6,1,1.0,closed,False,False
147116,170,2,19,5,5.0,closed,False,False
147114,169,3,29,2,2.0,closed,False,False
147113,106,5,2,4,0.8,open,False,False
147111,277,2,2,0,0.0,closed,False,False
147110,9,0,6,0,0.0,closed,False,False
147107,1,1,1,0,0.0,open,False,False
147106,23,37,4,0,0.0,closed,False,False
147105,146,107,4,1,0.14285714285714285,open,False,False
147102,33,16,3,2,0.6666666666666666,open,False,False
147101,6,3,2,2,1.0,open,False,False
147099,12,9,12,0,0.0,closed,False,False
147097,4,322,3,0,0.0,closed,False,False
147095,50,50,4,1,0.25,open,False,False
147082,30,9,1,0,0.0,open,False,False
147078,2,8,2,0,0.0,open,False,False
147074,9,6,9,0,0.0,open,False,False
147073,2,2,1,0,0.0,open,False,False
147072,25,5,1,1,0.25,open,False,False
147069,97,85,3,2,0.13333333333333333,closed,False,False
147068,394,11,9,18,1.6363636363636365,closed,False,False
147067,151,108,3,0,0.0,closed,False,False
147066,16,3,1,0,0.0,open,False,False
147063,1361,875,1,0,0.0,closed,False,False
147061,6,0,5,5,5.0,closed,False,False
147060,24,7,2,0,0.0,closed,False,False
147056,31,6,3,0,0.0,closed,False,False
147054,3,1,2,0,0.0,open,False,False
147053,1,1,6,0,0.0,open,False,False
147050,87,1,6,8,1.1428571428571428,closed,False,False
147049,86,32,5,0,0.0,open,False,False
147046,4,3,3,1,0.5,closed,False,False
147045,37,44,3,3,0.75,closed,False,False
147040,0,4,13,0,0.0,closed,False,False
147039,448,10,26,25,25.0,closed,False,False
147038,789,37,3,36,0.6792452830188679,closed,False,False
147037,2338,418,10,0,0.0,closed,False,False
147036,1,1,2,0,0.0,open,False,False
147035,8,8,4,0,0.0,closed,False,False
147034,256,5,3,1,0.043478260869565216,closed,False,False
147033,64,7,10,19,1.1875,closed,False,False
147032,8,4,4,0,0.0,closed,False,False
147031,14,0,3,2,1.0,closed,False,False
147029,6,1,1,2,0.6666666666666666,open,False,False
147028,37,13,10,2,0.25,closed,False,False
147026,45,32,2,0,0.0,closed,False,False
147025,75,48,5,7,2.3333333333333335,closed,False,False
147024,297,0,1,0,0.0,open,False,False
147023,39,14,3,0,0.0,closed,False,False
147022,116,43,3,6,1.0,closed,False,False
147021,250,16,1,0,0.0,open,False,False
147020,13,1,7,0,0.0,closed,False,False
147019,109,2,33,0,0.0,closed,False,False
147018,45,47,3,0,0.0,closed,False,False
147017,2,1,5,0,0.0,closed,False,False
147016,22,0,1,0,0.0,closed,False,False
147015,1,1,10,0,0.0,closed,False,False
147014,339,12,35,35,1.3461538461538463,open,False,False
147013,0,6,3,0,0.0,closed,False,False
147012,0,9,1,0,0.0,closed,False,False
147010,32,1,3,0,0.0,closed,False,False
147009,17,0,3,0,0.0,closed,False,False
147008,106,18,15,6,0.6,closed,False,False
147007,191,0,4,0,0.0,open,False,False
147006,11,0,9,1,0.3333333333333333,closed,False,False
147005,24,50,3,0,0.0,closed,False,False
147004,0,1246,2,0,0.0,open,False,False
147003,0,14,4,0,0.0,closed,False,False
147000,11,2,3,3,1.5,closed,False,False
146999,1271,100,1,11,11.0,open,False,False
146997,12,24,5,1,0.5,closed,False,False
146996,6,4,3,0,0.0,closed,False,False
146995,10,0,6,0,0.0,closed,False,False
146993,49,57,3,0,0.0,closed,False,False
146992,18,7,8,1,0.16666666666666666,closed,False,False
146991,36,63,3,2,0.10526315789473684,closed,False,False
146989,1416,1452,1,0,0.0,open,False,False
146985,1,1,3,0,0.0,closed,False,False
146984,70,2,3,2,0.5,closed,False,False
146983,90,20,6,6,6.0,open,False,False
146981,3,3,9,2,1.0,closed,False,False
146979,10,30,12,5,0.45454545454545453,closed,False,False
146973,94,22,16,12,0.27906976744186046,closed,False,False
146970,117,104,8,15,1.1538461538461537,open,False,False
146968,1,2,5,0,0.0,closed,False,False
146967,84,1,3,0,0.0,closed,False,False
146966,0,2,19,0,0.0,closed,False,False
146965,27,74,3,0,0.0,closed,False,False
146963,42,60,6,2,2.0,closed,False,False
146962,49,59,2,0,0.0,open,False,False
146961,59,44,3,0,0.0,open,False,False
146960,10,8,2,0,0.0,open,False,False
146958,27,0,3,0,0.0,closed,False,False
146957,13,11,4,4,2.0,closed,False,False
146955,2,5,3,0,0.0,closed,False,False
146954,20,34,6,0,0.0,closed,False,False
146953,1,2,3,0,0.0,closed,False,False
146952,1,5,3,0,0.0,closed,False,False
146950,16,29,2,4,0.3333333333333333,closed,False,False
146949,2,2,4,0,0.0,closed,False,False
146948,4,0,6,0,0.0,closed,False,False
146947,23,2,4,0,0.0,open,False,False
146946,97,0,24,0,0.0,closed,False,False
146943,2,36,6,0,0.0,closed,False,False
146942,1158,85,2,12,0.41379310344827586,open,False,False
146940,4,2,9,0,0.0,closed,False,False
146939,23,16,8,0,0.0,closed,False,False
146937,941,53,2,0,0.0,closed,False,False
146935,12,4,2,0,0.0,open,False,False
146934,1,2,7,0,0.0,closed,False,False
146933,16,6,1,1,0.3333333333333333,open,False,False
146931,23,1,11,0,0.0,closed,False,False
146929,253,12,2,0,0.0,open,False,False
146928,280,56,7,3,0.11538461538461539,open,False,False
146927,141,32,12,5,5.0,closed,False,False
146926,1,1,6,2,1.0,closed,False,False
146925,4,1,14,1,0.3333333333333333,closed,False,False
146924,541,13,3,0,0.0,open,False,False
146923,145,159,5,10,2.5,closed,False,False
146922,59,7,13,2,2.0,closed,False,False
146921,65,6,1,5,0.625,open,False,False
146920,63,6,15,1,0.5,closed,False,False
146919,25,0,4,1,1.0,open,False,False
146918,2,1,3,0,0.0,closed,False,False
146917,54,27,27,6,6.0,closed,False,False
146916,2060,328,2,0,0.0,closed,False,False
146912,62,0,10,0,0.0,closed,False,False
146911,39,36,8,0,0.0,open,False,False
146908,254,194,1,0,0.0,open,False,False
146906,3,3,4,0,0.0,closed,False,False
146905,37,32,6,4,1.0,closed,False,False
146904,11,2,6,5,5.0,closed,False,False
146903,16,16,1,0,0.0,open,False,False
146902,11,11,8,0,0.0,closed,False,False
146899,9,2,8,2,0.6666666666666666,closed,False,False
