57477,4,1,3,0,0.0,open,False,False
57476,10,0,1,0,0.0,open,False,False
57474,269,24,2,0,0.0,open,False,False
57473,1,1,3,0,0.0,closed,False,False
57468,17,5,2,0,0.0,open,False,False
57467,1,1,0,0,0.0,open,False,False
57466,1,1,1,0,0.0,open,False,False
57465,69,187,0,4,1.0,open,False,False
57463,9,5,1,0,0.0,open,False,False
57462,371,163,1,2,2.0,open,False,False
57461,36,0,0,0,0.0,open,False,False
57460,3,3,15,0,0.0,open,False,False
57459,0,4,2,0,0.0,open,False,False
57458,21,1,6,2,2.0,open,False,False
57455,5231,3324,4,0,0.0,open,False,False
57454,2,2,2,0,0.0,open,False,False
57453,2,2,3,0,0.0,open,False,False
57452,52,187,7,1,0.5,open,False,False
57450,74,19,5,0,0.0,open,False,False
57449,28,0,2,2,1.0,open,False,False
57448,37,29,4,1,0.5,open,False,False
57444,7,7,0,0,0.0,open,False,False
57443,2,2,11,0,0.0,closed,True,True
57442,29,6,5,0,0.0,open,False,False
57441,10000,4653,2,0,0.0,closed,False,False
57440,10000,4653,1,0,0.0,closed,False,False
57439,0,0,2,0,0.0,closed,False,False
57438,824,7,6,0,0.0,open,False,False
57437,10,7,7,0,0.0,open,False,False
57433,8,0,1,0,0.0,open,False,False
57432,8,0,0,2,1.0,open,False,False
57429,8400,5379,9,0,0.0,closed,True,True
57427,984,154,9,1,1.0,closed,True,True
57426,3,0,2,5,2.5,closed,True,True
57425,44,4,5,5,2.5,open,False,False
57424,13954,14315,6,0,0.0,closed,True,True
57421,37,8,4,20,4.0,open,False,False
57420,33,5,9,4,1.0,open,False,False
57419,6,31,2,0,0.0,open,False,False
57417,235,213,4,1,0.5,open,False,False
57415,103,80,1,0,0.0,closed,False,False
57413,11,36,2,0,0.0,closed,True,True
57408,0,0,0,0,0.0,closed,False,False
57406,27,5,2,0,0.0,open,False,False
57405,2712,2662,2,0,0.0,closed,False,False
57404,1,0,6,1,1.0,closed,True,True
57402,2,2,6,0,0.0,closed,True,True
57401,10,1,7,1,0.14285714285714285,open,False,False
57400,152,3,1,0,0.0,open,False,False
57397,3,1,7,0,0.0,closed,True,True
57395,24,24,3,0,0.0,closed,True,True
57394,36,0,3,0,0.0,open,False,False
57393,22,0,0,0,0.0,open,False,False
57390,7,8,3,8,4.0,closed,False,False
57389,15,0,1,2,2.0,open,False,False
57388,20,2,7,1,1.0,closed,False,False
57387,1,1,1,0,0.0,closed,True,True
57386,12,6,7,0,0.0,closed,True,True
57384,6,0,3,0,0.0,closed,True,True
57383,1,0,0,0,0.0,closed,False,False
57382,80,50,5,0,0.0,closed,True,True
57381,401,203,7,0,0.0,closed,True,True
57380,331,206,4,0,0.0,closed,True,True
57378,152,1,1,0,0.0,closed,False,False
57377,45,22,10,0,0.0,closed,True,True
57376,55,34,3,4,4.0,closed,True,True
57375,1,0,3,0,0.0,open,False,False
57373,1,0,0,0,0.0,closed,False,False
57372,277,34,3,9,9.0,open,False,False
57371,6317,2415,2,0,0.0,closed,False,False
57370,1018,556,15,5,0.7142857142857143,closed,False,False
57368,34,8,5,0,0.0,closed,False,False
57366,16,11,10,0,0.0,closed,False,False
57365,95,45,11,0,0.0,closed,True,True
57362,34,17,7,4,4.0,closed,True,True
57361,10,663,10,2,2.0,closed,True,True
57359,7,10,10,3,3.0,closed,True,True
57356,127,76,1,0,0.0,closed,False,False
57354,1,1,4,0,0.0,closed,True,True
57353,1,1,2,0,0.0,closed,True,True
57351,2,1,1,3,3.0,open,False,False
57350,22,7,6,0,0.0,closed,True,True
57349,69513,28623,29,0,0.0,closed,True,True
57343,1088,5749,16,14,2.8,open,False,False
57341,5,5,10,0,0.0,closed,True,True
57340,2,6,5,3,3.0,closed,False,False
57339,4,67,5,0,0.0,closed,True,True
57338,5,8,4,0,0.0,closed,True,True
57337,0,33,4,0,0.0,closed,False,False
57336,1,1,3,2,2.0,closed,True,True
57335,4933,11322,15,0,0.0,closed,False,False
57334,4213,2546,7,0,0.0,closed,True,True
57333,1,1,4,0,0.0,closed,True,True
57332,1,0,0,0,0.0,closed,False,False
57330,2,2,7,0,0.0,closed,True,True
57328,1,1,2,0,0.0,closed,True,True
57326,37,36,6,0,0.0,closed,True,True
57325,5,1,5,0,0.0,closed,True,True
57324,81,55,6,0,0.0,open,False,False
57323,248,195,17,0,0.0,closed,False,False
57321,5789,2546,3,0,0.0,closed,False,False
57320,5,0,2,6,3.0,closed,True,True
57319,103,160,5,0,0.0,closed,False,False
57318,49,0,3,7,1.1666666666666667,closed,False,False
57316,1583,567,12,0,0.0,open,False,False
57315,16,20,7,0,0.0,closed,True,True
57314,6,6,12,0,0.0,closed,True,True
57311,3,0,10,5,1.6666666666666667,open,False,False
57310,2,2,5,0,0.0,closed,False,False
57309,3,0,2,0,0.0,closed,True,True
57307,52,44,3,0,0.0,closed,False,False
57306,20,1,1,0,0.0,closed,False,False
57304,295,0,5,17,2.4285714285714284,closed,True,True
57302,8317,14706,3,0,0.0,closed,False,False
57301,5,5,7,0,0.0,closed,True,True
57300,486,306,18,0,0.0,closed,False,False
57299,3,2,3,0,0.0,closed,True,True
57298,68,127,7,0,0.0,open,False,False
57296,37,0,6,2,0.6666666666666666,open,False,False
57292,6,3,4,0,0.0,closed,True,True
57291,1,1,5,0,0.0,closed,False,False
57290,1,1,4,0,0.0,closed,True,True
57289,330,326,7,0,0.0,closed,True,True
57287,34,10,2,0,0.0,closed,True,True
57286,93,16,11,12,0.7058823529411765,open,False,False
57285,1,1,0,0,0.0,closed,False,False
57282,1,0,0,0,0.0,closed,False,False
57280,32,1,4,0,0.0,closed,True,True
57279,43,13,6,0,0.0,closed,True,True
57276,9,0,4,0,0.0,closed,True,True
57274,337,59,15,4,4.0,open,False,False
57273,208,180,13,5,1.6666666666666667,closed,True,True
57271,2,2,3,10,5.0,closed,True,True
57270,519,0,4,1,1.0,open,False,False
57269,1220,2492,3,0,0.0,open,False,False
57268,60,71,3,6,2.0,closed,False,False
57267,4,4,1,0,0.0,open,False,False
57266,41,71,6,0,0.0,closed,False,False
57265,1231,617,5,0,0.0,closed,True,True
57264,134,69,10,0,0.0,closed,False,False
57263,1,1,0,0,0.0,closed,False,False
57262,131,85,5,1,1.0,closed,False,False
57261,124,100,2,1,1.0,closed,True,True
57260,1,1,2,0,0.0,closed,True,True
57259,2,2,2,0,0.0,closed,True,True
57258,1,1,2,0,0.0,closed,True,True
57257,3,3,4,0,0.0,closed,True,True
57256,1,1,2,0,0.0,closed,True,True
57255,4,4,2,0,0.0,closed,True,True
57254,1,1,2,0,0.0,closed,True,True
57253,1,1,2,0,0.0,closed,True,True
57251,2,2,4,0,0.0,closed,True,True
57250,6,5,11,0,0.0,closed,True,True
57249,2,1,4,0,0.0,closed,True,True
57246,6,12,4,0,0.0,closed,True,True
57245,2,0,1,0,0.0,open,False,False
57244,2,0,0,0,0.0,closed,False,False
57241,2,0,3,0,0.0,closed,False,False
57240,0,0,13,0,0.0,closed,False,False
57239,7,1,2,0,0.0,closed,True,True
57238,11,31,6,0,0.0,closed,True,True
57237,8,0,2,2,2.0,closed,True,True
57236,1580,294,5,0,0.0,closed,True,True
57231,1,0,0,0,0.0,closed,False,False
57229,51,1,2,1,1.0,closed,False,False
57228,50,23,6,0,0.0,closed,False,False
57227,16,32,6,2,1.0,closed,True,True
57225,5,0,7,0,0.0,closed,False,False
57224,10,6,5,0,0.0,closed,True,True
57222,196,153,4,0,0.0,closed,True,True
57219,2,0,1,0,0.0,closed,True,True
57218,1,0,0,0,0.0,closed,False,False
57217,4,4,6,0,0.0,closed,True,True
57214,24,13,2,0,0.0,open,False,False
57212,6,1,5,0,0.0,closed,True,True
57211,47,24,7,0,0.0,closed,True,True
57210,1,0,5,0,0.0,closed,True,True
57208,195,153,10,0,0.0,closed,False,False
57207,5175,2313,5,0,0.0,closed,True,True
57204,13,13,1,3,3.0,closed,False,False
57200,5,0,7,0,0.0,open,False,False
57199,43,5,3,3,0.2727272727272727,open,False,False
57198,14,0,6,10,10.0,closed,True,True
57197,1,0,8,0,0.0,closed,False,False
57196,21,0,7,1,0.5,open,False,False
57195,3,0,7,3,1.5,closed,True,True
57193,1,0,4,0,0.0,closed,True,True
57192,45,1,17,13,6.5,closed,True,True
57190,200,157,10,0,0.0,closed,False,False
57189,65,48,7,6,6.0,closed,False,False
57188,33,18,8,0,0.0,closed,False,False
57187,114,48,7,6,3.0,closed,True,True
57185,244,144,7,0,0.0,closed,False,False
57184,61,1,14,9,0.6923076923076923,open,False,False
57183,2,0,2,0,0.0,closed,True,True
57180,59,10,4,0,0.0,closed,True,True
57179,1724,1215,4,0,0.0,closed,True,True
57178,15,13,3,0,0.0,closed,True,True
57177,21,6,6,0,0.0,closed,False,False
57174,3,0,3,0,0.0,closed,False,False
57173,0,1,4,0,0.0,closed,True,True
57171,114,22,22,11,11.0,closed,True,True
57170,748,621,9,6,3.0,closed,False,False
57168,48,3,6,0,0.0,closed,True,True
57167,41,2,4,5,2.5,closed,True,True
57165,449,0,15,9,9.0,open,False,False
57164,573,81,8,1,0.09090909090909091,closed,True,True
57162,5,1,3,2,2.0,closed,True,True
57160,8,2,4,0,0.0,closed,True,True
57158,1,1,1,0,0.0,closed,True,True
57156,0,0,0,0,0.0,closed,False,False
57151,1,0,1,1,1.0,closed,True,True
57150,6,0,1,0,0.0,closed,True,True
57149,4,23,7,2,2.0,closed,True,True
57148,11,19,10,0,0.0,closed,True,True
57147,8,0,3,0,0.0,closed,True,True
57146,440,1,13,31,31.0,closed,True,True
57144,11,10,8,1,1.0,closed,True,True
57142,26,34,10,1,1.0,closed,False,False
57141,1,1,13,0,0.0,closed,True,True
57139,922,43,34,3,3.0,open,False,False
57136,1,1,3,0,0.0,closed,True,True
57135,5,8,4,4,4.0,closed,True,True
57132,10,0,3,0,0.0,open,False,False
57131,5,1,1,0,0.0,open,False,False
57130,2164,131,12,0,0.0,open,False,False
57129,13,2,2,0,0.0,closed,False,False
57128,27,0,8,7,7.0,open,False,False
57126,200,79,7,1,0.5,closed,False,False
57122,42347,26514,10,0,0.0,closed,True,True
57121,68,61,12,0,0.0,closed,False,False
57120,2,2,4,0,0.0,closed,True,True
57119,129,1,4,0,0.0,open,False,False
57116,6,2,0,1,1.0,open,False,False
57115,6,6,7,0,0.0,closed,True,True
57114,299806,111670,45,0,0.0,open,False,False
57110,1,4,12,0,0.0,closed,True,True
57109,10,0,4,2,1.0,closed,False,False
57108,1,0,3,0,0.0,closed,True,True
57107,468,26,14,13,4.333333333333333,closed,True,True
57104,1,1,2,0,0.0,closed,True,True
57103,14,5,6,2,2.0,closed,True,True
57101,685,5,15,0,0.0,closed,False,False
57100,30,19,9,2,0.6666666666666666,closed,True,True
57099,37,34,5,8,8.0,open,False,False
57098,15,2,2,0,0.0,closed,True,True
57097,2,2,1,0,0.0,closed,False,False
57096,13,26,8,5,5.0,closed,True,True
57093,3,2,4,0,0.0,closed,False,False
57092,1,1,3,0,0.0,closed,True,True
57091,1,1,3,0,0.0,closed,True,True
57090,4,4,3,0,0.0,closed,True,True
57089,5,3,3,0,0.0,closed,True,True
57088,42,32,1,0,0.0,closed,False,False
57087,33,7,1,0,0.0,closed,True,True
57086,3,2,4,3,3.0,closed,False,False
57085,49,38,2,0,0.0,closed,True,True
57084,28,12,6,0,0.0,closed,True,True
57083,115,10,4,0,0.0,closed,True,True
57082,2,2,3,0,0.0,closed,False,False
57081,105,81,5,15,1.25,closed,True,True
57080,16,12,5,10,3.3333333333333335,open,False,False
57078,35,28,7,0,0.0,closed,False,False
57076,1,1,4,0,0.0,closed,True,True
57073,7,5,1,13,3.25,closed,True,True
57072,9,83,12,0,0.0,open,False,False
57071,49,1,17,4,1.3333333333333333,open,False,False
57069,14,1,13,31,31.0,closed,True,True
57065,1,0,0,0,0.0,closed,False,False
57064,1,0,4,0,0.0,closed,True,True
57062,49,15,0,4,2.0,open,False,False
57061,976,0,0,0,0.0,closed,False,False
57059,6,3,2,9,9.0,open,False,False
57058,12,9,12,2,2.0,closed,False,False
57056,211,8,7,2,2.0,closed,True,True
57055,83,79,4,3,3.0,closed,False,False
57053,55,1,27,6,0.6666666666666666,closed,False,False
57052,13,4,2,2,0.6666666666666666,closed,False,False
57051,15,8,2,0,0.0,closed,True,True
57049,15,8,1,0,0.0,closed,False,False
57046,3,3,3,0,0.0,closed,True,True
57038,16,55,7,5,0.8333333333333334,open,False,False
57037,48,54,17,6,6.0,closed,True,True
57036,7,1,2,2,2.0,open,False,False
57034,1,0,6,0,0.0,closed,True,True
57031,5,0,8,0,0.0,closed,True,True
57029,2,1,0,3,1.5,open,False,False
57028,16,3,5,0,0.0,closed,True,True
57027,344,160,6,0,0.0,closed,True,True
57026,25,0,10,0,0.0,closed,False,False
57025,1,1,1,0,0.0,closed,False,False
57023,0,314,9,0,0.0,open,False,False
57022,5,5,14,21,4.2,closed,True,True
57021,2,2,4,0,0.0,closed,True,True
57020,11,4,5,0,0.0,closed,True,True
57019,1,1,1,0,0.0,closed,False,False
57018,16,4,6,0,0.0,closed,True,True
57017,53,1,8,11,3.6666666666666665,closed,True,True
57016,1456,6,39,88,44.0,closed,False,False
57015,1,1,1,0,0.0,closed,True,True
57014,1,1,17,0,0.0,closed,True,True
57013,3,0,4,0,0.0,closed,True,True
57012,4,0,7,0,0.0,closed,True,True
57009,111,15,11,7,2.3333333333333335,closed,True,True
57008,11,12,6,0,0.0,closed,True,True
57006,3,2,3,0,0.0,closed,True,True
57005,132275,24561,34,0,0.0,closed,True,True
57004,1,1,2,2,2.0,closed,True,True
57003,23,3,11,2,1.0,open,False,False
57002,4,0,2,0,0.0,open,False,False
57001,10,0,10,0,0.0,closed,True,True
56999,146,113,11,6,1.5,closed,True,True
56998,1,1,1,0,0.0,closed,False,False
56997,14,16,1,0,0.0,closed,True,True
56996,14,2,8,2,2.0,closed,False,False
56995,2,0,3,0,0.0,closed,True,True
56992,19,0,2,0,0.0,closed,True,True
56991,304,37,9,52,4.333333333333333,closed,True,True
56989,15,0,0,0,0.0,closed,False,False
56988,1,1,6,0,0.0,closed,True,True
56986,6,2,6,0,0.0,closed,True,True
56985,11,11,2,0,0.0,closed,True,True
56984,59,2,5,0,0.0,closed,True,True
56983,46,5,8,15,5.0,closed,True,True
56981,1,1,1,0,0.0,closed,False,False
56980,70,60,8,8,8.0,closed,False,False
56979,1,37,4,0,0.0,closed,False,False
56978,25,25,4,0,0.0,closed,True,True
56977,112,46,3,1,1.0,closed,True,True
56972,19,5,6,11,5.5,closed,False,False
56971,2,2,11,0,0.0,closed,False,False
56970,2,1,4,1,1.0,closed,True,True
56969,16,23,2,0,0.0,closed,False,False
56968,14,14,4,0,0.0,closed,True,True
56967,82,97,9,2,2.0,closed,True,True
56966,22,262,10,8,1.3333333333333333,closed,True,True
56965,44,55,9,0,0.0,closed,True,True
56964,28,0,2,0,0.0,closed,True,True
56963,8,5,7,0,0.0,closed,True,True
56962,212,178,19,3,3.0,closed,False,False
56961,12,6,9,0,0.0,closed,True,True
56960,3,4,13,0,0.0,closed,True,True
56959,122187,77288,27,0,0.0,closed,False,False
56955,1,1,7,0,0.0,closed,True,True
56954,62,0,6,2,2.0,closed,True,True
56953,23,0,4,2,1.0,closed,True,True
56950,14,3,6,2,2.0,closed,True,True
56949,2,2,2,0,0.0,closed,True,True
56948,97,0,4,0,0.0,closed,False,False
56943,2,2,5,0,0.0,closed,True,True
56942,25,0,9,1,1.0,closed,True,True
56941,14,12,9,3,0.75,closed,False,False
56936,1,0,1,0,0.0,closed,False,False
56934,140,61,9,7,3.5,open,False,False
56932,145,30,7,0,0.0,closed,False,False
56929,27,21,7,1,0.3333333333333333,open,False,False
56928,5,0,1,3,3.0,closed,True,True
56927,3506,1519,13,0,0.0,closed,False,False
56924,4,10,2,0,0.0,closed,True,True
56923,7,12,1,0,0.0,closed,True,True
56922,41,57,2,2,1.0,closed,True,True
56921,35,42,1,0,0.0,closed,True,True
56920,31,39,3,0,0.0,closed,True,True
56919,580,95,9,37,4.625,closed,False,False
56918,1,0,6,2,2.0,open,False,False
56916,78,25,5,0,0.0,closed,False,False
56915,103,73,4,0,0.0,closed,True,True
56913,0,23,4,0,0.0,closed,True,True
56912,930,180,7,1,0.125,closed,True,True
56911,111,19,7,16,8.0,closed,True,True
56910,42861,37198,8,0,0.0,closed,True,True
56908,10,6,4,0,0.0,closed,True,True
56907,3,7,2,0,0.0,closed,True,True
56906,89,89,14,0,0.0,closed,True,True
56905,14,42,4,0,0.0,closed,False,False
56904,21,18,5,0,0.0,closed,False,False
56903,235,47,17,8,2.0,open,False,False
56901,11,6,4,2,1.0,closed,False,False
56900,1,0,5,0,0.0,closed,True,True
56897,1,1,4,0,0.0,closed,True,True
56895,4,1,3,0,0.0,closed,False,False
56893,2,0,1,0,0.0,closed,True,True
56891,104,54,8,0,0.0,closed,False,False
56889,2,4,2,0,0.0,closed,True,True
56888,55,48,4,0,0.0,closed,True,True
56886,60,45,6,0,0.0,closed,True,True
56885,22,8,7,0,0.0,closed,True,True
56882,58,0,14,9,9.0,closed,True,True
56881,123,7,6,0,0.0,closed,True,True
56880,209,0,2,0,0.0,closed,False,False
56878,51,3,4,0,0.0,closed,True,True
56877,63,9,7,2,2.0,closed,True,True
56876,1,1,7,0,0.0,closed,True,True
56875,534,727,3,0,0.0,closed,False,False
56874,6,6,4,0,0.0,closed,True,True
56873,11,27,5,0,0.0,closed,True,True
56872,112,32,11,35,3.5,closed,True,True
56871,94,104,7,16,2.0,closed,False,False
56870,5,1,5,0,0.0,closed,True,True
56869,130,100,4,0,0.0,closed,True,True
56868,14,14,2,0,0.0,closed,True,True
56867,14,14,3,0,0.0,closed,True,True
56866,2,2,2,0,0.0,closed,True,True
56865,1,1,2,0,0.0,closed,True,True
56864,3,3,3,0,0.0,closed,True,True
56863,1,1,2,0,0.0,closed,True,True
56862,1,1,2,0,0.0,closed,True,True
56861,4,4,2,0,0.0,closed,True,True
56860,2,2,3,0,0.0,closed,True,True
56859,1,1,2,0,0.0,closed,True,True
56858,64,2,7,3,3.0,closed,False,False
56857,1,1,2,0,0.0,closed,False,False
56855,6432,736,9,0,0.0,closed,True,True
56851,2,13,1,0,0.0,open,False,False
56847,48,2,9,6,0.5454545454545454,closed,True,True
56846,13,25,8,0,0.0,closed,True,True
56845,1,1,4,1,1.0,closed,True,True
56844,1,1,1,0,0.0,closed,False,False
56843,1,1,13,0,0.0,closed,True,True
56842,56648,33965,29,0,0.0,closed,False,False
56840,24,22,15,0,0.0,closed,True,True
56835,1,1,1,2,2.0,closed,True,True
56834,9,0,14,3,1.0,open,False,False
56833,259,51,13,0,0.0,closed,True,True
56832,33,23,7,1,1.0,closed,False,False
56831,4,3,5,0,0.0,closed,True,True
56829,24,21,0,0,0.0,open,False,False
56827,1,1,21,0,0.0,open,False,False
56826,2,2,10,0,0.0,closed,True,True
56824,2,2,3,0,0.0,closed,True,True
56823,0,133,5,0,0.0,closed,True,True
56819,12,5,5,0,0.0,closed,True,True
56818,2324,1018,5,0,0.0,closed,True,True
56816,64,18,1,0,0.0,closed,False,False
56815,14,14,3,0,0.0,closed,True,True
56814,2,2,2,0,0.0,closed,True,True
56813,1,0,1,0,0.0,closed,False,False
56812,110,6,4,0,0.0,closed,False,False
56811,6,1,7,1,0.3333333333333333,closed,True,True
56808,9,5,25,1,0.2,closed,True,True
56807,6,1,7,0,0.0,closed,True,True
56805,149,55,16,2,1.0,closed,False,False
56804,1,0,2,0,0.0,closed,True,True
56803,8,0,5,0,0.0,closed,True,True
56800,44200,37732,9,0,0.0,closed,True,True
56799,2,0,4,0,0.0,closed,True,True
56798,37,1,4,5,5.0,closed,True,True
56797,285,392,9,0,0.0,closed,False,False
56795,51,12,5,0,0.0,closed,True,True
56793,516,89,2,0,0.0,closed,True,True
56792,682,669,10,9,1.5,closed,False,False
56791,57,199,10,0,0.0,closed,False,False
56790,15,9,13,0,0.0,closed,True,True
56789,89,89,6,0,0.0,closed,True,True
56788,122,6,7,0,0.0,closed,True,True
56787,214,138,15,1,1.0,closed,True,True
56786,9,4,1,0,0.0,closed,True,True
56785,8,8,6,0,0.0,closed,True,True
56784,0,17,4,0,0.0,closed,True,True
56783,7,4,2,0,0.0,closed,True,True
56782,7,7,14,0,0.0,closed,False,False
56781,3,7,14,0,0.0,closed,True,True
56779,17,2,6,0,0.0,closed,True,True
56778,100,28,11,33,2.357142857142857,open,False,False
56774,66,0,6,0,0.0,open,False,False
56773,34,0,4,0,0.0,closed,False,False
56770,0,0,0,0,0.0,closed,False,False
56769,1,1,3,0,0.0,closed,True,True
56768,2,1,6,0,0.0,closed,True,True
56767,2,0,11,0,0.0,closed,True,True
56765,376,31,13,30,3.0,closed,True,True
56764,20048,17669,7,0,0.0,open,False,False
56763,17,2,4,0,0.0,closed,False,False
56761,30,2,1,2,2.0,open,False,False
56759,422,23,6,5,0.7142857142857143,open,False,False
56757,35,25,4,2,2.0,closed,True,True
56756,48,36,4,0,0.0,closed,True,True
56755,12,24,4,0,0.0,closed,True,True
56753,3,0,3,1,0.5,closed,False,False
56750,14,0,4,0,0.0,closed,True,True
56749,20,21,2,0,0.0,closed,True,True
56748,28,30,6,1,0.5,closed,True,True
56747,3,0,8,0,0.0,closed,False,False
56745,2,0,9,0,0.0,closed,False,False
56742,7,1,6,4,2.0,closed,True,True
56741,24,34,3,0,0.0,open,False,False
56740,1,0,8,0,0.0,closed,True,True
56739,8,8,21,0,0.0,closed,True,True
56738,3,3,7,0,0.0,open,False,False
56736,5,0,4,13,13.0,closed,True,True
56735,61,17,16,12,6.0,closed,True,True
56732,1,0,4,1,1.0,closed,False,False
56730,295836,76855,4,0,0.0,closed,False,False
56729,1,1,0,0,0.0,closed,False,False
56728,1,0,0,0,0.0,closed,False,False
56727,2,0,29,4,4.0,closed,False,False
56724,7,3,2,0,0.0,closed,False,False
56723,18,0,2,0,0.0,closed,True,True
56722,26,30,8,8,8.0,closed,True,True
56721,18,0,2,0,0.0,closed,False,False
56720,1,1,5,0,0.0,closed,True,True
56716,19,21,5,0,0.0,closed,True,True
56715,6,2,10,0,0.0,closed,False,False
56714,505,288,4,8,8.0,closed,True,True
56712,994,643,12,0,0.0,closed,False,False
56711,159528,75434,10,0,0.0,closed,False,False
56709,2,0,0,0,0.0,closed,False,False
56707,13,3,5,0,0.0,closed,True,True
56706,27,0,6,0,0.0,closed,True,True
56705,55,2,9,5,1.6666666666666667,closed,False,False
56704,2,5,2,0,0.0,closed,True,True
56702,1,0,11,0,0.0,closed,True,True
56701,1,1,10,0,0.0,closed,False,False
56700,1,0,13,0,0.0,closed,False,False
56699,74741,57336,43,3,0.013888888888888888,closed,True,True
56698,5,0,6,0,0.0,closed,True,True
56696,64,18,18,7,3.5,closed,False,False
56695,3,1,6,0,0.0,closed,True,True
56689,9,19,7,0,0.0,closed,True,True
56685,3,3,12,0,0.0,closed,True,True
56684,8,6,5,1,0.5,closed,True,True
56683,8,6,4,0,0.0,closed,True,True
56682,1,0,5,0,0.0,closed,True,True
56681,46,2,7,9,1.5,open,False,False
56679,1,1,0,0,0.0,closed,False,False
56678,14,4,2,0,0.0,closed,False,False
56675,0,1,8,0,0.0,closed,True,True
56673,1,3,6,0,0.0,closed,True,True
56671,21,25,22,0,0.0,closed,False,False
56669,32,6,1,3,3.0,open,False,False
56664,116,198,33,7,2.3333333333333335,closed,False,False
56663,16169,11422,19,0,0.0,closed,False,False
56662,5,782,8,15,15.0,closed,False,False
56661,6,6,10,0,0.0,closed,True,True
56659,22,16,1,1,1.0,closed,True,True
56658,41,44,10,0,0.0,closed,False,False
56657,8,4,11,0,0.0,closed,False,False
56655,828,158,10,0,0.0,closed,True,True
56654,3624,2533,9,0,0.0,closed,True,True
56653,1989,1134,16,0,0.0,closed,False,False
56649,10707,10770,10,6,2.0,closed,False,False
56648,60,24,2,4,1.3333333333333333,closed,True,True
56647,13,2,20,0,0.0,closed,False,False
56646,8,5,10,0,0.0,closed,True,True
56643,27,1,12,2,2.0,closed,True,True
56642,12,0,9,0,0.0,closed,True,True
56639,491,48,8,15,15.0,closed,True,True
56638,0,0,1,0,0.0,closed,False,False
56632,15,10,21,0,0.0,closed,True,True
56631,79,12,4,0,0.0,closed,True,True
56630,26,15,4,1,1.0,closed,True,True
56629,846,16,17,21,5.25,closed,True,True
56628,55,20,14,38,7.6,closed,True,True
56626,1,0,0,0,0.0,closed,False,False
56625,4,4,2,9,9.0,open,False,False
56624,622,524,12,0,0.0,closed,True,True
56619,1,3,4,0,0.0,closed,True,True
56618,193,116,0,4,0.6666666666666666,open,False,False
56617,16,0,2,0,0.0,closed,True,True
56616,1582,567,4,0,0.0,closed,True,True
56615,1,1,7,0,0.0,closed,True,True
56614,2,0,2,0,0.0,closed,True,True
56613,1,1,8,0,0.0,closed,True,True
56612,16,2,5,0,0.0,closed,True,True
56610,93,38,7,6,1.5,closed,True,True
56609,152,26,2,0,0.0,closed,False,False
56607,19,34,4,2,2.0,closed,True,True
56605,21,0,14,2,0.5,closed,True,True
56601,59,4,26,20,5.0,closed,False,False
56600,128,0,3,5,2.5,open,False,False
56599,388,9,17,76,76.0,closed,True,True
56598,27,0,2,2,0.6666666666666666,closed,True,True
56595,206,1,9,10,3.3333333333333335,closed,True,True
56592,2,2,5,0,0.0,closed,True,True
56591,44,2,5,4,4.0,closed,True,True
56590,133304,425,24,5,0.8333333333333334,closed,False,False
56589,8,5,2,0,0.0,closed,True,True
56588,1,1,4,0,0.0,closed,True,True
56586,1,1,0,0,0.0,closed,False,False
56585,81,15,7,8,8.0,open,False,False
56584,17,5,7,0,0.0,closed,True,True
56583,1,0,12,0,0.0,closed,True,True
56582,1,1,0,0,0.0,closed,False,False
56580,2,2,7,0,0.0,closed,True,True
56578,1331,154,1,9,3.0,open,False,False
56576,770,681,5,0,0.0,closed,False,False
56574,31,8,10,3,3.0,closed,True,True
56573,26,8,9,9,9.0,closed,False,False
56572,13,3,10,1,1.0,closed,True,True
56571,118,0,2,0,0.0,closed,True,True
56569,396,245,4,0,0.0,closed,True,True
56568,314,301,12,0,0.0,closed,False,False
56567,1403,136,3,0,0.0,closed,True,True
56566,33,396,6,0,0.0,closed,True,True
56565,7,6,4,0,0.0,closed,False,False
56564,1,1,6,2,1.0,closed,False,False
56563,2,2,2,0,0.0,closed,True,True
56562,16,14,4,1,1.0,closed,True,True
56560,2,2,6,0,0.0,closed,True,True
56559,18,0,5,10,10.0,closed,False,False
56556,6,2,2,0,0.0,closed,True,True
56555,219,23,18,18,18.0,closed,False,False
56554,23,4,4,0,0.0,closed,True,True
56553,2,1,1,1,0.5,closed,True,True
56552,6,21,8,0,0.0,closed,True,True
56551,17,0,5,0,0.0,closed,True,True
56549,2,2,5,0,0.0,closed,True,True
56548,1,1,1,0,0.0,open,False,False
56541,1,0,3,0,0.0,closed,True,True
56540,4,4,3,0,0.0,closed,True,True
56539,38,0,13,1,1.0,closed,True,True
56536,6,6,2,0,0.0,closed,False,False
56534,330,49,10,20,5.0,open,False,False
56530,68,9,8,7,1.75,closed,False,False
56529,23,22,3,0,0.0,closed,False,False
56527,1,1,3,3,3.0,closed,True,True
56526,819,412,9,1,0.2,closed,False,False
56525,5,5,1,0,0.0,closed,True,True
56523,15,8,6,0,0.0,closed,True,True
56522,132,81,10,6,1.5,closed,False,False
56521,3,0,3,6,3.0,closed,True,True
56520,2,0,2,0,0.0,closed,True,True
56517,29,6,4,1,1.0,closed,True,True
56514,102,19,1,0,0.0,closed,True,True
56513,1,0,1,0,0.0,closed,True,True
56508,24,16,2,0,0.0,closed,True,True
56507,13,1,1,0,0.0,open,False,False
56506,16,0,3,0,0.0,closed,True,True
56505,72,7,2,0,0.0,closed,True,True
56503,3,0,4,0,0.0,closed,True,True
56502,43,2,4,2,2.0,closed,True,True
56501,2,3,8,2,0.5,closed,True,True
56500,12,0,4,0,0.0,open,False,False
56499,7,4,7,1,0.5,closed,True,True
56496,470,2,40,103,25.75,open,False,False
56494,42460,36716,5,5,0.026595744680851064,closed,False,False
56493,3,1,3,0,0.0,closed,True,True
56491,40,25,19,2,0.5,open,False,False
56490,936,13,7,60,3.5294117647058822,open,False,False
56489,227,36,9,0,0.0,closed,True,True
56488,367,8,6,2,2.0,closed,True,True
56487,74,79,3,9,9.0,open,False,False
56486,3,2,0,8,8.0,closed,False,False
56484,36,34,7,3,3.0,closed,False,False
56483,27,21,8,0,0.0,closed,True,True
56482,92,74,6,4,4.0,closed,False,False
56481,1,1,4,2,1.0,open,False,False
56479,62,0,8,5,5.0,closed,True,True
56473,100,0,0,0,0.0,closed,False,False
56472,0,2,5,0,0.0,closed,False,False
56471,0,2,4,0,0.0,closed,True,True
56470,0,2,3,0,0.0,closed,True,True
56469,104,4,14,18,2.5714285714285716,closed,True,True
56468,2,20318,14,4,4.0,closed,True,True
56467,287,0,41,31,31.0,closed,True,True
56466,5,0,12,0,0.0,closed,True,True
56460,59,11,11,1,1.0,closed,False,False
56459,235,32,9,0,0.0,closed,True,True
56457,15,8,5,6,2.0,closed,False,False
56455,11,5,5,0,0.0,closed,False,False
56454,37,11,7,12,4.0,closed,True,True
56452,12882,3784,45,70,17.5,closed,False,False
56451,12,24,10,1,0.5,open,False,False
56450,3739,1311,15,0,0.0,closed,True,True
56447,10,0,8,0,0.0,closed,True,True
56446,73,40,7,3,3.0,closed,True,True
56445,102,83,5,6,2.0,closed,False,False
56444,1046,597,2,0,0.0,closed,False,False
56443,2597,2597,1,0,0.0,closed,False,False
56442,39,2,3,3,0.75,closed,False,False
56441,50,1,9,4,2.0,closed,True,True
56439,8,29,4,0,0.0,closed,True,True
56438,93,8,17,4,0.4,closed,True,True
56437,23,24,4,0,0.0,closed,True,True
56436,18232,0,4,5,1.6666666666666667,closed,True,True
56434,166,34,8,4,2.0,closed,True,True
56429,0,2,7,0,0.0,closed,True,True
56428,68,4,10,2,0.5,closed,True,True
56427,3,3,1,5,5.0,closed,True,True
56426,29,34,1,0,0.0,closed,True,True
56425,8,14,5,1,1.0,closed,True,True
56421,1054,608,14,12,1.0,closed,False,False
56420,3,2,3,0,0.0,closed,True,True
56419,1,0,4,0,0.0,open,False,False
56417,122,99,8,7,7.0,closed,False,False
56416,96,5,15,10,2.5,closed,False,False
56415,35,0,2,3,1.5,closed,True,True
56414,31,0,0,0,0.0,closed,False,False
56411,1,0,0,0,0.0,closed,False,False
56403,14,10,5,2,1.0,closed,True,True
56402,56,1,9,10,1.25,closed,False,False
56401,3,3,0,0,0.0,open,False,False
56400,110,0,9,2,2.0,closed,False,False
56394,93,1,5,2,2.0,closed,True,True
56392,26,0,3,0,0.0,closed,False,False
56390,42,41,4,0,0.0,closed,True,True
56388,55,30,5,0,0.0,closed,True,True
56387,44,6,3,0,0.0,closed,True,True
56386,502,189,2,0,0.0,closed,False,False
56385,83,6,10,16,16.0,closed,True,True
56383,1,0,0,0,0.0,closed,False,False
56382,57,8,5,5,0.625,closed,True,True
56380,1,1,0,0,0.0,closed,False,False
56379,46,0,2,0,0.0,closed,False,False
56372,412,299,6,0,0.0,closed,True,True
56370,50,3,4,0,0.0,closed,True,True
56369,0,2,3,0,0.0,closed,True,True
56365,0,2,5,0,0.0,closed,True,True
56364,0,2,6,0,0.0,closed,True,True
56361,1,0,0,0,0.0,closed,False,False
56360,16,0,3,0,0.0,closed,False,False
56359,266,9,8,0,0.0,closed,True,True
56358,106,196,11,5,1.6666666666666667,closed,False,False
56353,1,2,1,0,0.0,open,False,False
56352,298,42,10,24,2.0,closed,True,True
56351,9,6,4,0,0.0,closed,False,False
56350,64,114,19,17,17.0,closed,True,True
56349,2,5,5,0,0.0,closed,True,True
56346,34,34,3,0,0.0,closed,True,True
56345,2,2,3,1,0.5,closed,True,True
56344,21,6,7,1,1.0,closed,True,True
56342,2,2,1,0,0.0,closed,True,True
56341,4,0,6,0,0.0,closed,True,True
56339,17,12,4,0,0.0,closed,True,True
56337,2,2,5,0,0.0,closed,True,True
56336,1,0,0,0,0.0,closed,False,False
56335,1406,733,9,0,0.0,closed,True,True
56334,14,16,4,0,0.0,closed,True,True
56333,1020,582,4,0,0.0,open,False,False
56332,680,238,4,0,0.0,closed,True,True
56329,84549,63696,27,0,0.0,closed,True,True
56328,6840,3632,25,1,0.14285714285714285,closed,False,False
56327,2,0,8,0,0.0,closed,True,True
56325,7,2,5,0,0.0,closed,True,True
56318,62,2,2,4,4.0,closed,True,True
56317,1,1,3,0,0.0,closed,True,True
56315,53,29,5,8,4.0,closed,True,True
56314,20,0,3,2,0.6666666666666666,open,False,False
56313,124,8,1,1,1.0,open,False,False
56310,56490,33451,7,0,0.0,closed,True,True
56309,83,367,2,0,0.0,closed,False,False
56307,5,1,3,0,0.0,closed,True,True
56303,35,27,14,4,4.0,closed,True,True
56302,11,8,14,4,1.3333333333333333,closed,True,True
56301,85,3,9,2,2.0,open,False,False
56300,1,2,6,0,0.0,closed,False,False
56299,72,27,6,0,0.0,closed,True,True
56298,55,48,11,5,1.6666666666666667,closed,True,True
56295,8,10,8,0,0.0,closed,True,True
56294,12,1,6,1,1.0,open,False,False
56293,93,78,7,3,1.5,closed,True,True
56292,149,6,11,2,2.0,closed,True,True
56291,86,11,3,3,0.2727272727272727,closed,True,True
56290,28,6,13,0,0.0,open,False,False
56289,2,1,1,0,0.0,closed,False,False
56287,63,10,10,0,0.0,open,False,False
56285,510,66,10,36,12.0,closed,True,True
56284,3,1,2,0,0.0,closed,True,True
56283,9,14,2,0,0.0,closed,True,True
56282,17,12,11,0,0.0,closed,False,False
56278,34,243,10,0,0.0,closed,False,False
56276,2,2,2,0,0.0,closed,True,True
56275,13,0,28,3,1.5,closed,True,True
56274,6414,8837,14,0,0.0,closed,True,True
56273,49,15,9,4,2.0,closed,False,False
56272,1,1,3,0,0.0,closed,True,True
56271,8,0,3,0,0.0,closed,True,True
56266,1,0,7,0,0.0,closed,True,True
56265,4,1,2,0,0.0,closed,True,True
56264,7,0,7,0,0.0,closed,False,False
56259,27,27,5,0,0.0,closed,False,False
56258,7274,6766,4,0,0.0,closed,True,True
56257,68,175,2,0,0.0,closed,False,False
56256,1099,588,4,0,0.0,closed,True,True
56255,39212,24066,5,0,0.0,closed,True,True
56253,626,0,26,79,4.157894736842105,closed,True,True
56251,3,0,16,2,2.0,closed,True,True
56250,16169,11422,11,0,0.0,closed,True,True
56246,1,1,0,0,0.0,open,False,False
56243,2,0,3,0,0.0,closed,False,False
56240,0,2,11,0,0.0,closed,True,True
56239,2,2,6,0,0.0,closed,True,True
56238,5,1,6,0,0.0,closed,True,True
56237,100,19,12,23,23.0,closed,False,False
56235,53,0,3,14,1.4,closed,False,False
56233,1,1,3,0,0.0,closed,True,True
56232,2,5,4,0,0.0,closed,True,True
56231,37,2,18,2,2.0,closed,True,True
56229,125,19,1,1,0.5,closed,True,True
56228,5,4,12,0,0.0,closed,False,False
56226,17744,13127,6,0,0.0,closed,False,False
56225,67,4,4,3,1.0,closed,True,True
56224,69,176,7,0,0.0,closed,True,True
56223,9,12,2,0,0.0,closed,True,True
56222,44,4,15,6,0.8571428571428571,closed,True,True
56220,1,1,10,1,1.0,closed,False,False
56218,1731,1880,9,0,0.0,closed,False,False
56217,0,11,6,0,0.0,closed,True,True
56216,3,3,2,0,0.0,closed,True,True
56215,3,3,1,0,0.0,closed,False,False
56213,38,20,5,19,3.8,closed,True,True
56211,95,10,9,4,4.0,closed,True,True
56209,193,5,3,0,0.0,closed,False,False
56208,364,109,19,0,0.0,closed,False,False
56206,1,1,2,0,0.0,closed,True,True
56205,1355,540,3,0,0.0,closed,True,True
56203,2,2,2,0,0.0,closed,True,True
56201,143,147,9,5,1.6666666666666667,closed,True,True
56200,7,10,2,1,0.25,closed,True,True
56199,48,0,6,18,2.5714285714285716,closed,True,True
56198,1,1,2,0,0.0,closed,True,True
56197,16,23,10,15,15.0,closed,True,True
56196,8,4,1,1,1.0,closed,True,True
56195,84,9,7,0,0.0,closed,True,True
56194,80,48,8,1,0.5,closed,False,False
56191,3,0,10,4,4.0,closed,True,True
56188,55,5,4,9,9.0,closed,True,True
56187,54,3,8,0,0.0,closed,True,True
56186,1,1,2,0,0.0,closed,True,True
56185,37,25,13,19,19.0,closed,True,True
56183,27,2,7,1,0.5,closed,True,True
56182,2,2,5,0,0.0,closed,True,True
56181,1,1,2,0,0.0,closed,True,True
56179,398,291,4,0,0.0,closed,True,True
56178,35,30,3,0,0.0,closed,True,True
56177,17735,13126,4,0,0.0,closed,False,False
56176,0,1,1,0,0.0,closed,True,True
56172,2,1,1,0,0.0,closed,True,True
56166,4,0,1,1,1.0,closed,False,False
56165,2,2,2,0,0.0,closed,True,True
56164,9,17,6,0,0.0,closed,True,True
56162,0,3,12,0,0.0,closed,True,True
56161,5,2,2,0,0.0,closed,True,True
56160,19,13,11,2,1.0,closed,False,False
56158,53,36,7,0,0.0,closed,True,True
56157,0,1,8,0,0.0,closed,True,True
56151,1,10,3,2,2.0,closed,True,True
56148,106,12,13,7,3.5,open,False,False
56147,120,0,28,8,2.0,closed,False,False
56143,169,0,2,19,9.5,open,False,False
56142,95,98,11,0,0.0,closed,False,False
56141,1,1,4,0,0.0,closed,True,True
56138,2,1,17,6,2.0,closed,False,False
56136,193,6,9,0,0.0,closed,True,True
56135,13635,10033,7,0,0.0,closed,True,True
56133,2,2,7,0,0.0,closed,True,True
56132,2,0,3,0,0.0,closed,True,True
56131,170,170,4,0,0.0,closed,True,True
56130,108,22,4,0,0.0,closed,True,True
56128,4,2,5,0,0.0,closed,False,False
56125,3,3,3,0,0.0,closed,True,True
56124,7,0,2,4,4.0,closed,True,True
56123,1,1,2,0,0.0,closed,True,True
56122,59,0,5,0,0.0,closed,True,True
56121,1,0,0,0,0.0,closed,False,False
56120,85,1,7,2,1.0,closed,True,True
56119,30519,31733,17,4,0.034482758620689655,closed,True,True
56117,246,19,22,28,1.5555555555555556,closed,False,False
56114,8,3,4,6,3.0,closed,False,False
56113,166,94,4,3,1.5,closed,False,False
56112,100,2,10,6,3.0,closed,True,True
56111,12,11,8,0,0.0,closed,False,False
56110,42,0,7,6,1.5,closed,True,True
56108,51,2,8,0,0.0,closed,True,True
56106,30,1,8,3,0.5,closed,True,True
56103,1,1,2,0,0.0,closed,True,True
56102,1,1,2,0,0.0,closed,True,True
56101,1,1,2,0,0.0,closed,True,True
56100,2,2,2,0,0.0,closed,True,True
56099,51,76,1,0,0.0,closed,True,True
56098,353,79,7,23,23.0,closed,True,True
56096,20,0,3,0,0.0,open,False,False
56095,25,11,6,0,0.0,closed,True,True
56094,96,37,4,0,0.0,closed,True,True
56093,152,26,9,0,0.0,closed,False,False
56092,86,869,7,0,0.0,closed,True,True
56091,127,3,11,19,19.0,closed,False,False
56088,40,45,7,0,0.0,closed,False,False
56087,92,1,5,0,0.0,closed,True,True
56086,35,34,4,1,1.0,closed,True,True
56085,35,0,7,10,10.0,closed,False,False
56084,20,0,6,0,0.0,closed,True,True
56083,118,112,1,0,0.0,closed,False,False
56082,9,48,4,0,0.0,closed,True,True
56081,3,5,3,0,0.0,closed,True,True
56080,46,27,10,0,0.0,closed,True,True
56079,40,1,10,3,3.0,closed,True,True
56078,23,0,12,4,4.0,closed,False,False
56076,182,100,6,3,3.0,closed,False,False
56075,99,2,9,9,9.0,closed,True,True
56074,505,150,9,0,0.0,closed,True,True
56073,3,0,11,0,0.0,closed,False,False
56072,208,48,6,0,0.0,closed,False,False
56071,7,2,6,0,0.0,closed,True,True
56070,15862,19700,11,0,0.0,closed,True,True
56069,1,1,4,0,0.0,closed,True,True
56068,47,12,19,4,4.0,closed,True,True
56067,10,1,4,0,0.0,closed,True,True
56065,3,35,6,0,0.0,closed,True,True
56063,25,13,22,11,11.0,closed,True,True
56062,27,29,8,3,3.0,closed,True,True
56060,328,55,14,32,6.4,closed,True,True
56059,49,76,5,0,0.0,closed,False,False
56058,93,57,4,0,0.0,closed,True,True
56057,23,0,10,0,0.0,closed,False,False
56055,318,36,9,0,0.0,closed,True,True
56054,118,24,4,5,0.7142857142857143,closed,True,True
56053,0,2,10,0,0.0,closed,True,True
56052,0,2,6,0,0.0,closed,True,True
56051,0,2,6,0,0.0,closed,True,True
56050,9,12,8,0,0.0,closed,True,True
56048,0,2,4,0,0.0,closed,True,True
56047,266,374,3,6,6.0,closed,False,False
56046,0,0,3,0,0.0,closed,True,True
56045,420,268,3,0,0.0,closed,False,False
56043,1,0,2,0,0.0,closed,True,True
56042,0,2,2,0,0.0,closed,True,True
56041,119,39,13,9,3.0,closed,True,True
56040,113955,101990,11,1,0.004484304932735426,closed,False,False
56039,24,18,2,0,0.0,closed,False,False
56038,38,35,2,3,1.0,closed,False,False
56037,31,16,2,0,0.0,closed,False,False
56036,32,22,2,0,0.0,closed,False,False
56035,21,9,2,0,0.0,closed,False,False
56034,10,8,2,0,0.0,closed,False,False
56033,52,46,2,0,0.0,closed,False,False
56032,22,18,2,0,0.0,closed,False,False
56031,38,43,2,0,0.0,closed,False,False
56030,471,562,2,0,0.0,closed,False,False
56029,253,213,2,0,0.0,closed,False,False
56027,21,0,28,23,5.75,closed,False,False
56025,119,104,4,0,0.0,closed,True,True
56024,999,1001,6,0,0.0,closed,False,False
56023,25,1,6,0,0.0,closed,True,True
56022,66,51,10,15,1.25,open,False,False
56019,1,2,3,0,0.0,closed,True,True
56018,2,2,2,0,0.0,closed,True,True
56016,10,0,4,0,0.0,closed,True,True
56015,89,24,4,0,0.0,closed,False,False
56012,21,1,3,2,2.0,closed,True,True
56010,720,0,4,0,0.0,closed,True,True
56009,420,268,3,0,0.0,closed,False,False
56008,1,1,2,0,0.0,closed,True,True
56007,7,6,3,1,0.25,closed,True,True
56003,22,14,4,0,0.0,closed,True,True
56001,77,0,15,8,1.6,closed,True,True
56000,19,0,12,4,4.0,closed,True,True
55999,359,34,5,0,0.0,closed,True,True
55998,2,1,3,0,0.0,closed,True,True
55997,420,268,7,0,0.0,closed,True,True
55996,16,1,8,10,0.9090909090909091,closed,True,True
55995,21,10,5,0,0.0,closed,True,True
55993,10,1,7,5,2.5,closed,True,True
55992,36,0,2,2,1.0,closed,True,True
55991,4,8,1,0,0.0,closed,True,True
55990,4,0,1,0,0.0,closed,True,True
55988,0,2,2,0,0.0,closed,True,True
55986,1088,489,7,2,0.5,closed,False,False
55985,667,0,7,7,7.0,closed,True,True
55982,32,2,6,0,0.0,closed,True,True
55980,6,5,6,0,0.0,closed,True,True
55978,34,31,1,0,0.0,closed,False,False
55977,33,8,4,0,0.0,closed,True,True
55976,6768,8227,4,0,0.0,closed,False,False
55975,4936,4334,4,0,0.0,closed,True,True
55974,50,3,7,0,0.0,closed,False,False
55973,59,46,3,0,0.0,closed,True,True
55971,1449,1222,6,0,0.0,closed,False,False
55970,5,13,3,0,0.0,closed,True,True
55969,75,23,2,2,2.0,closed,False,False
55968,31,22,2,0,0.0,closed,True,True
55967,1,1,1,0,0.0,closed,True,True
55966,83,1,8,0,0.0,closed,True,True
55964,58,4,23,32,2.909090909090909,open,False,False
55963,21,25,5,2,2.0,closed,True,True
55962,10,0,2,0,0.0,closed,True,True
55961,64,36,9,0,0.0,closed,False,False
55960,120,20,9,0,0.0,closed,True,True
55959,9,6,12,6,6.0,closed,True,True
55958,16,17,6,5,2.5,closed,False,False
55957,327,135,6,0,0.0,closed,False,False
55954,2,0,5,0,0.0,closed,False,False
55951,4044,14450,7,0,0.0,closed,True,True
55950,26,8,1,0,0.0,closed,True,True
55947,0,2,5,0,0.0,closed,True,True
55946,230,13,3,4,4.0,closed,True,True
55943,3,6,4,0,0.0,closed,True,True
55942,21,0,6,2,2.0,open,False,False
55941,2,2,1,0,0.0,closed,False,False
55940,42,0,2,0,0.0,closed,True,True
55935,1,0,2,2,2.0,closed,True,True
55934,4,0,4,0,0.0,closed,True,True
55933,4,0,2,0,0.0,closed,False,False
55931,15,21,1,0,0.0,closed,False,False
55930,10,1,4,2,2.0,closed,True,True
55928,4,2,3,2,2.0,closed,True,True
55927,16,14,6,4,1.0,closed,True,True
55923,59,0,2,0,0.0,closed,True,True
55921,48779,21009,5,3,0.05357142857142857,closed,True,True
55920,70,255,1,0,0.0,closed,False,False
55919,70,279,0,0,0.0,closed,False,False
55915,1,5,13,0,0.0,closed,True,True
55912,4,0,4,0,0.0,closed,True,True
55911,5,1,2,8,8.0,closed,False,False
55908,2,1,5,2,1.0,closed,True,True
55907,27,0,6,0,0.0,open,False,False
55906,1,0,1,0,0.0,closed,False,False
55905,27,3,12,5,5.0,closed,False,False
55904,31,34,2,2,0.6666666666666666,closed,True,True
55903,30,5,1,5,2.5,open,False,False
55899,1,1,2,1,1.0,open,False,False
55898,61,61,5,6,6.0,closed,True,True
55897,42,68,4,2,2.0,closed,True,True
55896,41,21,15,0,0.0,open,False,False
55895,4,2,4,0,0.0,closed,True,True
55894,3,4,2,0,0.0,closed,True,True
55892,14,0,6,3,0.6,closed,True,True
55890,23,25,8,0,0.0,closed,True,True
55889,33,9,3,0,0.0,closed,True,True
55887,271,268,1,0,0.0,closed,False,False
55886,15,14,4,0,0.0,closed,False,False
55885,2767,526,2,1,0.5,open,False,False
55884,4,4,6,2,2.0,closed,False,False
55883,3,0,2,0,0.0,closed,True,True
55881,1,0,0,0,0.0,closed,False,False
55880,0,301,6,0,0.0,closed,True,True
55879,14538,5654,13,0,0.0,closed,True,True
55877,206,52,6,1,0.3333333333333333,open,False,False
55876,4,1,3,0,0.0,closed,False,False
55875,3,3,1,0,0.0,closed,True,True
55874,46,10,15,35,1.5217391304347827,open,False,False
55873,46,24,43,0,0.0,closed,True,True
55872,1,0,0,0,0.0,closed,False,False
55868,1,1,1,0,0.0,closed,False,False
55866,76,31,4,0,0.0,closed,True,True
55863,10,4,5,2,2.0,closed,False,False
55862,11,71,5,0,0.0,closed,True,True
55861,88,61,3,14,1.75,open,False,False
55859,2,0,0,0,0.0,closed,False,False
55858,10,0,6,3,3.0,closed,True,True
55857,36,2,3,4,1.3333333333333333,closed,True,True
55856,2,20,3,0,0.0,closed,True,True
55855,14,0,2,0,0.0,closed,True,True
55851,147,201,6,0,0.0,closed,True,True
55850,703,182,5,0,0.0,closed,True,True
55848,29,3,2,0,0.0,open,False,False
55846,2,0,4,0,0.0,closed,True,True
55845,2,0,0,0,0.0,closed,False,False
55844,331,26,17,33,33.0,closed,True,True
55843,30,0,7,2,0.6666666666666666,closed,False,False
55840,75,0,2,5,5.0,open,False,False
55839,1,0,0,0,0.0,closed,False,False
55837,21,0,0,1,0.5,closed,False,False
55836,2,2,2,0,0.0,closed,True,True
55835,17,6,2,2,0.6666666666666666,closed,True,True
55832,4,2,1,0,0.0,closed,True,True
55831,197,197,4,1,0.14285714285714285,closed,True,True
55830,3,0,2,2,1.0,closed,True,True
55828,29,25,10,3,1.5,closed,True,True
55827,0,0,0,0,0,closed,False,False
55825,13,0,1,0,0.0,closed,False,False
55822,3,0,10,0,0.0,closed,False,False
55820,6,7,12,0,0.0,closed,True,True
55819,4,4,5,0,0.0,closed,True,True
55818,6,0,2,0,0.0,closed,True,True
55817,79,23,2,0,0.0,closed,False,False
55816,29,11,13,0,0.0,closed,True,True
55813,29,1,4,0,0.0,closed,True,True
55812,2,2,1,0,0.0,closed,True,True
55811,3,3,11,0,0.0,closed,True,True
55810,2,2,2,0,0.0,closed,True,True
55809,2,3,4,0,0.0,closed,False,False
55807,5,3,1,0,0.0,closed,False,False
55805,12,2,5,0,0.0,closed,False,False
55803,2523,3476,4,0,0.0,closed,True,True
55799,1,0,0,0,0.0,closed,False,False
55798,9,0,3,0,0.0,closed,True,True
55797,93,52,8,6,3.0,closed,True,True
55796,174,0,5,5,1.0,open,False,False
55791,2,9,2,0,0.0,closed,True,True
55790,56,42,2,5,1.6666666666666667,closed,False,False
55789,1,2,5,0,0.0,closed,True,True
55788,20,20,5,0,0.0,closed,True,True
55786,8,0,4,1,1.0,closed,True,True
55785,7,6,6,0,0.0,closed,True,True
55784,7,0,11,0,0.0,closed,False,False
55783,8,0,4,0,0.0,open,False,False
55781,2,0,4,4,4.0,closed,True,True
55780,25,9,9,0,0.0,closed,True,True
55778,78,51,19,3,1.5,closed,False,False
55777,16,1,5,1,1.0,closed,True,True
55775,12,0,2,26,26.0,closed,True,True
55772,0,1,1,2,2.0,closed,True,True
55771,48,0,5,0,0.0,closed,True,True
55769,2,8,2,4,2.0,closed,False,False
55768,80112,58719,10,0,0.0,closed,True,True
55767,4,4,5,0,0.0,closed,False,False
55766,8,0,8,11,3.6666666666666665,closed,True,True
55765,1,1,5,0,0.0,closed,False,False
55758,11,0,5,0,0.0,closed,True,True
55757,52,0,8,0,0.0,closed,True,True
55756,156,4,1,4,4.0,open,False,False
55755,1,1,3,0,0.0,closed,True,True
55753,13,7,13,10,0.9090909090909091,closed,True,True
55752,22,12,10,8,1.6,open,False,False
55751,12,6,2,2,1.0,open,False,False
55750,14,10,6,4,4.0,closed,True,True
55749,46,16,2,2,2.0,open,False,False
55748,16,9,5,0,0.0,open,False,False
55747,4,1,6,0,0.0,closed,False,False
55746,3,0,1,0,0.0,closed,True,True
55745,5,1,3,0,0.0,closed,True,True
55744,27,4,11,1,1.0,closed,True,True
55741,19971,36544,5,1,0.010752688172043012,closed,True,True
55740,12,18,6,0,0.0,closed,True,True
55739,4,3,8,0,0.0,closed,True,True
55738,52,5,6,0,0.0,closed,True,True
55737,9,8,4,0,0.0,closed,True,True
55736,79,0,2,6,3.0,open,False,False
55734,117,0,3,1,1.0,closed,True,True
55732,8,2,7,7,7.0,closed,True,True
55730,83,1,15,8,8.0,closed,False,False
55729,12,27,3,0,0.0,closed,False,False
55728,9,9,9,5,1.6666666666666667,closed,True,True
55727,12,27,2,0,0.0,closed,False,False
55722,199,44,4,6,1.5,closed,False,False
55720,24,25,4,0,0.0,closed,True,True
55719,28,24,5,16,16.0,closed,True,True
55718,42,19,7,4,4.0,closed,True,True
55717,2,1,2,0,0.0,closed,True,True
55716,286,219,1,7,7.0,closed,False,False
55715,19,14,1,1,1.0,closed,True,True
55714,40,1,13,4,4.0,closed,True,True
55711,9,1,5,2,2.0,closed,True,True
55710,3,2,6,0,0.0,closed,True,True
55709,1142,475,7,6,1.5,open,False,False
55708,1,1,11,0,0.0,closed,False,False
55705,18,0,2,0,0.0,closed,False,False
55703,98,2,4,1,1.0,closed,True,True
55700,22,11,3,1,1.0,closed,False,False
55699,280,30,4,0,0.0,closed,True,True
55698,2078,125,26,56,28.0,closed,False,False
55697,199,14,10,12,4.0,closed,True,True
55695,1,1,4,0,0.0,closed,True,True
55694,9,10,1,1,0.5,closed,True,True
55693,1,0,0,0,0.0,closed,False,False
55691,2,0,0,0,0.0,closed,False,False
55690,119,0,12,52,10.4,closed,True,True
55689,235,458,4,0,0.0,closed,True,True
55688,16,16,2,0,0.0,closed,True,True
55687,12,12,2,0,0.0,closed,True,True
55686,3,3,2,0,0.0,closed,True,True
55685,4,4,2,0,0.0,closed,True,True
55684,1,1,2,0,0.0,closed,True,True
55683,39,39,2,0,0.0,closed,True,True
55682,1,1,2,0,0.0,closed,True,True
55681,1074,121,8,1,0.3333333333333333,closed,False,False
55680,205,439,2,0,0.0,closed,False,False
55679,4,38,6,0,0.0,closed,True,True
55676,46,65,7,0,0.0,closed,True,True
55654,56,54,2,9,0.9,closed,True,True
55633,129,25,15,55,55.0,closed,False,False
55629,1,2,5,0,0.0,closed,True,True
55626,89,61,5,6,2.0,closed,True,True
55625,19,5,1,0,0.0,closed,True,True
55623,45,19,7,4,4.0,closed,True,True
55622,68,0,5,0,0.0,closed,True,True
55620,71,5,11,2,1.0,closed,True,True
55619,13,7,2,0,0.0,closed,True,True
55618,503,94,13,4,1.0,closed,True,True
55617,20,26,4,0,0.0,closed,True,True
55616,5,1,1,0,0.0,closed,True,True
55614,46,18,9,7,1.75,closed,False,False
55613,660,3056,2,0,0.0,closed,False,False
55611,1,1,2,0,0.0,closed,True,True
55610,23,27,8,0,0.0,closed,True,True
55607,1,0,2,0,0.0,closed,True,True
55606,5,2,3,0,0.0,closed,True,True
55605,16,32,10,3,1.0,closed,True,True
55604,365,26,20,6,1.2,closed,True,True
55602,147,28,12,9,1.0,closed,True,True
55601,112,49,4,0,0.0,closed,True,True
55597,7,6,1,0,0.0,closed,True,True
55591,13,1,7,0,0.0,closed,True,True
55590,129,105,9,0,0.0,closed,True,True
55589,194,6,16,28,28.0,closed,True,True
55586,57,0,6,0,0.0,closed,True,True
55581,32,38,7,0,0.0,closed,True,True
55579,15,6,2,5,1.6666666666666667,open,False,False
55578,24,33,13,2,2.0,closed,True,True
55575,1,1,2,0,0.0,closed,True,True
55571,37,21,4,0,0.0,closed,True,True
55570,0,1,4,0,0.0,closed,True,True
55567,59,1,4,0,0.0,closed,True,True
55565,184,1,8,7,1.4,closed,True,True
55563,1,1,5,0,0.0,closed,True,True
55562,2,1,1,1,0.5,closed,True,True
55561,41,0,14,7,3.5,closed,False,False
55560,17,17,5,0,0.0,closed,True,True
55559,6139,6129,5,0,0.0,closed,True,True
55558,18,12,5,0,0.0,closed,True,True
55557,5693,2785,5,0,0.0,closed,True,True
55553,6,3,9,1,1.0,closed,True,True
55552,20,21,11,4,4.0,closed,True,True
55551,42422,16007,4,0,0.0,closed,True,True
55549,5,4,3,2,2.0,closed,True,True
55548,10,52,7,2,2.0,closed,True,True
55547,20,1,5,0,0.0,closed,True,True
55545,57,1,5,4,4.0,closed,True,True
55544,17,11,3,1,1.0,closed,True,True
55543,4,13,8,0,0.0,closed,True,True
55542,24,0,1,0,0.0,closed,False,False
55536,6,6,8,0,0.0,closed,True,True
55534,15,0,2,11,11.0,closed,True,True
55531,2,0,4,0,0.0,closed,False,False
55530,1,5,1,0,0.0,closed,True,True
55529,10,1,3,0,0.0,closed,True,True
55527,20,237,14,0,0.0,closed,True,True
55526,15,0,3,0,0.0,closed,False,False
55524,2,2,13,0,0.0,closed,False,False
55523,1,0,0,0,0.0,closed,False,False
55522,3,3,2,0,0.0,closed,False,False
55521,4,9,5,0,0.0,closed,True,True
55520,40,11,9,9,3.0,closed,True,True
55514,27,2,10,4,1.0,closed,True,True
55513,49137,48074,3,0,0.0,closed,True,True
55512,28,2,5,0,0.0,closed,True,True
55507,29,3,1,0,0.0,closed,True,True
55506,248,236,6,4,1.3333333333333333,closed,True,True
55504,43,10,5,0,0.0,closed,True,True
55503,536,381,8,0,0.0,closed,True,True
55502,152,4,10,0,0.0,closed,True,True
55501,2,8,3,0,0.0,closed,True,True
55499,27,0,0,0,0.0,closed,False,False
55498,26,0,4,2,1.0,open,False,False
55497,3,3,2,0,0.0,closed,False,False
55496,48,3,9,1,1.0,closed,True,True
55495,6,2,7,1,1.0,closed,True,True
55493,26,0,4,7,3.5,closed,True,True
55492,68,18,15,20,20.0,open,False,False
55491,5,10,4,0,0.0,closed,True,True
55489,119,35,16,17,8.5,closed,True,True
55486,4,11,3,0,0.0,closed,True,True
55485,0,0,1,2,0,closed,False,False
55484,51,2,14,0,0.0,closed,False,False
55481,3,1,5,3,3.0,open,False,False
55478,2,0,6,0,0.0,open,False,False
55477,6,4,3,0,0.0,closed,True,True
55476,120,77,13,12,6.0,closed,True,True
55474,31,16,10,0,0.0,closed,True,True
55473,4,2,8,0,0.0,closed,True,True
55472,21,29,5,1,1.0,closed,True,True
55471,29,3,7,0,0.0,closed,True,True
55470,1519,2225,2,0,0.0,closed,True,True
55467,4,0,10,2,2.0,closed,True,True
55466,253,94,2,0,0.0,closed,False,False
55465,16,1,3,0,0.0,closed,True,True
55464,8,1,7,0,0.0,closed,True,True
55463,41,29,4,0,0.0,closed,True,True
55462,0,6,1,0,0.0,closed,True,True
55461,47,95,17,28,28.0,closed,True,True
55460,66,2,21,0,0.0,closed,True,True
55458,25,28,14,8,1.6,closed,True,True
55457,27,1,11,2,1.0,closed,True,True
55456,1,0,0,0,0.0,open,False,False
55454,2,2,5,0,0.0,closed,True,True
55453,30,27,5,0,0.0,closed,True,True
55450,18,0,4,2,1.0,closed,True,True
55445,47,13,5,0,0.0,closed,False,False
55444,2,269,5,0,0.0,closed,True,True
55442,50,35,4,0,0.0,closed,True,True
55441,5,13,3,0,0.0,closed,True,True
55440,5,20,8,0,0.0,closed,True,True
55439,1,0,1,0,0.0,closed,True,True
55438,6,0,12,0,0.0,closed,True,True
55436,51,54,3,3,1.5,closed,False,False
55435,2,4,3,2,1.0,closed,False,False
55434,2,3,6,5,1.25,closed,True,True
55432,150,16,2,7,3.5,closed,True,True
55430,31,28,7,4,1.3333333333333333,closed,True,True
55427,707,471,6,0,0.0,closed,True,True
55426,1,0,3,0,0.0,closed,True,True
55425,1,0,3,0,0.0,closed,True,True
55423,1,1,4,0,0.0,closed,True,True
55421,39,1,2,0,0.0,closed,False,False
55420,2,3,4,0,0.0,closed,True,True
55415,2,2,1,0,0.0,closed,False,False
55414,71,186,23,0,0.0,closed,True,True
55412,516,151,40,51,1.7586206896551724,closed,True,True
55409,0,13,3,0,0.0,closed,True,True
55408,156,9,12,16,16.0,closed,True,True
55407,17,22,10,23,4.6,closed,True,True
55406,50,0,8,8,4.0,closed,True,True
55404,78,12,21,10,2.0,closed,True,True
55403,141,3,13,11,11.0,closed,True,True
55402,0,0,1,0,0.0,closed,False,False
55401,8,3,5,0,0.0,closed,True,True
55399,5,9,3,0,0.0,closed,False,False
55398,5,8,11,4,2.0,closed,False,False
55397,41,12,11,5,1.25,closed,True,True
55394,54,1,13,0,0.0,open,False,False
55393,0,102,4,0,0.0,closed,True,True
55392,11,1,5,0,0.0,closed,True,True
55389,145,9,1,0,0.0,closed,False,False
55388,145,9,3,0,0.0,closed,False,False
55387,1,1,5,2,2.0,closed,True,True
55385,81,29,7,2,1.0,closed,False,False
55381,2,2,2,0,0.0,closed,True,True
55379,27252,23972,4,0,0.0,closed,True,True
55378,16,0,7,11,3.6666666666666665,closed,True,True
55377,30,3,4,0,0.0,closed,True,True
55375,22,0,9,8,1.6,closed,True,True
55373,17,8,3,0,0.0,closed,True,True
55371,234,2,8,0,0.0,closed,True,True
55370,27880,25032,2,0,0.0,closed,False,False
55369,12736,17952,3,0,0.0,closed,True,True
55368,467,375,8,7,7.0,closed,True,True
55365,11,4,7,1,0.5,closed,True,True
55362,439,340,17,4,1.0,closed,True,True
55361,3,3,3,0,0.0,closed,True,True
55359,33,2,7,3,3.0,closed,True,True
55358,1,0,1,0,0.0,closed,False,False
55356,30,2,4,0,0.0,closed,True,True
55355,792,754,1,1,1.0,closed,False,False
55354,145,9,8,22,1.8333333333333333,closed,True,True
55353,2,2,7,2,1.0,closed,True,True
55349,3,0,2,0,0.0,closed,True,True
55348,76,76,7,0,0.0,closed,True,True
55344,0,3,3,0,0.0,closed,True,True
55343,69942,10747,23,0,0.0,closed,True,True
55341,217,217,5,10,2.5,open,False,False
55339,1,53,17,0,0.0,closed,True,True
55338,530,55,25,1,1.0,closed,True,True
55337,47,14,6,4,4.0,open,False,False
55336,1,0,0,0,0.0,closed,False,False
55335,127,20,2,7,2.3333333333333335,closed,True,True
55334,6,8,2,1,0.5,closed,True,True
55333,9,13,15,5,5.0,closed,True,True
55332,24,1,11,0,0.0,closed,True,True
55331,2,0,2,3,3.0,closed,True,True
55329,1528,608,16,0,0.0,closed,True,True
55327,1,1,3,0,0.0,closed,False,False
55324,252,256,5,0,0.0,closed,True,True
55323,28,25,11,6,2.0,closed,True,True
55322,9,0,6,3,0.75,closed,True,True
55321,39,33,5,0,0.0,closed,True,True
55320,17,12,16,0,0.0,closed,True,True
55318,38,0,4,0,0.0,closed,True,True
55317,89,24,11,5,5.0,closed,True,True
55316,47,30,6,11,11.0,closed,True,True
55315,1385,537,1,0,0.0,closed,False,False
55314,94,0,1,0,0.0,closed,False,False
55313,48,0,1,0,0.0,closed,False,False
55312,62,26,16,3,3.0,closed,True,True
55309,105,0,1,0,0.0,closed,False,False
55306,1,0,1,0,0.0,closed,True,True
55304,1,1,4,0,0.0,closed,True,True
55303,1,0,1,0,0.0,closed,False,False
55300,2,2,3,0,0.0,closed,True,True
55298,159,2,10,7,0.875,open,False,False
55297,75,4,4,0,0.0,closed,True,True
55296,28,27,10,2,2.0,closed,False,False
55295,1,1,4,3,3.0,closed,True,True
55294,20,20,1,0,0.0,open,False,False
55291,1,0,6,0,0.0,closed,True,True
55290,3,5,2,0,0.0,closed,True,True
55287,2,2,12,3,3.0,closed,True,True
55286,108,31,11,4,2.0,closed,True,True
55284,9,0,2,7,2.3333333333333335,closed,True,True
55283,0,847,5,0,0.0,closed,False,False
55282,358,88,42,27,27.0,closed,True,True
55279,136,2,4,11,1.2222222222222223,closed,False,False
55276,33,70,6,0,0.0,closed,True,True
55275,212,2,16,19,1.2666666666666666,closed,True,True
55274,5,0,10,0,0.0,closed,False,False
55273,9,0,8,0,0.0,closed,True,True
55271,1,0,0,0,0.0,closed,False,False
55270,82,4,39,9,9.0,closed,True,True
55269,1,1,5,0,0.0,closed,False,False
55268,2804,546,13,10,1.4285714285714286,closed,False,False
55266,229,24600,26,0,0.0,closed,True,True
55265,8,0,3,0,0.0,closed,False,False
55264,91,45,9,0,0.0,closed,False,False
55263,8,0,3,0,0.0,closed,True,True
55262,415,59,11,0,0.0,closed,True,True
55261,5,2,6,9,9.0,closed,True,True
55260,12,22,7,0,0.0,closed,True,True
55259,10,39,4,0,0.0,closed,False,False
55258,1,0,0,0,0.0,closed,False,False
55257,328,14,3,0,0.0,closed,True,True
55256,75,107,8,0,0.0,open,False,False
55255,43927,1054,8,0,0.0,closed,True,True
55254,4,8,5,1,0.5,closed,True,True
55250,34,5,7,0,0.0,closed,True,True
55249,11,11,7,0,0.0,closed,True,True
55248,33,15,1,0,0.0,closed,True,True
55247,12,7,1,0,0.0,closed,True,True
55246,1,0,0,0,0.0,closed,False,False
55245,3,1,2,3,3.0,closed,True,True
55244,157,12,14,0,0.0,closed,True,True
55243,11,16,7,0,0.0,closed,True,True
55242,5,3,2,0,0.0,closed,True,True
55241,56,0,13,8,8.0,closed,True,True
55239,4,6,16,0,0.0,closed,True,True
55238,16,17,5,0,0.0,closed,True,True
55235,1,1,2,0,0.0,closed,False,False
55234,120,0,5,14,14.0,closed,True,True
55233,2,0,1,0,0.0,closed,False,False
55232,2,0,0,0,0.0,closed,False,False
55231,17,1,11,14,3.5,closed,True,True
55230,12,12,3,0,0.0,closed,True,True
55229,407,71,12,72,1.945945945945946,closed,False,False
55228,53,1,17,11,3.6666666666666665,closed,True,True
55227,50,38,1,0,0.0,closed,True,True
55226,1,0,4,0,0.0,closed,True,True
55225,8,8,6,0,0.0,closed,True,True
55224,39,39,2,0,0.0,closed,True,True
55223,12,12,2,0,0.0,closed,True,True
55222,3,3,2,0,0.0,closed,True,True
55221,1,1,2,0,0.0,closed,True,True
55220,1,1,2,0,0.0,closed,True,True
55219,1,1,2,0,0.0,closed,True,True
55218,128,83,6,9,3.0,closed,True,True
55217,927,143,40,1,0.1,closed,False,False
55215,44,22,4,0,0.0,open,False,False
55213,11,3,4,0,0.0,closed,False,False
55212,7,0,5,1,0.3333333333333333,closed,True,True
55210,6,0,3,0,0.0,closed,True,True
55209,93,391,9,1,0.5,closed,False,False
55207,29,8,6,6,6.0,closed,True,True
55206,1,9,5,1,1.0,closed,True,True
55205,14,3,5,0,0.0,closed,True,True
55204,158,260,11,41,41.0,open,False,False
55202,59,0,16,1,1.0,closed,False,False
55201,32,296,26,0,0.0,open,False,False
55200,1,1,3,0,0.0,closed,True,True
55199,6,1,3,1,1.0,closed,True,True
55197,2053,2,6,4,4.0,closed,True,True
55196,9,10,1,0,0.0,closed,False,False
55195,40,2,3,0,0.0,closed,False,False
55194,633,150,13,0,0.0,open,False,False
55193,39,4,1,0,0.0,closed,False,False
55192,25,3,10,0,0.0,closed,True,True
55191,8,8,4,0,0.0,closed,True,True
55190,68,12,1,0,0.0,closed,False,False
55188,1,1,4,0,0.0,closed,False,False
55187,14,0,4,11,11.0,closed,False,False
55186,1,0,4,0,0.0,closed,True,True
55185,1,0,2,0,0.0,open,False,False
55184,4435,1607,7,0,0.0,closed,False,False
55183,0,428,4,0,0.0,closed,False,False
55182,1,0,2,0,0.0,closed,True,True
55180,314,0,1,0,0.0,closed,False,False
55179,1,1,4,0,0.0,closed,True,True
55178,58,14,5,6,6.0,closed,False,False
55177,5,0,1,0,0.0,open,False,False
55176,16,174,5,0,0.0,closed,False,False
55175,16,3,17,3,1.0,closed,True,True
55174,25,20,6,5,1.25,closed,False,False
55173,43,30,4,5,2.5,closed,False,False
55172,1,1,4,0,0.0,closed,True,True
55171,76,41,12,19,19.0,closed,True,True
55170,43000,11056,25,0,0.0,closed,True,True
55167,2,2,6,0,0.0,closed,False,False
55166,2,0,1,0,0.0,closed,True,True
55165,1,1,4,0,0.0,closed,True,True
55163,1,1,2,0,0.0,closed,False,False
55162,17,4,9,4,2.0,closed,False,False
55161,176,36,11,0,0.0,closed,True,True
55160,141,126,6,0,0.0,closed,True,True
55159,1,0,2,0,0.0,closed,True,True
55158,57,36,3,5,1.0,closed,True,True
55157,2,0,6,0,0.0,closed,False,False
55156,2,389,7,1,0.5,closed,True,True
55155,287,219,6,0,0.0,closed,True,True
55153,4,7,6,0,0.0,closed,True,True
55151,79,38,4,0,0.0,closed,True,True
55150,11,2,9,0,0.0,closed,True,True
55149,0,6,2,0,0.0,closed,True,True
55148,73,0,8,4,2.0,closed,True,True
55146,3,1,7,3,3.0,closed,False,False
55144,2,4,1,0,0.0,closed,True,True
55143,6,3,4,0,0.0,closed,True,True
55142,1,1,5,0,0.0,closed,True,True
55141,8,0,5,0,0.0,closed,True,True
55138,15,0,3,0,0.0,closed,True,True
55135,1,1,3,0,0.0,closed,True,True
55134,60,5,2,0,0.0,closed,True,True
55133,4,0,4,0,0.0,open,False,False
55131,9,9,2,0,0.0,closed,True,True
55126,44,1,9,4,0.6666666666666666,closed,True,True
55125,274,344,12,8,0.6666666666666666,closed,True,True
55124,1,0,2,1,0.5,closed,True,True
55123,83,74,4,0,0.0,closed,True,True
55121,307,23,12,4,1.0,closed,False,False
55119,2,8,7,1,1.0,closed,True,True
55117,1,1,3,0,0.0,closed,True,True
55116,11,3,7,18,18.0,closed,True,True
55115,11,22,13,0,0.0,closed,True,True
55114,3603,1388,26,0,0.0,closed,False,False
55112,3,3,5,0,0.0,closed,True,True
55111,0,3,4,0,0.0,closed,True,True
55110,216,193,5,2,1.0,closed,False,False
55108,255,254,9,4,4.0,closed,True,True
55104,83,78,7,7,7.0,closed,False,False
55102,40,0,4,11,3.6666666666666665,closed,True,True
55101,499,269,10,0,0.0,closed,True,True
55099,74,4,6,1,1.0,closed,True,True
55098,2,2,8,3,1.0,closed,True,True
55096,243,7,13,10,3.3333333333333335,closed,True,True
55095,124,0,3,2,2.0,closed,False,False
55093,69,69,4,0,0.0,closed,True,True
55089,16,0,8,3,1.0,closed,True,True
55088,15,8,5,1,0.5,closed,True,True
55087,1,1,5,0,0.0,closed,True,True
55086,2,0,4,0,0.0,closed,False,False
55085,135,68,29,12,4.0,closed,True,True
55084,4,2,1,1,0.5,closed,True,True
55083,11,1,4,0,0.0,closed,True,True
55082,4,4,5,0,0.0,closed,True,True
55081,55,8,7,3,3.0,closed,True,True
55079,0,2,7,0,0.0,closed,True,True
55076,10,10,8,0,0.0,closed,False,False
55072,4,4,6,0,0.0,closed,True,True
55071,12,10,17,3,0.6,closed,True,True
55070,1,1,4,0,0.0,closed,False,False
55069,0,25636,1,0,0.0,closed,False,False
55068,182,200,4,11,3.6666666666666665,closed,False,False
55067,20,0,6,7,7.0,closed,True,True
55066,17,17,6,2,1.0,closed,True,True
55065,31,31,5,2,2.0,closed,True,True
55064,25,25,5,1,1.0,closed,True,True
55063,44,44,10,2,1.0,closed,True,True
55061,11,11,4,16,2.0,closed,True,True
55059,13,0,7,0,0.0,closed,False,False
55058,5,4,5,0,0.0,closed,True,True
55057,3,3,10,0,0.0,closed,False,False
55056,1,1,7,0,0.0,closed,True,True
55055,27,0,7,7,7.0,closed,True,True
55052,188,22,6,0,0.0,closed,False,False
55051,19,8,14,15,15.0,closed,True,True
55050,1,6,6,0,0.0,closed,True,True
55048,3,10,5,0,0.0,closed,False,False
55047,32,58,2,4,4.0,closed,False,False
55045,228,121,12,3,3.0,closed,True,True
55044,177,301,15,24,24.0,closed,True,True
55043,19,3,1,2,2.0,closed,True,True
55042,9,11,1,0,0.0,closed,True,True
55041,79,20,5,0,0.0,closed,True,True
55040,213,0,5,0,0.0,closed,True,True
55039,62,26,6,6,3.0,closed,False,False
55038,1,1,5,0,0.0,closed,True,True
55037,33,0,9,1,1.0,closed,True,True
55036,8,20,5,0,0.0,closed,True,True
55035,5,41,9,0,0.0,closed,True,True
55034,4,102,3,0,0.0,closed,False,False
55033,46,4,10,4,4.0,closed,True,True
55032,3,0,6,0,0.0,open,False,False
55031,0,0,0,0,0.0,closed,False,False
55030,12,8,6,0,0.0,closed,True,True
55029,405,328,5,0,0.0,closed,True,True
55028,151,88,4,5,2.5,closed,True,True
55027,4,2,3,0,0.0,open,False,False
55026,1,1,4,0,0.0,closed,True,True
55025,3,1,9,1,0.5,closed,False,False
55024,5,1,4,0,0.0,closed,True,True
55022,13,0,1,0,0.0,closed,True,True
55021,5,2,2,2,2.0,closed,True,True
55020,4,141,11,0,0.0,closed,True,True
55019,8,4,7,3,3.0,closed,True,True
55018,10,4,4,3,3.0,closed,False,False
55017,13,9,17,1,0.5,closed,True,True
55016,19,10,5,0,0.0,closed,True,True
55015,55,55,8,3,3.0,closed,True,True
55014,28861,14671,38,0,0.0,closed,False,False
55013,7,5,7,0,0.0,closed,True,True
55006,12,6,11,9,2.25,closed,True,True
55004,16,17,6,0,0.0,closed,True,True
55003,26,46,4,2,0.6666666666666666,closed,True,True
54999,4,4,7,0,0.0,closed,True,True
54997,3,0,5,1,0.5,closed,False,False
54995,7,0,7,4,0.036036036036036036,closed,False,False
54994,311,15,8,0,0.0,closed,True,True
54993,19,46,6,0,0.0,closed,True,True
54992,58,35,3,4,4.0,closed,False,False
54990,11,31,29,4,4.0,closed,True,True
54989,525,473,10,0,0.0,closed,False,False
54988,2,2,2,0,0.0,closed,True,True
54987,20,43,9,1,1.0,closed,True,True
54986,2,3,2,0,0.0,closed,True,True
54985,4,2,2,0,0.0,closed,False,False
54984,1,17,1,0,0.0,closed,True,True
54983,1,1,2,0,0.0,closed,True,True
54982,9,9,2,0,0.0,closed,True,True
54980,14,1,5,0,0.0,closed,True,True
54979,12,2,3,0,0.0,closed,True,True
54978,7,9,6,0,0.0,closed,False,False
54977,5,4,5,0,0.0,closed,True,True
54976,0,2,5,0,0.0,closed,True,True
54975,1,0,1,0,0.0,closed,False,False
54972,9,9,4,0,0.0,closed,True,True
54971,252,29,11,8,2.6666666666666665,closed,False,False
54970,2,2,5,0,0.0,closed,True,True
54969,1,1,2,0,0.0,closed,True,True
54968,13,37,10,2,1.0,closed,True,True
54967,16,15,3,0,0.0,closed,True,True
54966,12997,415419,14,16,0.09876543209876543,closed,True,True
54965,39,11,19,10,5.0,closed,False,False
54963,5,6,4,1,1.0,closed,False,False
54959,3,2,5,0,0.0,closed,True,True
54958,29,50,3,0,0.0,closed,False,False
54957,12,29,10,2,2.0,closed,True,True
54956,6,8,5,0,0.0,closed,False,False
54954,2,1,0,0,0.0,closed,False,False
54953,293,6,6,20,20.0,closed,False,False
54952,29,1,7,0,0.0,closed,True,True
54951,230,46,1,0,0.0,closed,True,True
54950,13,19,6,0,0.0,closed,True,True
54949,180,36,8,0,0.0,closed,True,True
54947,3,25,4,4,4.0,closed,False,False
54946,1,0,0,0,0.0,closed,False,False
54943,43,14,5,0,0.0,closed,False,False
54942,0,1,7,0,0.0,closed,True,True
54939,0,10,9,0,0.0,closed,True,True
54937,6,5,4,0,0.0,closed,False,False
54936,11,21,4,0,0.0,closed,False,False
54935,4,10,4,0,0.0,closed,True,True
54934,66,54,5,7,2.3333333333333335,closed,False,False
54933,147,8,17,18,9.0,closed,False,False
54929,101,0,29,17,17.0,closed,True,True
54928,1,1,2,0,0.0,closed,True,True
54927,39,3,11,3,3.0,closed,True,True
54926,5,1,4,0,0.0,closed,True,True
54925,29,5,4,0,0.0,closed,True,True
54922,2,2,3,0,0.0,closed,True,True
54920,5,0,0,0,0.0,closed,False,False
54917,2,2,4,0,0.0,closed,True,True
54915,13,90,3,0,0.0,closed,False,False
54913,179,103,21,23,11.5,open,False,False
54912,0,0,1,0,0.0,closed,False,False
54911,492,262,13,3,3.0,closed,False,False
54909,17,4,5,0,0.0,closed,True,True
54908,0,0,2,3,0,closed,False,False
54906,28,1,5,2,2.0,closed,True,True
54904,166,0,5,27,27.0,closed,True,True
54903,11,4,9,3,1.5,closed,True,True
54902,8,8,10,0,0.0,closed,True,True
54900,2,2,5,9,9.0,closed,True,True
54899,14,11,2,2,1.0,closed,True,True
54897,97,0,4,18,18.0,closed,True,True
54896,20,1,29,2,1.0,closed,True,True
54895,91373,30101,3,0,0.0,closed,False,False
54894,2,0,1,0,0.0,closed,False,False
54893,19,55,2,0,0.0,closed,False,False
54892,22,35,10,0,0.0,closed,True,True
54891,55,11,1,0,0.0,closed,False,False
54890,0,3,10,0,0.0,closed,True,True
54889,16,30,8,0,0.0,closed,True,True
54888,37,27,12,5,1.6666666666666667,closed,True,True
54886,1,1,3,0,0.0,closed,True,True
54884,37,20,7,0,0.0,closed,True,True
54883,190,7,12,0,0.0,closed,True,True
54881,46,48,7,0,0.0,closed,True,True
54880,31,12,19,3,3.0,closed,True,True
54879,9,48,9,0,0.0,closed,False,False
54878,55,6,15,4,4.0,closed,True,True
54877,118,0,3,0,0.0,closed,True,True
54876,26,57,9,0,0.0,closed,True,True
54875,39,2,10,0,0.0,closed,True,True
54873,47,21,21,18,4.5,closed,True,True
54872,21,18,3,0,0.0,closed,True,True
54870,59,75,0,0,0.0,closed,False,False
54869,32,9,24,6,1.0,closed,True,True
54868,15,2,9,3,3.0,closed,True,True
54866,1,1,3,0,0.0,closed,True,True
54865,38,7,13,3,1.5,closed,False,False
54863,57,5,7,8,8.0,closed,False,False
54862,731,424,23,53,53.0,closed,True,True
54860,7,24,6,1,0.5,closed,True,True
54857,81,22,13,0,0.0,open,False,False
54856,48,20,4,0,0.0,closed,True,True
54854,10,10,3,0,0.0,closed,True,True
54853,48,41,5,0,0.0,closed,True,True
54852,1,2,2,0,0.0,closed,False,False
54851,62,12,17,5,2.5,closed,True,True
54850,1,0,0,0,0.0,closed,False,False
54849,64,52,25,18,1.5,closed,True,True
54848,24,1,6,6,1.5,closed,True,True
54847,1,1,2,0,0.0,closed,False,False
54846,5,5,10,0,0.0,closed,True,True
54845,12,5,9,0,0.0,closed,True,True
54844,0,2,9,0,0.0,closed,False,False
54843,4,3,3,8,8.0,closed,False,False
54842,15,0,5,0,0.0,closed,True,True
54841,0,2,6,0,0.0,closed,False,False
54840,1,4,20,0,0.0,closed,False,False
54839,43,33,9,4,4.0,closed,False,False
54838,829,855,9,2,2.0,closed,False,False
54837,13,57,13,5,5.0,closed,True,True
54836,68,88,23,1,0.5,closed,True,True
54835,9,2,11,0,0.0,closed,True,True
54834,5,4,7,0,0.0,closed,True,True
54833,85,19,3,6,6.0,closed,False,False
54832,69,57,19,8,4.0,closed,True,True
54831,66,57,13,3,3.0,closed,False,False
54829,1,1,6,0,0.0,closed,True,True
54828,1,1,7,0,0.0,closed,True,True
54827,8,11,5,0,0.0,closed,True,True
54826,131,6,19,12,6.0,closed,False,False
54825,0,170,11,1,1.0,closed,False,False
54824,929,959,6,1,1.0,closed,False,False
54823,2,1,13,1,1.0,closed,True,True
54822,1,1,3,0,0.0,closed,True,True
54821,119,146,6,0,0.0,closed,True,True
54820,1,1,4,0,0.0,closed,True,True
54818,751,61,9,0,0.0,closed,False,False
54815,5,7,6,2,2.0,closed,True,True
54814,28,26,11,0,0.0,closed,True,True
54813,61,15,12,9,3.0,closed,True,True
54806,3,0,2,0,0.0,closed,False,False
54805,3,0,2,0,0.0,closed,False,False
54802,34,0,15,32,2.0,closed,False,False
54800,5,4,1,6,3.0,closed,False,False
54798,1,53,13,0,0.0,closed,True,True
54795,27,9,8,0,0.0,closed,False,False
54794,1,1,3,0,0.0,closed,True,True
54793,9,1,22,0,0.0,closed,False,False
54792,11,0,2,2,0.6666666666666666,closed,False,False
54791,4,4,18,1,1.0,closed,False,False
54790,103,18,12,8,1.3333333333333333,closed,False,False
54789,1,1,2,0,0.0,closed,True,True
54786,1,1,1,0,0.0,closed,True,True
54785,1,1,6,0,0.0,closed,False,False
54783,14,3,5,0,0.0,closed,False,False
54777,78,3,5,2,2.0,closed,True,True
54776,303,269,17,9,9.0,closed,True,True
54775,351,378,12,2,0.25,closed,False,False
54772,13,5,4,6,3.0,open,False,False
54771,4,3,15,2,2.0,closed,True,True
54769,264,156,14,1,1.0,closed,True,True
54767,11,2,5,0,0.0,closed,True,True
54764,6,1,4,0,0.0,closed,True,True
54762,1,1,3,0,0.0,closed,True,True
54761,0,9,33,0,0.0,closed,False,False
54759,25,7,10,0,0.0,closed,False,False
54757,18,11,3,0,0.0,closed,False,False
54752,3,0,2,0,0.0,closed,True,True
54751,603,712,14,9,9.0,closed,False,False
54750,31,38,13,3,3.0,closed,False,False
54749,0,16,2,0,0.0,closed,True,True
54748,397,17,30,24,3.0,closed,True,True
54747,26,6,1,0,0.0,closed,True,True
54745,37,8,1,10,2.0,closed,True,True
54744,4,1,9,0,0.0,closed,True,True
54743,2,0,3,5,5.0,closed,True,True
54742,1,1,2,0,0.0,closed,False,False
54740,46,0,2,6,1.5,closed,False,False
54739,36,9,31,1,1.0,closed,False,False
54737,3,0,12,0,0.0,closed,True,True
54734,118,0,2,4,1.0,closed,False,False
54732,20,1,7,0,0.0,closed,True,True
54729,163,0,5,2,2.0,closed,True,True
54728,48,1,34,0,0.0,closed,True,True
54727,1,1,3,0,0.0,closed,True,True
54723,34,0,3,1,0.3333333333333333,closed,True,True
54722,1,0,1,0,0.0,closed,True,True
54721,47,19,16,0,0.0,closed,True,True
54720,8,8,3,0,0.0,closed,True,True
54714,107,38,10,8,8.0,closed,True,True
54713,735,564,10,0,0.0,closed,True,True
54712,58,28,5,0,0.0,open,False,False
54710,64,65,5,6,6.0,closed,False,False
54709,63,11,13,2,2.0,closed,True,True
54708,15,0,9,4,1.3333333333333333,closed,True,True
54706,1,1,0,0,0.0,closed,False,False
54705,283,50,32,41,2.05,closed,True,True
54704,1,1,2,0,0.0,closed,True,True
54703,4,4,3,0,0.0,closed,True,True
54702,1,1,2,0,0.0,closed,True,True
54701,17,17,3,0,0.0,closed,False,False
54699,59,12,13,0,0.0,closed,False,False
54698,12,14,13,6,6.0,closed,False,False
54697,111,14,17,3,0.75,closed,True,True
54696,3,3,3,0,0.0,closed,True,True
54695,25,27,16,12,6.0,closed,True,True
54694,19,37,3,6,6.0,closed,False,False
54693,2,1,2,1,0.3333333333333333,closed,True,True
54691,17,17,7,0,0.0,closed,True,True
54690,20,1,12,0,0.0,closed,True,True
54689,3,0,5,0,0.0,closed,False,False
54687,20,5,14,1,1.0,closed,True,True
54686,4,4,10,0,0.0,closed,True,True
54685,2,1,7,0,0.0,closed,True,True
54684,5,5,1,0,0.0,closed,True,True
54683,102,95,7,1,1.0,closed,False,False
54682,674,774,23,0,0.0,closed,False,False
54680,153,922,19,0,0.0,closed,False,False
54679,71,34,7,0,0.0,closed,True,True
54678,220,204,4,0,0.0,closed,True,True
54677,12,27,8,0,0.0,closed,True,True
54676,37,16,7,2,2.0,closed,False,False
54673,13,25,2,0,0.0,closed,False,False
54672,62,0,3,0,0.0,open,False,False
54671,12,0,11,15,3.75,closed,True,True
54668,6,9,2,2,2.0,open,False,False
54663,0,1,9,1,1.0,closed,True,True
54662,0,53,5,0,0.0,closed,True,True
54661,6,0,3,0,0.0,closed,True,True
54660,6065,194,4,57,2.4782608695652173,open,False,False
54659,1,1,18,0,0.0,closed,True,True
54658,14,0,15,5,5.0,closed,True,True
54657,43,0,22,2,2.0,closed,True,True
54656,73,0,4,13,2.6,closed,True,True
54655,62,29,18,0,0.0,closed,True,True
54653,61,31,16,5,5.0,closed,False,False
54652,23,0,1,2,0.5,closed,False,False
54651,231,103,16,0,0.0,closed,False,False
54650,1,0,0,0,0.0,closed,False,False
54648,180,9,33,24,24.0,closed,True,True
54647,117,6,12,17,5.666666666666667,closed,False,False
54646,22,8,12,5,1.0,closed,False,False
54644,40,4,8,26,2.1666666666666665,closed,True,True
54643,12,6,21,1,0.5,closed,False,False
54642,2694,566,23,1,0.5,closed,True,True
54641,1,1,2,0,0.0,closed,True,True
54640,1,1,1,0,0.0,closed,True,True
54639,4,1,8,0,0.0,open,False,False
54638,17,5541,1,0,0.0,closed,False,False
54637,17,0,1,0,0.0,closed,False,False
54636,533,528,8,0,0.0,closed,True,True
54635,3,0,2,0,0.0,open,False,False
54634,40,1,3,10,2.5,open,False,False
54633,3,1,9,0,0.0,closed,True,True
54631,1,0,0,0,0.0,closed,False,False
54630,803,2,74,94,94.0,closed,True,True
54629,4,2,17,0,0.0,closed,False,False
54627,0,10,6,0,0.0,closed,True,True
54626,1,1,4,0,0.0,closed,True,True
54625,1,1,4,0,0.0,closed,True,True
54624,1,1,4,0,0.0,closed,True,True
54623,30,2,5,8,2.6666666666666665,closed,False,False
54622,17,7,4,0,0.0,closed,True,True
54621,2,2,3,0,0.0,closed,True,True
54620,44,19,5,6,6.0,closed,True,True
54619,4498,701,6,0,0.0,closed,True,True
54618,1,1,0,0,0.0,closed,False,False
54616,2,2,2,1,0.5,closed,True,True
54613,13,0,1,1,1.0,closed,True,True
54612,4,2,6,0,0.0,closed,True,True
54611,1,1,1,0,0.0,closed,True,True
54610,3,1,11,1,0.5,closed,False,False
54609,141,103,9,4,4.0,closed,True,True
54606,207,31,12,0,0.0,closed,True,True
54605,12,13,5,1,1.0,closed,True,True
54600,124,2,14,3,3.0,closed,False,False
54599,195,142,10,0,0.0,closed,True,True
54598,2,4,7,0,0.0,closed,False,False
54597,1,3,18,0,0.0,closed,False,False
54596,2,2,16,0,0.0,closed,True,True
54594,8,0,6,4,4.0,closed,True,True
54593,568,493,9,5,5.0,closed,True,True
54592,101,56,22,8,2.6666666666666665,closed,False,False
54591,7,2,31,7,3.5,closed,False,False
54589,22,9,4,0,0.0,closed,True,True
54588,19,6,9,3,3.0,closed,False,False
54586,6,3,5,1,1.0,open,False,False
54585,1999,1977,9,0,0.0,closed,False,False
54584,29,0,1,1,0.5,closed,True,True
54583,420,395,3,0,0.0,closed,False,False
54582,28,25,6,4,4.0,closed,False,False
54581,50,42,6,0,0.0,closed,False,False
54579,244,215,4,4,2.0,closed,False,False
54578,64,29,6,0,0.0,closed,False,False
54575,15,14,12,0,0.0,closed,True,True
54574,142,105,14,1,1.0,closed,False,False
54571,83,98,7,0,0.0,closed,False,False
54570,31,27,8,0,0.0,closed,True,True
54569,18,42,11,0,0.0,closed,True,True
54566,83,56,13,0,0.0,closed,False,False
54565,3,15,20,1,1.0,closed,True,True
54564,3,0,10,9,2.25,closed,False,False
54563,308,6,22,22,22.0,closed,False,False
54562,1,1,2,0,0.0,closed,True,True
54560,14934,4402,29,0,0.0,closed,True,True
54558,45,60,3,0,0.0,closed,False,False
54556,7,7,7,0,0.0,closed,True,True
54554,0,20,24,0,0.0,closed,False,False
54553,11,3,12,0,0.0,closed,True,True
54552,5,4,33,18,18.0,closed,True,True
54549,495,311,6,0,0.0,closed,True,True
54548,9,12,11,0,0.0,closed,True,True
54547,220,100,12,0,0.0,closed,True,True
54546,3,3,9,0,0.0,closed,True,True
54545,67,42,44,8,0.5714285714285714,closed,True,True
54544,99,95,7,0,0.0,closed,True,True
54542,1,1,0,0,0.0,closed,False,False
54541,36,39,7,0,0.0,closed,False,False
54539,41,32,9,0,0.0,closed,False,False
54538,11,10,5,0,0.0,closed,True,True
54537,27,14,18,2,1.0,closed,True,True
54536,69524,18926,37,0,0.0,closed,False,False
54533,4,1,9,0,0.0,closed,True,True
54529,3,1,15,0,0.0,closed,False,False
54528,4,0,10,0,0.0,closed,True,True
54527,3,1,3,1,0.5,closed,True,True
54526,165,14,51,37,37.0,closed,True,True
54525,6,5,3,0,0.0,closed,False,False
54524,18,3,21,2,2.0,closed,True,True
54522,88,24,8,0,0.0,closed,True,True
54520,10,3,8,0,0.0,closed,True,True
54517,17,4,11,0,0.0,closed,False,False
54516,21,0,5,0,0.0,closed,False,False
54513,34,21,6,1,0.3333333333333333,closed,False,False
54512,32,3,18,4,1.0,closed,True,True
54511,6,2,6,0,0.0,closed,True,True
54510,12,8,18,0,0.0,closed,True,True
54509,6,9,4,0,0.0,closed,True,True
54508,10,0,6,7,1.75,closed,False,False
54507,8,0,8,5,5.0,open,False,False
54506,240,0,3,0,0.0,closed,False,False
54505,134,12,41,55,27.5,closed,True,True
54502,5017,0,15,3,1.5,closed,True,True
54501,665,31,15,24,4.0,closed,True,True
54500,45,34,19,4,0.8,closed,False,False
54498,142,66,5,0,0.0,closed,True,True
54495,1,1,7,0,0.0,closed,True,True
54494,728,0,8,1,0.5,closed,True,True
54492,32,10,1,0,0.0,open,False,False
54491,1348,2935,4,0,0.0,closed,False,False
54490,1,0,0,0,0.0,closed,False,False
54489,129,101,9,7,3.5,open,False,False
54488,1,1,6,0,0.0,closed,True,True
54487,7,0,7,4,4.0,closed,True,True
54486,1,8,7,3,3.0,closed,False,False
54485,37,0,11,0,0.0,closed,True,True
54482,1,1,2,0,0.0,closed,True,True
54481,3,1,2,1,0.3333333333333333,closed,True,True
54480,238,18,15,2,2.0,closed,False,False
54479,1,0,0,0,0.0,closed,False,False
54478,44,1,11,23,7.666666666666667,open,False,False
54477,13,5,8,0,0.0,closed,True,True
54474,6,2,6,0,0.0,closed,True,True
54473,5,5,7,0,0.0,closed,True,True
54470,20,0,8,10,10.0,closed,True,True
54468,7902,1308,10,2,1.0,closed,False,False
54467,5,1,2,0,0.0,closed,False,False
54464,10,12,3,0,0.0,open,False,False
54463,210,159,4,0,0.0,closed,False,False
54462,207,0,3,0,0.0,closed,True,True
54461,84,56,9,4,4.0,closed,True,True
54460,75,0,29,88,17.6,closed,True,True
54459,920,437,14,7,7.0,closed,False,False
54458,62,0,4,11,0.7333333333333333,open,False,False
54456,172,87,6,0,0.0,closed,True,True
54455,1,0,5,0,0.0,closed,False,False
54454,9,9,2,0,0.0,closed,True,True
54452,39451,9861,24,0,0.0,closed,True,True
54451,2,1,1,0,0.0,closed,False,False
54449,2,3,6,0,0.0,closed,False,False
54448,54,5,11,0,0.0,closed,False,False
54447,22060,19519,11,0,0.0,closed,True,True
54444,175,2,10,0,0.0,closed,True,True
54443,14,20,8,0,0.0,closed,True,True
54442,46,45,7,2,2.0,closed,True,True
54439,59,49,1,3,1.5,open,False,False
54438,26,35,16,0,0.0,closed,True,True
54435,0,0,16,0,0,closed,False,False
54434,778,1210,12,0,0.0,closed,False,False
54433,83,77,6,1,0.5,closed,False,False
54432,29,27,9,0,0.0,closed,False,False
54431,4,3,7,5,1.6666666666666667,closed,True,True
54430,2,2,0,0,0.0,closed,False,False
54429,207,0,27,31,15.5,closed,True,True
54427,2,2,3,0,0.0,closed,True,True
54426,2,2,2,0,0.0,closed,False,False
54424,26,26,1,0,0.0,closed,False,False
54423,302,14,10,1,1.0,closed,True,True
54422,2,0,0,0,0.0,closed,False,False
54420,3,2,1,0,0.0,closed,False,False
54418,2,2,6,0,0.0,closed,True,True
54416,39,31,7,0,0.0,closed,True,True
54415,108,23,2,0,0.0,closed,False,False
54414,1,0,0,0,0.0,closed,False,False
54413,137,0,8,20,2.2222222222222223,closed,True,True
54412,2,2,2,0,0.0,closed,True,True
54411,17,4,8,0,0.0,closed,True,True
54410,15,9,29,5,5.0,closed,True,True
54409,1,1,2,0,0.0,closed,True,True
54408,123,53,9,3,0.75,closed,True,True
54407,2,2,1,0,0.0,open,False,False
54405,21,0,3,2,0.6666666666666666,open,False,False
54404,68,66,15,6,6.0,closed,True,True
54402,55,1,9,0,0.0,closed,True,True
54401,7,1,3,6,3.0,closed,True,True
54399,187,26,1,5,2.5,closed,True,True
54397,1,1,10,0,0.0,closed,False,False
54395,6,1,7,0,0.0,closed,True,True
54394,410,69,13,15,3.75,closed,True,True
54393,89,27,15,2,0.3333333333333333,closed,True,True
54392,1,1,1,0,0.0,closed,False,False
54391,4,3,10,0,0.0,closed,True,True
54389,146,13,21,16,2.0,closed,True,True
54387,80,3,8,0,0.0,closed,True,True
54386,2,1,13,0,0.0,closed,True,True
54385,52,35,4,7,3.5,closed,False,False
54384,12,8,37,0,0.0,closed,False,False
54383,1,0,7,0,0.0,closed,True,True
54382,20,27,3,0,0.0,closed,False,False
54381,3,2,2,2,2.0,closed,True,True
54380,298,0,36,26,2.888888888888889,closed,True,True
54379,544,156,44,9,0.6923076923076923,closed,True,True
54377,2,0,3,0,0.0,closed,False,False
54375,8,5,6,0,0.0,closed,True,True
54374,695,599,19,0,0.0,closed,False,False
54373,318,37,9,0,0.0,closed,False,False
54371,5,4,1,0,0.0,closed,False,False
54370,1,34,3,0,0.0,closed,False,False
54369,0,1,4,0,0.0,closed,True,True
54368,37,12,13,0,0.0,closed,True,True
54367,176,4,16,8,8.0,open,False,False
54364,682,2,11,47,47.0,open,False,False
54361,1,1,2,0,0.0,closed,True,True
54360,2,7,9,6,3.0,closed,True,True
54358,5,9,31,10,2.0,closed,True,True
54357,3,9,15,0,0.0,closed,False,False
54356,31,37,7,0,0.0,closed,True,True
54355,122,101,5,2,0.6666666666666666,closed,False,False
54354,44,26,6,6,0.5,closed,False,False
54353,155,139,5,0,0.0,closed,False,False
54350,76,61,15,0,0.0,closed,True,True
54348,29,43,2,1,0.5,closed,False,False
54347,26,20,1,0,0.0,open,False,False
54345,33,5,17,4,4.0,closed,True,True
54342,15,6,4,2,2.0,closed,True,True
54340,637,689,9,5,1.6666666666666667,closed,False,False
54339,7,24,10,0,0.0,closed,True,True
54338,5,1,4,0,0.0,closed,True,True
54337,7,3,10,0,0.0,closed,True,True
54336,2935,1348,8,0,0.0,closed,False,False
54335,1,1,4,0,0.0,closed,True,True
54334,1,1,1,0,0.0,closed,True,True
54333,218,6,4,0,0.0,open,False,False
54332,47,11,4,1,1.0,closed,True,True
54331,7,7,5,6,6.0,closed,True,True
54330,17,0,5,3,3.0,closed,True,True
54329,102,18,28,1,1.0,closed,False,False
54328,6,0,1,0,0.0,closed,True,True
54326,1,0,0,0,0.0,closed,False,False
54325,1,1,4,0,0.0,closed,True,True
54324,29,31,11,0,0.0,closed,True,True
54323,4,1,14,0,0.0,closed,True,True
54322,0,2,3,0,0.0,closed,False,False
54321,37,0,3,0,0.0,closed,False,False
54320,147,50,17,0,0.0,closed,False,False
54319,3,1,3,0,0.0,closed,True,True
54317,284,3,12,11,3.6666666666666665,closed,True,True
54316,27,31,1,9,4.5,closed,False,False
54314,7,0,6,1,1.0,closed,True,True
54313,4422,2556,8,0,0.0,closed,False,False
54312,568,409,5,0,0.0,closed,True,True
54311,125,9,30,5,5.0,closed,True,True
54310,60,61,7,16,16.0,open,False,False
54309,49,2,5,10,3.3333333333333335,open,False,False
54308,42,0,2,2,2.0,closed,True,True
54306,53,2,17,0,0.0,open,False,False
54298,14,8,1,0,0.0,open,False,False
54297,44,8,2,3,3.0,open,False,False
54295,80,14,41,53,26.5,closed,True,True
54292,636,40,2,0,0.0,closed,True,True
54291,137,62,14,2,2.0,closed,True,True
54290,11,10,2,0,0.0,closed,False,False
54289,21,1,11,0,0.0,closed,False,False
54288,11,1,14,4,2.0,closed,False,False
54287,7,4,8,0,0.0,closed,True,True
54286,34,27,7,0,0.0,closed,True,True
54283,317,37,37,34,17.0,closed,True,True
54281,2,3,4,0,0.0,closed,True,True
54279,45,10,38,7,2.3333333333333335,closed,False,False
54278,90,0,4,7,1.1666666666666667,closed,True,True
54277,42,23,4,0,0.0,closed,True,True
54276,128,93,12,0,0.0,closed,True,True
54275,50,8,10,4,0.8,closed,True,True
54271,14,14,2,0,0.0,closed,True,True
54269,4,0,2,1,0.5,closed,True,True
54268,9,0,2,11,11.0,closed,True,True
54267,1,0,2,0,0.0,closed,True,True
54266,1,453,2,0,0.0,closed,True,True
54264,189,4,11,9,0.9,closed,True,True
54263,7,4,7,0,0.0,closed,True,True
54262,11,2,7,4,4.0,closed,True,True
54259,24,4,25,0,0.0,closed,True,True
54258,2,3,4,3,3.0,closed,True,True
54256,0,0,1,0,0.0,closed,False,False
54254,10,10,1,0,0.0,closed,True,True
54253,26,0,2,0,0.0,closed,False,False
54252,1,0,1,0,0.0,closed,True,True
54251,94,0,1,0,0.0,open,False,False
54250,32,0,13,0,0.0,closed,False,False
54249,32,2,8,0,0.0,closed,False,False
54246,109,0,7,0,0.0,closed,True,True
54245,3,4,6,0,0.0,closed,True,True
54243,25,6,8,0,0.0,closed,True,True
54242,1,2,6,0,0.0,closed,True,True
54241,635,295,12,11,1.1,closed,False,False
54239,46,21,7,4,4.0,closed,True,True
54238,37,0,1,0,0.0,closed,False,False
54237,18,2,29,9,9.0,closed,True,True
54236,28,0,1,0,0.0,closed,False,False
54233,11,33,5,2,2.0,closed,True,True
54231,31,409335,27,17,8.5,closed,True,True
54230,1,1,4,0,0.0,closed,False,False
54229,1,1,5,0,0.0,closed,True,True
54228,395369,176960,1,0,0.0,closed,False,False
54227,3,3,1,0,0.0,closed,True,True
54225,115,28,22,63,3.7058823529411766,closed,True,True
54224,185,70,21,12,4.0,closed,True,True
54223,22,42,21,1,0.5,closed,True,True
54222,1,0,4,0,0.0,closed,True,True
54221,5,0,2,0,0.0,closed,False,False
54220,47,1,2,0,0.0,closed,False,False
54219,148,28,3,0,0.0,closed,True,True
54217,2,0,4,0,0.0,closed,True,True
54215,395,110,4,18,6.0,open,False,False
54214,41,33,4,0,0.0,closed,False,False
54213,243,0,13,52,26.0,closed,False,False
54211,167,12,4,0,0.0,closed,False,False
54210,2,2,5,0,0.0,closed,True,True
54209,7,3,6,1,0.5,closed,True,True
54208,10,12,4,0,0.0,closed,True,True
54207,5,1,2,0,0.0,closed,True,True
54206,33,0,11,1,1.0,closed,True,True
54204,26,0,3,3,1.5,closed,True,True
54203,1,1,1,0,0.0,closed,True,True
54199,182,110,8,0,0.0,closed,False,False
54198,4919,2705,4,0,0.0,closed,True,True
54197,675,146,4,0,0.0,closed,True,True
54196,77,77,4,0,0.0,closed,True,True
54194,33,33,3,0,0.0,closed,True,True
54192,3,2,2,0,0.0,closed,True,True
54191,3,2,1,0,0.0,closed,False,False
54190,37,19,3,10,10.0,closed,True,True
54188,15,12,4,0,0.0,closed,True,True
54185,5,0,1,0,0.0,closed,True,True
54184,13,0,1,0,0.0,closed,False,False
54182,53,156,4,0,0.0,closed,False,False
54181,842,46,48,54,1.7419354838709677,closed,True,True
54179,2,0,5,0,0.0,closed,True,True
54176,5,5,1,1,0.5,closed,True,True
54172,118,17,2,7,3.5,closed,True,True
54171,1,1,3,0,0.0,closed,True,True
54170,12,12,3,0,0.0,closed,True,True
54169,1,1,3,0,0.0,closed,True,True
54168,1,1,4,0,0.0,closed,True,True
54167,1,1,3,0,0.0,closed,True,True
54166,4,4,3,0,0.0,closed,True,True
54165,17,17,4,0,0.0,closed,False,False
54164,166,12,9,10,10.0,closed,True,True
54160,237,20,12,12,4.0,closed,True,True
54159,197,0,14,8,8.0,closed,True,True
54158,24,1,1,0,0.0,closed,False,False
54157,33,4,3,2,2.0,open,False,False
54156,199,12,10,6,1.5,closed,True,True
54155,2,1,4,0,0.0,closed,False,False
54153,79,63,26,4,4.0,closed,True,True
54152,7,7,2,0,0.0,closed,True,True
54151,40,8,12,0,0.0,closed,True,True
54149,1,1,0,0,0.0,closed,False,False
54148,14,5,3,0,0.0,open,False,False
54147,0,4,2,0,0.0,closed,True,True
54146,0,7,6,0,0.0,closed,False,False
54142,14,1,12,0,0.0,closed,True,True
54141,50,1,17,5,1.6666666666666667,closed,False,False
54140,3,3,33,3,1.5,closed,True,True
54138,4,6,1,0,0.0,closed,True,True
54137,7,7,12,1,1.0,closed,True,True
54136,43,7,9,0,0.0,closed,True,True
54129,107,38,8,6,2.0,closed,True,True
54128,20603,33,17,0,0.0,closed,False,False
54127,514,462,4,0,0.0,closed,False,False
54125,1,1,3,7,3.5,closed,True,True
54123,16285,10543,30,0,0.0,closed,True,True
54122,7,26,21,2,1.0,closed,True,True
54121,16,0,1,0,0.0,closed,False,False
54120,15,13,7,0,0.0,closed,True,True
54119,16,0,1,2,1.0,closed,True,True
54118,0,1,4,0,0.0,closed,True,True
54117,3,0,5,2,2.0,closed,True,True
54116,227,7,10,2,1.0,closed,True,True
54115,0,2,4,0,0.0,closed,True,True
54114,17,0,6,7,1.4,closed,False,False
54113,8,2,9,0,0.0,closed,False,False
54112,1,1,6,0,0.0,closed,False,False
54110,1,0,2,2,1.0,closed,True,True
54109,118,1,14,0,0.0,closed,True,True
54108,27,2,2,0,0.0,closed,True,True
54107,161,42,13,6,1.0,closed,False,False
54106,25,25,10,2,2.0,closed,True,True
54104,32,4,13,0,0.0,closed,True,True
54103,9,11,5,5,5.0,closed,False,False
54102,177,108,43,0,0.0,closed,False,False
54101,7,0,2,0,0.0,closed,True,True
54099,1,1,0,0,0.0,closed,False,False
54098,1,0,0,0,0.0,closed,False,False
54097,2,2,1,0,0.0,closed,False,False
54096,4,4,3,0,0.0,closed,False,False
54095,3,5,5,0,0.0,closed,False,False
54094,1,1,3,0,0.0,closed,True,True
54093,4,4,14,2,1.0,closed,True,True
54092,10,16,9,0,0.0,closed,True,True
54091,3,10,1,0,0.0,closed,False,False
54090,0,17,2,4,4.0,open,False,False
54089,4,3,8,2,2.0,closed,True,True
54088,10,9,14,0,0.0,closed,True,True
54087,42,40,34,18,18.0,closed,True,True
54086,1,0,1,0,0.0,closed,False,False
54081,4,4,6,2,2.0,closed,True,True
54080,2,2,6,0,0.0,closed,False,False
54079,9,10,8,0,0.0,closed,True,True
54077,179521,91417,46,2,0.08,closed,False,False
54076,232,298,8,0,0.0,closed,True,True
54075,56,2,15,9,9.0,closed,True,True
54074,618,666,3,0,0.0,closed,False,False
54073,1609,1297,2,0,0.0,closed,True,True
54072,7377,7416,4,0,0.0,closed,True,True
54070,49,20,6,2,1.0,closed,True,True
54069,414015,1,3,0,0.0,closed,False,False
54068,2,2,3,0,0.0,closed,False,False
54066,6,0,4,0,0.0,closed,False,False
54065,19,19,1,0,0.0,closed,True,True
54064,1,1,2,0,0.0,closed,True,True
54063,13,13,1,0,0.0,closed,True,True
54062,32,12,9,4,4.0,closed,True,True
54061,47,0,10,0,0.0,closed,True,True
54060,39,22,1,2,0.5,closed,False,False
54059,2,3,1,0,0.0,closed,True,True
54058,1,1,2,0,0.0,closed,True,True
54054,38,7,10,0,0.0,closed,True,True
54053,5,1,17,0,0.0,closed,True,True
54049,517,5,19,8,1.1428571428571428,closed,True,True
54047,2,2,2,0,0.0,closed,True,True
54046,1,4,3,1,1.0,closed,False,False
54045,19,6,9,0,0.0,closed,True,True
54044,968,114,6,2,1.0,closed,False,False
54042,42,20,5,0,0.0,closed,True,True
54039,7,5,12,1,1.0,closed,True,True
54038,11,2,7,5,5.0,closed,True,True
54036,2,2,4,0,0.0,closed,True,True
54034,3,4,4,0,0.0,closed,False,False
54033,15,1,2,9,3.0,closed,False,False
54032,9,11,11,0,0.0,closed,True,True
54031,3,0,4,0,0.0,closed,True,True
54030,30,4,9,0,0.0,closed,False,False
54029,2,2,2,0,0.0,closed,True,True
54028,653,479,13,11,11.0,closed,False,False
54027,1,1,2,0,0.0,closed,True,True
54024,3,1,4,0,0.0,closed,False,False
54023,479,549,9,3,1.0,closed,False,False
54020,297,263,4,0,0.0,closed,True,True
54019,16,19,7,0,0.0,closed,True,True
54015,4,2,2,0,0.0,closed,False,False
54014,857,691,18,0,0.0,closed,False,False
54013,20,21,14,0,0.0,closed,True,True
54012,144,4,7,0,0.0,closed,True,True
54011,93,98,10,3,3.0,closed,False,False
54010,1,0,0,0,0.0,closed,False,False
54009,3,1,2,0,0.0,closed,False,False
54008,3,0,2,0,0.0,closed,True,True
54007,5,0,8,0,0.0,closed,True,True
54005,24,1,4,0,0.0,closed,True,True
