6830,3,9,0,0,0.0,closed,False,False
6829,10,7,1,0,0.0,open,False,False
6826,1,13,0,0,0.0,closed,False,False
6825,5233,2495,0,0,0.0,closed,False,False
6823,228,56,0,0,0.0,open,False,False
6822,1,13,0,0,0.0,closed,False,False
6820,1,13,0,0,0.0,closed,False,False
6819,41,27,1,0,0.0,closed,True,True
6818,4,0,3,0,0.0,closed,True,True
6814,2,2,1,0,0.0,closed,True,True
6812,35,24,0,0,0.0,closed,True,True
6811,6,0,1,0,0.0,closed,True,True
6810,1,1,1,0,0.0,closed,True,True
6808,1,13,0,0,0.0,closed,False,False
6807,2,2,0,0,0.0,open,False,False
6804,2,2,0,0,0.0,closed,True,True
6802,4,4,1,0,0.0,open,False,False
6800,67,136,0,0,0.0,closed,True,True
6799,2,25,1,0,0.0,closed,False,False
6795,153,47,0,0,0.0,closed,True,True
6794,2,2,0,0,0.0,closed,True,True
6792,12,2,0,0,0.0,open,False,False
6789,51,47,1,1,0.02127659574468085,closed,True,True
6788,25,2,5,0,0.0,closed,True,True
6787,21,0,0,0,0.0,closed,True,True
6783,0,0,0,0,0.0,closed,False,False
6782,107,4,0,0,0.0,open,False,False
6781,7,2,0,0,0.0,closed,False,False
6777,1,1,2,0,0.0,closed,True,True
6775,4,4,1,0,0.0,closed,False,False
6774,10,10,0,0,0.0,closed,False,False
6773,582,493,1,0,0.0,open,False,False
6772,4,4,0,0,0.0,closed,False,False
6771,1,1,1,0,0.0,closed,True,True
6770,2,2,1,0,0.0,closed,True,True
6769,10,11,0,0,0.0,open,False,False
6767,1,1,0,0,0.0,open,False,False
6765,12,9,0,1,1.0,open,False,False
6762,1,1,1,0,0.0,open,False,False
6757,1,1,1,0,0.0,closed,True,True
6754,1,1,0,0,0.0,closed,True,True
6753,489,63,0,0,0.0,open,False,False
6752,2,2,1,0,0.0,open,False,False
6749,1,1,0,0,0.0,closed,True,True
6748,1,1,0,0,0.0,closed,True,True
6746,1,1,0,0,0.0,closed,True,True
6745,418,6,0,0,0.0,open,False,False
6743,1,0,0,0,0.0,open,False,False
6742,3,0,0,0,0.0,closed,True,True
6740,2,2,0,0,0.0,closed,True,True
6732,0,3,0,0,0.0,closed,True,True
6731,3,0,5,0,0.0,closed,True,True
6730,32,21,0,0,0.0,closed,True,True
6729,596,108,0,0,0.0,closed,True,True
6715,212,295,0,0,0.0,closed,True,True
6714,12,65,4,0,0.0,closed,True,True
6709,3,0,0,0,0.0,closed,True,True
6708,14,2,1,0,0.0,closed,True,True
6707,4,4,0,0,0.0,closed,True,True
6706,1,1,2,0,0.0,open,False,False
6705,2,2,0,0,0.0,closed,False,False
6704,95,102,0,0,0.0,closed,True,True
6703,2,2,0,0,0.0,closed,False,False
6702,437,319,1,0,0.0,closed,False,False
6701,342,217,1,0,0.0,closed,False,False
6700,342,217,1,0,0.0,closed,False,False
6699,342,217,0,0,0.0,closed,True,True
6698,6,6,0,0,0.0,closed,True,True
6697,464,191,1,0,0.0,closed,False,False
6696,35,7,0,0,0.0,open,False,False
6694,1,1,0,0,0.0,closed,False,False
6693,24,24,5,0,0.0,closed,True,True
6691,1,1,0,0,0.0,closed,False,False
6687,7,113,0,0,0.0,closed,True,True
6684,2,2,0,0,0.0,closed,False,False
6683,4,0,3,0,0.0,closed,True,True
6682,3,1,0,0,0.0,closed,True,True
6680,14,1,3,3,1.5,closed,True,True
6679,2,2,2,0,0.0,open,False,False
6678,1,1,0,0,0.0,closed,False,False
6672,33,67,0,4,2.0,closed,False,False
6668,5,5,4,0,0.0,closed,True,True
6666,2,3,0,0,0.0,closed,True,True
6665,3,0,0,0,0.0,open,False,False
6664,1,1,0,0,0.0,open,False,False
6661,1,1,0,0,0.0,open,False,False
6652,7,157,0,0,0.0,closed,True,True
6650,31,0,1,0,0.0,closed,False,False
6648,7,157,0,0,0.0,closed,False,False
6646,7,157,0,0,0.0,closed,False,False
6644,3,0,2,0,0.0,closed,True,True
6642,7,157,0,0,0.0,closed,False,False
6640,157,7,0,0,0.0,closed,True,True
6638,78,17,3,0,0.0,open,False,False
6637,1,1,3,0,0.0,closed,True,True
6634,2,2,2,0,0.0,closed,True,True
6633,3,3,2,0,0.0,closed,True,True
6631,96,0,0,0,0.0,closed,False,False
6630,7,1,0,1,1.0,open,False,False
6627,7,157,0,0,0.0,closed,False,False
6626,5,1,0,2,2.0,open,False,False
6624,1247,749,0,0,0.0,open,False,False
6623,19,2,2,0,0.0,open,False,False
6622,4,4,1,0,0.0,open,False,False
6621,212,90,0,0,0.0,closed,False,False
6619,2,2,0,0,0.0,closed,True,True
6618,37,16,0,0,0.0,open,False,False
6617,124,111,1,1,0.5,closed,True,True
6616,1,1,2,0,0.0,open,False,False
6615,2,2,1,0,0.0,closed,True,True
6608,2,2,4,0,0.0,closed,True,True
6606,3,4,0,0,0.0,closed,True,True
6605,1,1,1,0,0.0,closed,True,True
6603,4,3,0,0,0.0,closed,True,True
6590,3,0,1,0,0.0,closed,True,True
6585,211,109,0,3,3.0,closed,True,True
6584,27,7,0,0,0.0,closed,True,True
6583,297,228,0,0,0.0,closed,True,True
6582,98,46,0,0,0.0,closed,True,True
6576,4,3,0,0,0.0,closed,True,True
6575,3,1,2,0,0.0,closed,True,True
6574,110,66,0,0,0.0,closed,True,True
6573,10,2,0,1,0.022727272727272728,closed,True,True
6572,6,6,1,0,0.0,closed,True,True
6567,6,5,0,0,0.0,closed,True,True
6566,1,0,0,0,0.0,closed,True,True
6564,20,4,0,0,0.0,closed,True,True
6563,1,1,0,0,0.0,closed,True,True
6559,4,4,0,0,0.0,closed,True,True
6558,7,0,0,0,0.0,closed,True,True
6557,11,8,0,0,0.0,closed,True,True
6556,1,0,0,0,0.0,closed,True,True
6555,10,2,0,0,0.0,closed,True,True
6554,2,2,0,0,0.0,closed,True,True
6553,6,6,5,0,0.0,closed,False,False
6552,125,59,0,0,0.0,closed,True,True
6547,6,1,1,0,0.0,closed,False,False
6544,35,22,0,0,0.0,closed,True,True
6543,47,11,12,3,1.5,closed,True,True
6539,49,4,25,1,0.2,closed,True,True
6533,4,1,1,0,0.0,closed,True,True
6524,5,1,2,0,0.0,closed,True,True
6522,87,94,1,0,0.0,closed,False,False
6521,779,484,0,0,0.0,closed,True,True
6519,7,8,0,0,0.0,closed,True,True
6518,204,151,0,0,0.0,closed,True,True
6515,3,3,1,0,0.0,closed,True,True
6512,37,2,0,2,1.0,open,False,False
6509,2,0,1,0,0.0,closed,False,False
6505,2,2,1,0,0.0,closed,True,True
6504,2,0,0,0,0.0,closed,False,False
6489,29,0,1,3,0.42857142857142855,closed,True,True
6486,4,0,0,0,0.0,open,False,False
6484,9,1,1,0,0.0,open,False,False
6480,1,1,1,0,0.0,closed,True,True
6467,15,11,0,0,0.0,open,False,False
6465,109,13,2,0,0.0,open,False,False
6460,7,1,0,0,0.0,open,False,False
6453,6,6,0,0,0.0,open,False,False
6447,1386,2730,1,0,0.0,open,False,False
6439,1,1,0,0,0.0,open,False,False
6438,2,4,0,0,0.0,closed,False,False
6432,11,1,5,0,0.0,closed,False,False
6429,817,45042,0,0,0.0,closed,False,False
6428,20,2,1,0,0.0,open,False,False
6427,2,44229,0,0,0.0,closed,False,False
6426,2,44229,0,0,0.0,closed,False,False
6425,2,44229,0,0,0.0,closed,False,False
6421,14,11,0,1,0.5,open,False,False
6420,1,1,1,0,0.0,closed,False,False
6419,2,2,1,0,0.0,closed,False,False
6414,45,34,0,0,0.0,closed,True,True
6413,3,3,0,1,0.01694915254237288,closed,True,True
6411,166,117,0,0,0.0,closed,True,True
6410,14,9,0,0,0.0,closed,True,True
6408,882,865,0,0,0.0,closed,True,True
6407,30,1,0,0,0.0,closed,True,True
6406,1,1,0,0,0.0,closed,True,True
6405,1,1,0,0,0.0,closed,True,True
6404,66,35,0,0,0.0,closed,True,True
6403,144,89,0,0,0.0,closed,True,True
6402,33,9,2,0,0.0,closed,True,True
6401,14,1,0,1,0.018518518518518517,closed,True,True
6400,16,7,0,0,0.0,closed,True,True
6395,2,2,0,0,0.0,closed,True,True
6394,14,8,1,0,0.0,closed,True,True
6389,6,4,1,0,0.0,open,False,False
6383,197,111,0,3,3.0,closed,True,True
6380,18,5,0,0,0.0,closed,True,True
6379,177,49,0,0,0.0,open,False,False
6377,24,12,0,0,0.0,closed,True,True
6373,2842,1147,0,4,4.0,closed,True,True
6371,1015,127,0,3,0.07142857142857142,closed,True,True
6365,20,22,1,0,0.0,closed,False,False
6362,56,6,4,1,0.16666666666666666,closed,True,True
6361,31,7,0,0,0.0,closed,True,True
6349,8,8,2,0,0.0,closed,False,False
6348,1,1,0,1,1.0,open,False,False
6344,1,2,2,0,0.0,closed,False,False
6342,25,7,0,0,0.0,open,False,False
6339,1,2,0,0,0.0,closed,False,False
6337,2,2,1,0,0.0,closed,False,False
6335,5,4,1,0,0.0,closed,False,False
6334,4,3,0,0,0.0,closed,False,False
6333,16,87,1,0,0.0,closed,False,False
6331,65,27,0,0,0.0,closed,True,True
6326,10,2,0,0,0.0,open,False,False
6325,19,28,0,0,0.0,open,False,False
6324,28,28,0,0,0.0,open,False,False
6323,14,14,0,0,0.0,open,False,False
6322,1,1,0,0,0.0,open,False,False
6317,17,0,0,0,0.0,open,False,False
6315,16,16,0,0,0.0,open,False,False
6314,31,4,0,1,0.2,open,False,False
6312,0,7,1,0,0.0,closed,True,True
6311,5,2,0,0,0.0,open,False,False
6307,1,1,1,0,0.0,closed,True,True
6305,2,2,1,0,0.0,closed,False,False
6303,365,321,0,0,0.0,closed,True,True
6300,9,9,2,0,0.0,closed,True,True
6299,53,10,3,0,0.0,open,False,False
6296,1,1,0,0,0.0,closed,False,False
6280,0,17044,0,0,0.0,closed,False,False
6275,48,3,0,0,0.0,closed,False,False
6273,1,1,1,0,0.0,closed,True,True
6271,32,32,0,0,0.0,closed,True,True
6270,23,0,0,0,0.0,open,False,False
6269,79,2,1,0,0.0,open,False,False
6265,9,5,2,0,0.0,open,False,False
6263,39,6,2,4,1.0,closed,True,True
6261,1,1,1,0,0.0,closed,False,False
6259,3,3,0,0,0.0,open,False,False
6255,6,0,0,0,0.0,closed,False,False
6253,2,2,1,0,0.0,open,False,False
6252,0,0,2,0,0,closed,False,False
6251,6,6,1,0,0.0,closed,False,False
6248,6,6,2,0,0.0,closed,False,False
6247,2,2,1,0,0.0,closed,False,False
6246,1,1,1,0,0.0,closed,False,False
6245,8,8,2,0,0.0,closed,False,False
6244,2,2,1,0,0.0,closed,False,False
6243,1,1,1,0,0.0,closed,True,True
6241,17,6,2,0,0.0,open,False,False
6239,11,11,2,0,0.0,open,False,False
6238,4572,3446,0,0,0.0,closed,True,True
6237,1,1,0,0,0.0,open,False,False
6235,8,8,2,0,0.0,closed,False,False
6233,4,4,0,0,0.0,open,False,False
6231,30,0,0,0,0.0,closed,True,True
6229,30,0,0,0,0.0,closed,True,True
6227,9,1,0,0,0.0,closed,True,True
6224,99,0,0,1,0.5,closed,True,True
6218,108,596,16,0,0.0,closed,True,True
6211,4401,2239,3,2,0.4,closed,True,True
6204,88,79,0,0,0.0,closed,True,True
6203,30,26,1,0,0.0,closed,True,True
6199,466,27,0,0,0.0,closed,True,True
6196,2,2,1,0,0.0,closed,True,True
6194,3,0,1,0,0.0,closed,True,True
6192,42,8,7,3,0.10714285714285714,closed,True,True
6191,1,1,2,0,0.0,closed,False,False
6186,0,3,1,0,0.0,closed,True,True
6185,93,12,0,0,0.0,open,False,False
6178,2,0,0,0,0.0,closed,False,False
6177,38,21,0,0,0.0,closed,True,True
6176,28,6,0,0,0.0,closed,True,True
6175,13,0,2,0,0.0,closed,True,True
6173,46,22,0,0,0.0,closed,True,True
6172,10,3,0,0,0.0,closed,True,True
6168,8,8,0,0,0.0,closed,False,False
6167,24,0,1,1,0.02857142857142857,closed,True,True
6163,10,10,7,0,0.0,closed,True,True
6157,420,0,0,0,0.0,open,False,False
6155,14,14,0,0,0.0,open,False,False
6151,38,25,0,0,0.0,closed,True,True
6145,1,1,0,0,0.0,closed,True,True
6138,12,0,2,0,0.0,open,False,False
6134,5,3,0,0,0.0,open,False,False
6133,47,11,0,0,0.0,closed,False,False
6132,17,2,7,2,0.18181818181818182,closed,True,True
6129,5,1,1,0,0.0,closed,True,True
6128,17,0,0,0,0.0,open,False,False
6125,280,203,1,0,0.0,closed,False,False
6116,7,3,3,0,0.0,closed,True,True
6111,20,2,0,0,0.0,open,False,False
6092,2,2,0,0,0.0,closed,False,False
6091,96,25,19,0,0.0,closed,True,True
6088,2,2,0,0,0.0,closed,False,False
6084,3,0,0,0,0.0,closed,True,True
6082,209,202,0,0,0.0,closed,True,True
6081,0,57,0,0,0.0,closed,True,True
6080,0,8,0,0,0.0,closed,True,True
6079,23,1,0,0,0.0,closed,True,True
6078,8,0,0,0,0.0,closed,True,True
6077,244,6,0,0,0.0,open,False,False
6074,22,1,0,0,0.0,open,False,False
6073,4,4,1,0,0.0,closed,True,True
6064,36,7,0,0,0.0,closed,True,True
6063,86,18,0,0,0.0,closed,True,True
6062,34,21,0,0,0.0,closed,False,False
6061,1,1,0,0,0.0,closed,True,True
6060,702,573,0,0,0.0,closed,True,True
6059,373,5,0,2,0.05714285714285714,closed,True,True
6056,3,4,0,0,0.0,closed,True,True
6055,56,56,0,0,0.0,closed,True,True
6053,20,0,0,0,0.0,open,False,False
6048,2,2,1,0,0.0,closed,True,True
6046,118,55,9,0,0.0,closed,True,True
6042,1,1,0,0,0.0,open,False,False
6040,279,80,1,0,0.0,closed,False,False
6039,35,0,0,0,0.0,closed,False,False
6038,19,0,0,0,0.0,closed,False,False
6037,28,0,0,0,0.0,closed,False,False
6036,36,0,1,1,1.0,closed,False,False
6034,230,186,2,0,0.0,closed,False,False
6032,8,4,0,0,0.0,closed,True,True
6031,214,38,0,0,0.0,closed,True,True
6030,1,1,1,0,0.0,closed,True,True
6028,4,4,22,0,0.0,closed,True,True
6027,439,0,1,0,0.0,closed,False,False
6025,22,0,0,0,0.0,closed,False,False
6024,30,0,0,2,2.0,closed,False,False
6021,83,80,0,1,0.029411764705882353,closed,True,True
6018,1,11,4,0,0.0,closed,False,False
6017,1,11,0,0,0.0,closed,False,False
6016,3,13,0,0,0.0,closed,False,False
6012,1,1,0,0,0.0,closed,True,True
6011,90,21,0,1,0.03333333333333333,closed,True,True
6010,282,257,0,0,0.0,open,False,False
6002,1,1,3,0,0.0,closed,False,False
6000,1,1,0,0,0.0,open,False,False
5999,1,0,0,0,0.0,open,False,False
5987,91,8,11,10,0.7692307692307693,closed,True,True
5983,448,0,0,0,0.0,closed,False,False
5982,22,20,0,0,0.0,closed,False,False
5978,64,63,2,0,0.0,closed,False,False
5976,2,2,7,0,0.0,open,False,False
5975,22,2,0,0,0.0,open,False,False
5974,3,1,0,0,0.0,open,False,False
5972,3,1,0,0,0.0,closed,False,False
5971,10,0,1,0,0.0,closed,False,False
5970,3,3,1,2,2.0,closed,False,False
5966,2,2,0,0,0.0,closed,False,False
5964,74,28,0,0,0.0,closed,False,False
5961,56,36,2,0,0.0,closed,False,False
5960,1,1,0,0,0.0,closed,False,False
5959,7,1,2,4,1.3333333333333333,closed,False,False
5958,4,0,0,0,0.0,closed,False,False
5957,190,63,2,0,0.0,closed,False,False
5956,216,185,3,0,0.0,closed,False,False
5954,7,1,1,0,0.0,closed,False,False
5953,10,3,1,0,0.0,closed,False,False
5952,3,0,1,0,0.0,closed,False,False
5949,1,1,1,0,0.0,closed,True,True
5943,1,1,1,0,0.0,closed,False,False
5942,1,1,1,0,0.0,closed,False,False
5941,0,0,1,0,0.0,closed,False,False
5940,2,2,0,1,1.0,closed,False,False
5939,2,2,0,0,0.0,closed,False,False
5938,2,2,1,0,0.0,closed,True,True
5936,1,1,1,0,0.0,closed,True,True
5935,3,3,1,0,0.0,closed,True,True
5934,0,0,0,0,0.0,open,False,False
5933,0,0,0,0,0.0,closed,False,False
5932,255,0,0,0,0.0,closed,True,True
5931,13,9,0,0,0.0,closed,True,True
5930,0,0,0,0,0.0,open,False,False
5928,1,2,1,0,0.0,closed,False,False
5926,20,1,2,0,0.0,open,False,False
5925,59,3,6,0,0.0,closed,False,False
5920,198,90,0,0,0.0,closed,True,True
5919,82,16,0,0,0.0,closed,True,True
5918,7,7,0,0,0.0,closed,False,False
5917,7,2,6,1,0.037037037037037035,closed,True,True
5908,2,2,2,0,0.0,closed,True,True
5901,27,0,2,0,0.0,closed,True,True
5898,17,8,2,2,1.0,closed,False,False
5897,1,1,1,0,0.0,closed,False,False
5892,2,1,0,0,0.0,closed,True,True
5889,1,1,0,0,0.0,closed,True,True
5887,11,5,0,0,0.0,closed,True,True
5850,1,1,0,0,0.0,open,False,False
5839,3,1,0,0,0.0,closed,True,True
5838,140,94,0,0,0.0,closed,True,True
5837,1,1,0,0,0.0,closed,True,True
5836,3,1,0,0,0.0,closed,True,True
5835,5,2,2,0,0.0,closed,True,True
5832,33,23,0,1,0.043478260869565216,closed,True,True
5831,26,3,0,0,0.0,closed,True,True
5830,10,5,1,0,0.0,closed,False,False
5823,30,30,0,0,0.0,closed,True,True
5819,2,0,0,0,0.0,closed,False,False
5816,2,8,0,0,0.0,closed,True,True
5812,35,0,1,0,0.0,open,False,False
5809,4,4,0,0,0.0,closed,True,True
5801,1,1,0,0,0.0,closed,False,False
5798,1,1,0,0,0.0,open,False,False
5796,2,1,0,0,0.0,closed,False,False
5792,7,9,0,0,0.0,closed,False,False
5791,3,5,0,0,0.0,closed,True,True
5790,1,1,0,0,0.0,closed,True,True
5788,30,0,0,0,0.0,closed,True,True
5781,86,10,7,0,0.0,closed,False,False
5779,51,8,0,0,0.0,closed,False,False
5778,6,6,2,6,3.0,closed,True,True
5772,12,5,0,0,0.0,closed,False,False
5770,15,3,1,2,2.0,closed,False,False
5767,3,3,1,0,0.0,closed,False,False
5766,29,4,0,0,0.0,closed,False,False
5764,30,0,1,0,0.0,open,False,False
5759,64,40,0,0,0.0,closed,False,False
5756,2,1,4,0,0.0,open,False,False
5755,4,0,0,0,0.0,closed,False,False
5754,5,1,2,0,0.0,open,False,False
5752,1,1,0,0,0.0,closed,False,False
5749,391,82,0,0,0.0,open,False,False
5743,1,1,0,0,0.0,closed,False,False
5740,129,122,0,0,0.0,closed,False,False
5732,27,27,1,0,0.0,closed,False,False
5731,39,1,4,0,0.0,closed,True,True
5729,4,4,1,0,0.0,closed,False,False
5726,14,14,3,0,0.0,open,False,False
5720,78,89,1,0,0.0,closed,False,False
5715,5,7,1,1,0.2,open,False,False
5712,3,2,0,0,0.0,closed,False,False
5708,2,12,1,0,0.0,open,False,False
5707,21,0,0,0,0.0,open,False,False
5699,78,89,1,0,0.0,closed,False,False
5687,4,0,2,0,0.0,closed,False,False
5685,1,1,0,0,0.0,closed,False,False
5684,1,8,0,0,0.0,closed,True,True
5683,136,40,0,0,0.0,closed,True,True
5679,1,1,0,0,0.0,closed,True,True
5678,6,2,0,0,0.0,closed,True,True
5677,14,1,1,0,0.0,closed,True,True
5670,2,18,1,0,0.0,closed,True,True
5666,66,39,0,0,0.0,closed,True,True
5665,4,1,0,0,0.0,closed,True,True
5664,6,6,2,0,0.0,closed,False,False
5663,4,4,0,0,0.0,closed,True,True
5661,40,5,0,0,0.0,closed,True,True
5658,29,4,10,0,0.0,open,False,False
5649,6,6,1,0,0.0,closed,False,False
5643,1,1,1,0,0.0,closed,False,False
5639,6,6,1,0,0.0,closed,False,False
5634,83,53,0,0,0.0,closed,True,True
5633,27,7,0,1,0.058823529411764705,closed,True,True
5628,25,1,0,0,0.0,closed,False,False
5627,3,1,9,0,0.0,open,False,False
5621,40,12,1,0,0.0,closed,False,False
5620,1,1,1,0,0.0,closed,False,False
5605,19,2,2,0,0.0,closed,False,False
5600,0,0,1,0,0.0,closed,False,False
5595,2,1,4,1,0.16666666666666666,open,False,False
5593,46,1,2,1,1.0,open,False,False
5585,25,25,2,0,0.0,closed,False,False
5584,1,3,0,0,0.0,closed,True,True
5581,24,19,1,0,0.0,closed,False,False
5575,21,18,0,0,0.0,closed,False,False
5570,1,1,3,0,0.0,closed,False,False
5566,3,3,0,0,0.0,closed,True,True
5565,79,51,0,0,0.0,closed,True,True
5564,38,26,0,0,0.0,closed,True,True
5560,1,1,0,0,0.0,open,False,False
5558,98,113,8,0,0.0,open,False,False
5551,40,4,4,0,0.0,open,False,False
5548,4,0,0,0,0.0,closed,True,True
5546,63,35,0,0,0.0,closed,True,True
5545,1,1,0,0,0.0,closed,True,True
5542,9,5,0,0,0.0,closed,True,True
5540,53,0,2,0,0.0,closed,False,False
5536,36,0,0,0,0.0,closed,False,False
5535,1,1,0,0,0.0,closed,True,True
5531,35,23,0,0,0.0,closed,True,True
5530,1,0,9,0,0.0,closed,True,True
5528,1,1,0,0,0.0,closed,True,True
5525,19,19,0,0,0.0,closed,True,True
5522,55,35,0,0,0.0,closed,True,True
5521,26,7,0,0,0.0,closed,True,True
5518,1,1,0,0,0.0,closed,True,True
5515,4,0,1,1,0.5,closed,False,False
5514,4,4,0,0,0.0,closed,True,True
5513,462,108,0,1,1.0,closed,True,True
5512,3,2,0,0,0.0,closed,True,True
5510,1,1,0,0,0.0,closed,True,True
5509,1,1,0,0,0.0,closed,True,True
5508,3,0,0,0,0.0,closed,True,True
5507,36,4,0,0,0.0,closed,True,True
5505,38,26,0,0,0.0,closed,True,True
5503,23,8,0,0,0.0,closed,True,True
5502,1,1,0,0,0.0,closed,True,True
5500,34,22,0,0,0.0,closed,True,True
5499,82,54,0,0,0.0,closed,True,True
5497,43,2,0,0,0.0,closed,True,True
5496,2,2,1,0,0.0,open,False,False
5493,6,6,0,0,0.0,closed,True,True
5492,17,2,0,0,0.0,open,False,False
5487,35,22,5,0,0.0,closed,True,True
5486,113,100,0,6,0.42857142857142855,closed,True,True
5483,243,75,0,0,0.0,closed,False,False
5482,129,8,0,5,0.4166666666666667,closed,True,True
5478,1,1,5,0,0.0,closed,True,True
5470,5,2,0,0,0.0,closed,True,True
5467,2,2,0,0,0.0,closed,True,True
5462,1,1,3,0,0.0,closed,True,True
5460,2,3,0,0,0.0,closed,True,True
5459,34,23,2,0,0.0,closed,True,True
5456,58,1,0,0,0.0,closed,True,True
5455,5,1,0,0,0.0,closed,True,True
5453,279,139,0,0,0.0,closed,True,True
5451,17,13,0,0,0.0,closed,True,True
5449,8,4,0,0,0.0,closed,True,True
5448,34,23,0,0,0.0,closed,False,False
5447,6,0,0,0,0.0,closed,True,True
5446,5,3,0,0,0.0,closed,True,True
5445,2,0,4,3,0.6,closed,True,True
5444,3,0,1,0,0.0,closed,True,True
5443,75,26,0,1,0.03571428571428571,closed,True,True
5442,11,2,0,0,0.0,closed,True,True
5441,6,2,0,1,0.16666666666666666,closed,False,False
5440,6,2,0,1,0.25,closed,False,False
5439,5,5,0,0,0.0,closed,True,True
5438,12,12,0,0,0.0,closed,True,True
5436,229,23,0,0,0.0,closed,True,True
5434,2229,12416,0,0,0.0,closed,False,False
5433,2229,12416,0,0,0.0,closed,False,False
5420,245,226,15,0,0.0,closed,True,True
5411,3,0,0,0,0.0,closed,False,False
5410,15,1,1,0,0.0,closed,False,False
5408,1,1,0,0,0.0,closed,True,True
5406,2,1,0,0,0.0,closed,True,True
5404,366,29,3,0,0.0,closed,False,False
5403,9,6,0,0,0.0,closed,True,True
5399,2,0,4,0,0.0,open,False,False
5398,11,3,0,0,0.0,closed,True,True
5397,275,30,0,0,0.0,closed,True,True
5393,723,604,0,0,0.0,closed,True,True
5392,3,3,0,0,0.0,closed,True,True
5384,58,26,2,0,0.0,closed,True,True
5378,223,161,1,0,0.0,closed,False,False
5377,4,2,0,0,0.0,closed,True,True
5376,1,1,0,0,0.0,closed,True,True
5375,309,150,0,6,1.5,closed,True,True
5374,4662,30377,0,0,0.0,closed,False,False
5364,11217,350,0,1,0.3333333333333333,closed,True,True
5359,4,4,2,0,0.0,closed,False,False
5356,18,18,0,0,0.0,closed,False,False
5353,85,31,3,0,0.0,closed,True,True
5347,1,1,1,0,0.0,closed,False,False
5345,78,1,3,5,5.0,closed,True,True
5342,6,928,0,0,0.0,closed,True,True
5339,129,4,2,1,0.3333333333333333,closed,True,True
5338,472,339,1,3,0.5,closed,False,False
5331,0,2,2,0,0.0,closed,False,False
5324,42,0,5,0,0.0,closed,True,True
5322,12,13,1,0,0.0,closed,False,False
5316,304,55,5,4,0.5714285714285714,closed,True,True
5308,6,1,2,0,0.0,closed,True,True
5307,0,1,0,0,0.0,closed,True,True
5306,34,9,21,0,0.0,closed,True,True
5303,89,63,2,0,0.0,closed,False,False
5302,3,1,0,0,0.0,closed,False,False
5300,27,1,4,0,0.0,closed,False,False
5299,21,0,0,0,0.0,closed,False,False
5295,6,6,0,0,0.0,closed,True,True
5294,6,6,0,0,0.0,closed,True,True
5288,3,1,5,0,0.0,closed,False,False
5285,22,2,1,0,0.0,closed,False,False
5277,89,59,4,1,0.3333333333333333,closed,True,True
5269,1,1,0,0,0.0,closed,True,True
5266,1,1,0,0,0.0,closed,True,True
5265,1,1,0,0,0.0,closed,True,True
5261,3,1,0,0,0.0,closed,True,True
5259,5,1,3,0,0.0,closed,False,False
5252,5,1,0,0,0.0,closed,False,False
5250,76,59,2,0,0.0,closed,True,True
5247,60,2,3,0,0.0,closed,True,True
5245,6,6,0,0,0.0,closed,True,True
5244,1,1,0,0,0.0,closed,False,False
5242,3,0,1,0,0.0,closed,False,False
5241,6,6,0,0,0.0,closed,True,True
5237,13,3,8,0,0.0,closed,True,True
5235,6,0,0,0,0.0,closed,True,True
5227,3,1,0,0,0.0,closed,True,True
5225,376,2,0,1,0.5,closed,True,True
5224,310,148,3,1,0.25,closed,True,True
5222,2,2,6,0,0.0,closed,True,True
5218,5,5,0,0,0.0,closed,True,True
5210,1,1,5,0,0.0,closed,False,False
5207,0,0,3,0,0.0,closed,True,True
5205,28,5,1,0,0.0,closed,True,True
5197,2,1,0,0,0.0,closed,True,True
5196,959,19,17,11,2.2,closed,True,True
5194,2,2,0,0,0.0,closed,True,True
5193,1,1,0,0,0.0,closed,True,True
5186,1,0,0,0,0.0,closed,False,False
5184,1,1,0,0,0.0,closed,True,True
5177,0,0,0,0,0.0,closed,False,False
5170,1,1,0,0,0.0,closed,True,True
5169,150,69,1,0,0.0,closed,False,False
5168,1,1,2,0,0.0,closed,False,False
5166,15,13,1,0,0.0,closed,False,False
5165,74,0,3,0,0.0,closed,False,False
5162,481,40,8,7,1.4,closed,True,True
5159,1,1,0,0,0.0,closed,True,True
5152,7,15,2,0,0.0,closed,False,False
5151,12,2,3,0,0.0,closed,True,True
5148,15,13,1,0,0.0,closed,False,False
5146,15223,1166,110,17,0.22077922077922077,closed,False,False
5141,22,22,1,0,0.0,closed,False,False
5139,20,1,0,0,0.0,closed,True,True
5137,12,11,0,0,0.0,closed,True,True
5136,2,1,6,0,0.0,closed,False,False
5135,49,0,0,0,0.0,closed,False,False
5132,64,0,0,0,0.0,closed,False,False
5129,38,3,3,0,0.0,closed,False,False
5128,7,0,2,0,0.0,closed,False,False
5127,67,0,6,0,0.0,closed,False,False
5123,27,3,3,1,0.3333333333333333,closed,False,False
5119,5,5,1,2,0.25,closed,True,True
5116,1,1,0,0,0.0,closed,True,True
5113,44,7,9,2,0.5,closed,True,True
5110,2,2,1,0,0.0,closed,False,False
5109,32,1,0,0,0.0,closed,True,True
5108,37,15,7,0,0.0,closed,True,True
5105,14,2,4,3,0.6,closed,False,False
5104,3,1,7,2,1.0,closed,False,False
5103,1,1,0,0,0.0,closed,True,True
5098,2,2,0,0,0.0,closed,False,False
5097,41,4,0,0,0.0,closed,True,True
5096,3,3,16,4,1.3333333333333333,open,False,False
5090,17,3,7,2,0.4,closed,False,False
5087,0,3,2,0,0.0,closed,False,False
5085,45,11,1,2,0.6666666666666666,closed,True,True
5084,87,9,0,1,0.5,closed,True,True
5077,1,0,0,0,0.0,closed,True,True
5076,583,493,0,0,0.0,closed,False,False
5071,1,1,4,0,0.0,closed,True,True
5069,3,1,3,0,0.0,closed,False,False
5066,212,107,1,2,0.6666666666666666,closed,False,False
5061,268,151,0,0,0.0,closed,True,True
5060,2,2,0,0,0.0,closed,True,True
5057,21,1,1,0,0.0,closed,False,False
5054,1,1,1,0,0.0,closed,True,True
5051,1,1,1,0,0.0,closed,False,False
5050,1,1,0,0,0.0,closed,False,False
5046,7,4,1,0,0.0,closed,True,True
5042,28,17,0,0,0.0,closed,False,False
5037,172,28,12,5,1.6666666666666667,closed,False,False
5036,1,1,0,0,0.0,closed,True,True
5030,3,5,3,0,0.0,closed,True,True
5025,2,1,0,0,0.0,closed,True,True
5022,9,9,2,0,0.0,closed,True,True
5021,4,4,0,0,0.0,closed,True,True
5018,21,3,2,0,0.0,closed,True,True
5010,4,0,0,0,0.0,closed,True,True
5003,12,2,4,0,0.0,closed,True,True
4993,16,5,1,0,0.0,closed,True,True
4991,2,0,0,0,0.0,closed,False,False
4990,3,2,0,0,0.0,closed,False,False
4987,6,0,0,0,0.0,closed,False,False
4985,0,0,0,0,0.0,closed,False,False
4984,1,1,0,0,0.0,closed,False,False
4980,1,1,0,0,0.0,closed,True,True
4970,1,1,0,0,0.0,closed,True,True
4969,15,1,0,0,0.0,closed,False,False
4961,12,1,2,0,0.0,closed,True,True
4960,11,0,0,0,0.0,closed,True,True
4957,7,7,1,0,0.0,closed,False,False
4956,8,0,4,0,0.0,closed,True,True
4949,0,2,0,0,0.0,closed,True,True
4945,1,0,1,0,0.0,closed,False,False
4942,2,2,0,0,0.0,closed,True,True
4941,1,1,0,0,0.0,closed,True,True
4934,3,1,0,0,0.0,closed,True,True
4927,7,1,0,2,0.4,closed,True,True
4926,12,2,0,0,0.0,closed,False,False
4922,1,1,4,0,0.0,closed,True,True
4917,4,4,5,0,0.0,closed,True,True
4916,1,1,0,0,0.0,closed,False,False
4914,0,2,0,0,0.0,closed,True,True
4905,0,0,2,0,0,closed,False,False
4903,66,0,0,0,0.0,closed,True,True
4902,2,2,1,0,0.0,closed,False,False
4900,1,1,1,0,0.0,closed,False,False
4897,1,0,1,0,0.0,closed,False,False
4884,324,327,0,0,0.0,closed,True,True
4882,17,17,0,0,0.0,closed,True,True
4880,3,0,1,0,0.0,closed,False,False
4875,1,1,0,0,0.0,closed,True,True
4874,14,1,0,0,0.0,closed,True,True
4872,61,31,0,0,0.0,closed,True,True
4871,29,0,0,0,0.0,closed,True,True
4868,29,0,2,1,0.1,closed,False,False
4862,1,1,1,0,0.0,closed,True,True
4857,1,1,0,0,0.0,closed,True,True
4856,3,1,2,1,0.3333333333333333,closed,False,False
4855,3,1,0,0,0.0,closed,False,False
4854,1,1,2,0,0.0,closed,True,True
4853,7,7,1,0,0.0,closed,True,True
4852,17,15,0,0,0.0,closed,True,True
4850,1,1,2,0,0.0,closed,False,False
4829,1405,12,1,0,0.0,closed,False,False
4825,31,31,1,0,0.0,closed,True,True
4820,1,1,0,0,0.0,closed,True,True
4819,3,9,0,0,0.0,closed,True,True
4818,14,14,1,0,0.0,closed,False,False
4817,1,1,1,0,0.0,closed,False,False
4815,2,2,1,0,0.0,closed,True,True
4814,1,1,0,0,0.0,closed,True,True
4813,1,1,0,0,0.0,closed,True,True
4805,254,95,0,0,0.0,closed,True,True
4804,1,1,1,0,0.0,closed,True,True
4801,1,1,0,0,0.0,closed,True,True
4798,1,1,0,0,0.0,closed,True,True
4797,1,1,0,0,0.0,closed,True,True
4796,1,1,0,0,0.0,closed,True,True
4795,1,2,0,0,0.0,closed,True,True
4791,16,17,0,6,2.0,closed,False,False
4790,1,0,0,0,0.0,closed,False,False
4788,1,1,0,0,0.0,closed,True,True
4787,26432,23261,1,2,0.09090909090909091,closed,True,True
4786,2,1,1,0,0.0,closed,True,True
4785,2,1,0,0,0.0,closed,True,True
4784,3,2,0,0,0.0,closed,True,True
4782,2,1,5,0,0.0,closed,True,True
4772,2205,619,0,0,0.0,closed,False,False
4771,14,0,0,0,0.0,closed,True,True
4770,6,0,0,0,0.0,closed,True,True
4769,4741,3623,0,0,0.0,closed,True,True
4767,16,0,0,0,0.0,closed,True,True
4765,9,0,0,0,0.0,closed,True,True
4764,6,6,0,0,0.0,closed,True,True
4756,225,149,0,0,0.0,closed,True,True
4755,225,149,0,0,0.0,closed,True,True
4754,225,149,0,0,0.0,closed,True,True
4753,1203,539,0,0,0.0,closed,False,False
4752,1080,222,0,0,0.0,closed,False,False
4751,1080,222,0,0,0.0,closed,True,True
4750,1080,222,0,0,0.0,closed,True,True
4745,24,0,1,0,0.0,closed,True,True
4743,6,6,0,0,0.0,closed,True,True
4742,108,17,0,0,0.0,closed,True,True
4739,10,4,1,0,0.0,closed,False,False
4738,6,2,1,0,0.0,closed,True,True
4736,2,2,2,0,0.0,closed,False,False
4735,195,10,4,0,0.0,closed,True,True
4734,84,87,1,0,0.0,closed,True,True
4731,33,0,1,0,0.0,closed,True,True
4728,114,35,2,0,0.0,closed,True,True
4725,226,48,1,0,0.0,closed,True,True
4722,4,6,1,0,0.0,closed,True,True
4721,41,9,1,0,0.0,closed,True,True
4718,3,1,4,0,0.0,closed,True,True
4717,1,1,0,0,0.0,closed,True,True
4715,2,2,1,0,0.0,closed,True,True
4714,245,65,3,0,0.0,closed,True,True
4711,3,3,0,0,0.0,closed,True,True
4708,67,6,0,0,0.0,closed,True,True
4704,660,83,4,0,0.0,closed,True,True
4701,7,2,4,0,0.0,closed,True,True
4699,2,4,0,0,0.0,closed,True,True
4687,3,3,1,0,0.0,closed,True,True
4678,1,1,0,0,0.0,closed,True,True
4675,2,2,1,0,0.0,closed,True,True
4673,8,8,1,0,0.0,closed,True,True
4668,9,0,1,0,0.0,closed,True,True
4665,1,1,0,0,0.0,closed,True,True
4659,6,4,5,6,1.0,closed,True,True
4656,1,1,0,0,0.0,closed,True,True
4654,1,0,2,0,0.0,closed,True,True
4649,1,1,1,0,0.0,closed,True,True
4642,19,2,2,0,0.0,closed,False,False
4641,1,3,1,0,0.0,closed,False,False
4640,18,0,0,2,0.5,closed,True,True
4639,32,2,0,0,0.0,closed,True,True
4624,7,1,4,0,0.0,closed,True,True
4615,6,6,0,0,0.0,closed,True,True
4603,2,2,1,0,0.0,closed,False,False
4599,1,1,0,0,0.0,closed,True,True
4596,75,15,3,1,0.25,closed,True,True
4594,1010,878,3,2,1.0,closed,True,True
4591,2,2,0,0,0.0,closed,False,False
4590,8,21,0,0,0.0,closed,True,True
4587,2,2,0,0,0.0,closed,True,True
4580,36,9,3,1,0.1,closed,True,True
4574,6,6,0,0,0.0,closed,True,True
4572,19,1,2,1,1.0,closed,False,False
4567,5,2,2,0,0.0,closed,False,False
4566,6,6,0,0,0.0,closed,True,True
4562,19,13,3,0,0.0,closed,True,True
4557,8,0,1,2,0.4,closed,True,True
4551,1,1,1,0,0.0,closed,True,True
4550,4,2,4,0,0.0,closed,True,True
4549,2,1,2,0,0.0,closed,False,False
4544,1,5,0,0,0.0,closed,True,True
4532,1,1,0,0,0.0,closed,True,True
4528,713,239,0,0,0.0,closed,False,False
4517,1,1,5,0,0.0,closed,False,False
4516,0,0,0,0,0.0,closed,True,True
4515,26,22,0,0,0.0,closed,True,True
4514,20,16,0,0,0.0,closed,False,False
4511,4,1,1,0,0.0,closed,False,False
4506,8,6,0,0,0.0,closed,True,True
4505,1,2,1,0,0.0,closed,True,True
4501,6,6,0,0,0.0,closed,True,True
4500,15,15,1,0,0.0,closed,True,True
4495,17,3,0,0,0.0,closed,False,False
4494,9,1,3,0,0.0,closed,False,False
4492,3,1,1,0,0.0,closed,True,True
4491,6,6,1,0,0.0,closed,False,False
4475,31,9,3,0,0.0,closed,False,False
4473,6,6,0,0,0.0,closed,True,True
4472,15,40,0,0,0.0,closed,True,True
4470,4,5,0,0,0.0,closed,True,True
4469,210,16271,3,0,0.0,closed,False,False
4468,3,3,1,0,0.0,closed,True,True
4465,144,0,0,0,0.0,closed,True,True
4462,11,10,1,0,0.0,closed,True,True
4461,88,80,0,0,0.0,closed,True,True
4448,713,239,2,12,1.0,closed,True,True
4446,74,27,0,0,0.0,closed,False,False
4445,217,16275,2,0,0.0,closed,False,False
4444,10,1,1,0,0.0,closed,False,False
4436,97,78,14,14,1.1666666666666667,closed,True,True
4435,39,60,1,5,1.25,closed,True,True
4426,0,25,1,0,0.0,closed,True,True
4425,2,2,1,0,0.0,closed,False,False
4418,1,1,0,0,0.0,closed,True,True
4414,1,1,2,0,0.0,closed,True,True
4413,40,15,1,0,0.0,closed,True,True
4391,1,1,0,0,0.0,closed,True,True
4390,0,0,0,0,0.0,closed,False,False
4387,8,8,0,0,0.0,closed,True,True
4379,1,1,13,0,0.0,closed,True,True
4373,29324,1,2,0,0.0,closed,False,False
4368,21,8,1,0,0.0,closed,False,False
4363,3,4,1,1,0.25,closed,False,False
4356,6,1,2,0,0.0,closed,False,False
4351,36,26,2,0,0.0,closed,False,False
4348,142,4,3,10,0.8333333333333334,closed,False,False
4346,0,2,1,0,0.0,closed,True,True
4344,1,1,3,2,0.2222222222222222,closed,True,True
4340,7,7,1,0,0.0,closed,False,False
4334,12,2,0,0,0.0,closed,True,True
4326,97,1,2,0,0.0,closed,False,False
4322,1,1,3,0,0.0,closed,True,True
4321,11,2,2,0,0.0,closed,False,False
4319,1,0,0,0,0.0,closed,True,True
4301,0,3,0,0,0.0,closed,False,False
4293,1,1,4,0,0.0,closed,True,True
4291,23,1,2,0,0.0,closed,False,False
4287,11,0,1,0,0.0,closed,False,False
4275,5,0,1,1,1.0,closed,False,False
4261,30,3,0,1,0.2,closed,True,True
4259,1,0,1,0,0.0,closed,False,False
4254,42,38,1,0,0.0,closed,False,False
4248,46,0,4,2,0.2,closed,True,True
4241,37407,2507,1,1,0.004651162790697674,closed,False,False
4240,86,18,1,0,0.0,closed,False,False
4238,1,0,1,0,0.0,closed,True,True
4232,4,4,1,0,0.0,closed,True,True
4229,12,1,8,0,0.0,closed,True,True
4225,19,7,0,0,0.0,closed,False,False
4224,2,2,0,0,0.0,closed,True,True
4221,19,7,2,0,0.0,closed,True,True
4220,20,16,6,0,0.0,closed,True,True
4219,1,1,1,0,0.0,closed,True,True
4217,1,1,1,0,0.0,closed,False,False
4215,418,52,4,0,0.0,closed,False,False
4214,1,0,1,0,0.0,closed,False,False
4213,137,132,1,0,0.0,closed,False,False
4212,81,1,2,1,0.3333333333333333,closed,False,False
4210,5,1,0,0,0.0,closed,False,False
4208,32,1,1,0,0.0,closed,False,False
4207,6,0,1,0,0.0,closed,True,True
4206,2,2,1,0,0.0,closed,False,False
4205,26,14,1,3,0.3333333333333333,closed,False,False
4202,4,3,1,0,0.0,closed,False,False
4201,1,1,1,0,0.0,closed,True,True
4198,14,5,2,0,0.0,closed,False,False
4197,7,4,1,0,0.0,closed,False,False
4195,10,1,1,1,0.5,closed,False,False
4191,5,1,1,3,3.0,closed,False,False
4189,8,1,1,0,0.0,closed,False,False
4186,13,13,7,3,1.0,closed,True,True
4185,10,1,12,0,0.0,closed,True,True
4180,6,1,2,0,0.0,closed,False,False
4179,0,1,1,0,0.0,closed,False,False
4178,3,2,1,0,0.0,closed,False,False
4174,5,2,2,0,0.0,closed,False,False
4171,12,7,1,0,0.0,closed,False,False
4164,11,11,8,5,1.25,closed,False,False
4147,3,3,3,0,0.0,closed,True,True
4144,1,1,21,0,0.0,closed,True,True
4143,621,363,0,0,0.0,closed,True,True
4142,11,11,9,0,0.0,closed,True,True
4140,58,31,10,2,0.2,closed,True,True
4136,16,6,8,0,0.0,closed,True,True
4135,1,1,1,0,0.0,closed,False,False
4133,15,15,5,3,1.5,closed,False,False
4117,20,6,1,0,0.0,closed,False,False
4116,15,15,4,6,3.0,closed,True,True
4115,1,1,0,0,0.0,closed,True,True
4114,1,1,2,0,0.0,closed,True,True
4111,20,24,11,0,0.0,closed,False,False
4110,17,3,1,0,0.0,closed,False,False
4107,621,363,0,0,0.0,closed,True,True
4096,3,3,1,0,0.0,closed,True,True
4078,394,46,4,0,0.0,closed,False,False
4077,125,19,2,0,0.0,closed,False,False
4076,243,44,2,0,0.0,closed,False,False
4075,11,4,1,7,3.5,closed,False,False
4072,1,1,1,0,0.0,closed,True,True
4069,1,1,1,0,0.0,closed,True,True
4066,2,1,0,0,0.0,closed,True,True
4065,168,179,0,0,0.0,closed,True,True
4059,6,1,1,0,0.0,closed,False,False
4055,412,6,7,8,2.0,closed,False,False
4052,62,46,4,0,0.0,closed,True,True
4050,0,0,2,0,0.0,closed,False,False
4046,4,3,0,0,0.0,closed,False,False
4045,1,0,1,0,0.0,closed,False,False
4041,165,179,3,0,0.0,closed,True,True
4037,7,1,3,0,0.0,closed,False,False
4033,1,1,2,0,0.0,closed,False,False
4029,0,0,2,0,0,closed,False,False
4025,66,11,0,0,0.0,closed,True,True
4021,46,3,0,0,0.0,closed,False,False
4020,29,1,22,0,0.0,closed,True,True
4013,30,1,1,0,0.0,closed,True,True
4008,11,5,1,0,0.0,closed,False,False
3991,2,2,0,0,0.0,closed,False,False
3990,1,1,0,0,0.0,closed,False,False
3987,1,1,0,0,0.0,closed,False,False
3981,5,0,0,0,0.0,closed,True,True
3980,1,1,10,0,0.0,closed,True,True
3975,3,2,3,0,0.0,closed,False,False
3970,2,2,5,0,0.0,closed,False,False
3968,26,5,1,0,0.0,closed,False,False
3967,10,7,0,0,0.0,closed,True,True
3966,76,2,3,0,0.0,closed,False,False
3962,1,1,1,0,0.0,closed,False,False
3961,25,0,2,6,1.0,closed,True,True
3957,1,1,1,0,0.0,closed,False,False
3953,1,1,0,0,0.0,closed,True,True
3952,1,1,3,5,2.5,closed,False,False
3951,2,2,0,0,0.0,closed,False,False
3938,27,0,10,0,0.0,closed,True,True
3937,24,0,0,0,0.0,closed,False,False
3936,4,4,0,0,0.0,closed,True,True
3925,1,1,0,0,0.0,closed,False,False
3922,22,5,2,0,0.0,closed,False,False
3918,15,0,1,0,0.0,closed,True,True
3916,43,0,5,0,0.0,closed,True,True
3912,1,1,1,2,1.0,closed,False,False
3911,8,3,0,2,0.5,closed,False,False
3907,279,209,1,3,1.5,closed,False,False
3906,19,4,3,0,0.0,closed,False,False
3895,1,1,0,0,0.0,closed,False,False
3866,2,1,0,0,0.0,closed,False,False
3865,2,1,0,0,0.0,closed,False,False
3852,38,3,4,8,0.7272727272727273,closed,True,True
3851,59,7,1,0,0.0,closed,False,False
3850,3,3,2,0,0.0,closed,False,False
3847,4,4,1,0,0.0,closed,False,False
3837,32,0,1,0,0.0,closed,False,False
3836,1,1,0,0,0.0,closed,True,True
3831,1,1,3,0,0.0,closed,False,False
3826,6,0,5,0,0.0,closed,False,False
3825,2,2,0,0,0.0,closed,True,True
3822,1,1,0,0,0.0,closed,False,False
3818,0,0,1,1,0.3333333333333333,closed,True,True
3817,1,0,0,0,0.0,closed,True,True
3816,89,38,12,0,0.0,closed,False,False
3813,1,1,1,0,0.0,closed,True,True
3809,1,1,0,0,0.0,closed,True,True
3807,6,6,0,0,0.0,closed,True,True
3806,3,3,1,0,0.0,closed,False,False
3803,1,0,0,0,0.0,closed,True,True
3802,2,2,0,0,0.0,closed,True,True
3800,6,1,3,0,0.0,closed,True,True
3796,1,0,0,0,0.0,closed,True,True
3794,14,19,0,0,0.0,closed,False,False
3791,26,1,0,0,0.0,closed,True,True
3786,4,1,5,0,0.0,closed,True,True
3785,0,4,3,0,0.0,closed,True,True
3784,31,4,2,0,0.0,closed,False,False
3783,1,1,1,0,0.0,closed,True,True
3781,74,2,0,5,2.5,closed,True,True
3773,2,0,1,0,0.0,closed,False,False
3772,1,0,0,2,1.0,closed,True,True
3771,1,1,1,0,0.0,closed,True,True
3767,14,3,0,0,0.0,closed,True,True
3763,0,1,0,0,0.0,closed,True,True
3757,73,0,23,0,0.0,closed,True,True
3756,73,0,2,0,0.0,closed,False,False
3748,105,1,0,0,0.0,closed,False,False
3738,3,1,1,0,0.0,closed,True,True
3737,44,1,3,0,0.0,closed,True,True
3734,5,1,1,2,2.0,closed,False,False
3727,27,5,2,0,0.0,closed,False,False
3717,20,18,0,0,0.0,closed,True,True
3712,1,1,0,0,0.0,closed,True,True
3707,3,0,0,0,0.0,closed,True,True
3703,40,2,1,1,0.2,closed,True,True
3694,1,1,0,0,0.0,closed,True,True
3688,403,38,7,9,0.6428571428571429,closed,True,True
3681,1,1,0,0,0.0,closed,True,True
3667,4,0,0,0,0.0,closed,False,False
3654,54,3,1,0,0.0,closed,False,False
3645,332,221,4,1,1.0,closed,True,True
3630,2,2,0,0,0.0,closed,False,False
3619,5,0,0,0,0.0,closed,False,False
3617,1,0,5,0,0.0,closed,False,False
3614,551,124,1,0,0.0,closed,False,False
3613,1,1,4,1,1.0,closed,False,False
3610,50,7,0,0,0.0,closed,True,True
3604,6,0,0,0,0.0,closed,True,True
3581,37,1,7,0,0.0,closed,True,True
3567,1,1,1,0,0.0,closed,True,True
3566,6,0,0,0,0.0,closed,False,False
3564,148,25,0,0,0.0,closed,True,True
3562,1,0,1,0,0.0,closed,False,False
3546,8,1,4,0,0.0,closed,True,True
3545,1,0,0,0,0.0,closed,True,True
3544,170,2,4,6,1.0,closed,True,True
3539,4,0,1,4,0.5714285714285714,closed,True,True
3538,1,0,0,0,0.0,closed,True,True
3523,0,1,0,0,0.0,closed,True,True
3519,2,2,0,0,0.0,closed,False,False
3515,1,1,1,0,0.0,closed,False,False
3496,1,0,0,0,0.0,closed,True,True
3485,0,2,0,0,0.0,closed,False,False
3477,3,5,0,0,0.0,closed,True,True
3471,4,4,8,0,0.0,closed,False,False
3470,5,5,2,0,0.0,closed,True,True
3450,22,17,1,0,0.0,closed,False,False
3449,71,17,1,0,0.0,closed,False,False
3446,3,0,1,0,0.0,closed,False,False
3441,4,2,1,0,0.0,closed,False,False
3432,0,1,1,0,0.0,closed,False,False
3422,6,0,1,0,0.0,closed,True,True
3415,13,0,0,0,0.0,closed,False,False
3414,1,0,1,0,0.0,closed,False,False
3413,5,18,3,0,0.0,closed,False,False
3410,87,10,24,7,1.1666666666666667,closed,True,True
3409,15,0,0,0,0.0,closed,False,False
3401,36,70,0,4,1.3333333333333333,closed,True,True
3394,698,228,0,0,0.0,closed,False,False
3380,0,0,1,0,0,closed,False,False
3377,34,4,0,0,0.0,closed,True,True
3376,41,7,1,0,0.0,closed,False,False
3375,9,2,4,0,0.0,closed,True,True
3367,1,1,1,0,0.0,closed,False,False
3364,1,1,6,0,0.0,closed,True,True
3362,1,1,1,0,0.0,closed,False,False
3361,1,1,5,0,0.0,closed,True,True
3360,14,14,5,3,0.75,closed,False,False
3342,3,3,1,3,1.5,closed,True,True
3326,1,1,1,0,0.0,closed,False,False
3321,1,1,2,0,0.0,closed,True,True
3309,8,8,0,0,0.0,closed,True,True
3305,179,24,11,2,0.1,closed,True,True
3296,1,1,2,0,0.0,closed,False,False
3295,75,10,6,0,0.0,closed,False,False
3289,0,7,0,0,0.0,closed,True,True
3287,16,2,0,2,1.0,closed,True,True
3282,13,1,10,0,0.0,closed,True,True
3272,18,0,1,0,0.0,closed,False,False
3270,6,2,2,0,0.0,closed,False,False
3269,2,2,0,0,0.0,closed,False,False
3263,429,144,1,0,0.0,closed,False,False
3252,1,1,0,0,0.0,closed,True,True
3237,2,2,8,0,0.0,closed,True,True
3229,10,2,1,0,0.0,closed,False,False
3228,18,2,1,3,1.0,closed,False,False
3222,124,0,1,0,0.0,closed,False,False
3221,3,1,2,0,0.0,closed,False,False
3209,1,1,1,0,0.0,closed,True,True
3206,1,21,1,0,0.0,closed,True,True
3200,9,1,2,0,0.0,closed,True,True
3180,1,1,1,0,0.0,closed,False,False
3176,2,1,0,0,0.0,closed,True,True
3171,1693,1621,0,0,0.0,closed,False,False
3168,7,2,0,0,0.0,closed,False,False
3164,11,0,1,0,0.0,closed,False,False
3159,3,3,1,0,0.0,closed,False,False
3153,1,1,0,4,1.3333333333333333,closed,True,True
3149,2,2,1,0,0.0,closed,False,False
3145,863,21,0,0,0.0,closed,False,False
3138,42,5,10,2,0.3333333333333333,closed,False,False
3111,3,0,2,1,0.3333333333333333,closed,False,False
3107,8,0,1,8,2.0,closed,False,False
3092,1,21,3,0,0.0,closed,False,False
3084,11,1,3,0,0.0,closed,False,False
3072,9,0,3,0,0.0,closed,False,False
3070,151,3,7,6,1.5,closed,True,True
3056,2,1,8,0,0.0,closed,False,False
3050,31,0,1,2,0.2222222222222222,closed,True,True
3049,13,4,6,0,0.0,closed,True,True
3036,1,1,1,0,0.0,closed,False,False
3035,4,2,0,0,0.0,closed,True,True
3031,1,1,0,0,0.0,closed,True,True
3029,20,0,5,0,0.0,closed,True,True
3022,89,45,2,0,0.0,closed,True,True
3021,3,3,1,0,0.0,closed,True,True
3018,2,2,2,0,0.0,closed,False,False
3006,1,1,1,0,0.0,closed,True,True
3002,12,12,17,0,0.0,closed,True,True
2995,24,20,0,0,0.0,closed,True,True
2993,1,0,1,0,0.0,closed,False,False
2992,2,0,1,0,0.0,closed,False,False
2982,1,7,0,0,0.0,closed,True,True
2977,1,16,0,0,0.0,closed,True,True
2976,4,4,0,0,0.0,closed,False,False
2956,23,3,5,0,0.0,closed,True,True
2950,221,7943,0,0,0.0,closed,False,False
2949,49,0,4,5,0.38461538461538464,closed,True,True
2943,144,13,1,0,0.0,closed,False,False
2942,0,0,0,0,0.0,closed,False,False
2941,312,312,1,0,0.0,closed,False,False
2933,2,1,2,0,0.0,closed,False,False
2930,13,1,3,0,0.0,closed,True,True
2928,1,1,2,0,0.0,closed,True,True
2926,3,0,0,0,0.0,closed,False,False
2914,21,5,1,0,0.0,closed,False,False
2912,1,1,0,0,0.0,closed,True,True
2911,1,1,0,0,0.0,closed,False,False
2893,1,1,0,1,1.0,closed,False,False
2892,1,7,4,0,0.0,closed,False,False
2891,860,220,17,0,0.0,closed,False,False
2887,1,1,0,3,1.5,closed,True,True
2880,50,9,4,0,0.0,closed,True,True
2874,101,10,10,12,6.0,closed,False,False
2872,8,3,11,0,0.0,closed,True,True
2865,1,0,1,0,0.0,closed,False,False
2860,2,0,1,0,0.0,closed,True,True
2859,1,1,4,0,0.0,closed,False,False
2856,62,10,1,2,0.6666666666666666,closed,False,False
2854,1,0,1,0,0.0,closed,False,False
2851,4,4,0,0,0.0,closed,True,True
2849,91,17,5,4,4.0,closed,False,False
2844,412,153,1,3,0.14285714285714285,closed,True,True
2831,1,0,1,0,0.0,closed,True,True
2830,3,1,5,0,0.0,closed,False,False
2828,3214,2743,0,0,0.0,closed,False,False
2812,3,1,1,8,8.0,closed,False,False
2807,1,0,1,0,0.0,closed,False,False
2806,60,4,1,0,0.0,closed,False,False
2805,28,0,0,0,0.0,closed,True,True
2801,3,0,5,0,0.0,closed,False,False
2800,3,0,0,0,0.0,closed,False,False
2798,80,44,3,0,0.0,closed,False,False
2797,2,2,20,0,0.0,closed,True,True
2795,5,5,2,0,0.0,closed,True,True
2787,17,17,1,0,0.0,closed,False,False
2784,1,1,0,0,0.0,closed,True,True
2781,46,9,1,18,4.5,closed,True,True
2778,1,1,0,0,0.0,closed,True,True
2773,1,1,5,0,0.0,closed,True,True
2769,142,7,5,0,0.0,closed,False,False
2763,2,0,0,0,0.0,closed,True,True
2751,87,52,16,0,0.0,closed,False,False
2749,27,3,1,1,0.125,closed,False,False
2748,23,14,0,0,0.0,closed,True,True
2733,1,1,1,0,0.0,closed,False,False
2729,1,1,6,1,0.5,closed,False,False
2727,9,7,3,4,1.0,closed,True,True
2726,15,10,1,0,0.0,closed,False,False
2725,18,9,1,2,2.0,closed,False,False
2724,31,2,2,4,4.0,closed,False,False
2715,1,0,2,0,0.0,closed,False,False
2702,337,22,20,59,8.428571428571429,closed,True,True
2695,35,0,0,3,1.0,closed,True,True
2689,2,2,5,0,0.0,closed,True,True
2683,2,2,0,0,0.0,closed,True,True
2681,16,0,1,0,0.0,closed,False,False
2679,0,43,5,0,0.0,closed,True,True
2671,9,2,8,1,0.1,closed,False,False
2669,30,3,5,0,0.0,closed,False,False
2666,4,4,6,0,0.0,closed,True,True
2664,25,0,1,0,0.0,closed,False,False
2661,44,11,2,4,0.36363636363636365,closed,True,True
2659,320,36,3,0,0.0,closed,False,False
2656,19,17,17,6,1.2,closed,True,True
2652,6353,52,1,0,0.0,closed,False,False
2647,110,3,3,4,0.5714285714285714,closed,False,False
2643,42,42,0,0,0.0,closed,True,True
2642,4,5,0,0,0.0,closed,True,True
2639,1,1,1,0,0.0,closed,True,True
2637,9,5,6,0,0.0,closed,True,True
2634,14,2,2,2,0.5,closed,False,False
2631,25,2,1,4,1.0,closed,False,False
2626,1,1,1,0,0.0,closed,False,False
2619,18,2,1,2,1.0,closed,False,False
2603,2,1,2,1,0.2,closed,False,False
2601,5,2,0,0,0.0,closed,True,True
2591,2,2,1,0,0.0,closed,False,False
2589,10,3,4,6,1.0,closed,False,False
2588,21,15,1,0,0.0,closed,False,False
2582,2,2,0,0,0.0,closed,True,True
2574,11,11,1,6,1.5,closed,True,True
2570,1,1,0,0,0.0,closed,True,True
2568,56,19,1,6,6.0,closed,False,False
2563,7,7,5,3,1.5,closed,False,False
2562,2,1,5,0,0.0,closed,False,False
2557,6,1,0,0,0.0,closed,False,False
2555,34,1,5,0,0.0,closed,False,False
2554,739,1,0,0,0.0,closed,False,False
2553,1,1,9,2,2.0,closed,False,False
2551,11,2,2,0,0.0,closed,False,False
2547,2,2,4,0,0.0,closed,False,False
2545,35,8,4,7,7.0,closed,False,False
2541,85,0,9,0,0.0,closed,False,False
2540,1,1,0,0,0.0,closed,True,True
2538,1,1,0,0,0.0,closed,True,True
2536,52,110,5,7,1.1666666666666667,closed,False,False
2533,24,24,3,0,0.0,closed,False,False
2529,3,1,0,0,0.0,closed,True,True
2521,59,0,14,4,0.21052631578947367,closed,False,False
2520,22,13,3,6,1.2,closed,False,False
2516,3,1,0,0,0.0,closed,False,False
2514,6,0,0,0,0.0,closed,True,True
2513,1,0,1,0,0.0,closed,True,True
2508,21,1,5,5,0.8333333333333334,closed,True,True
2504,0,1,2,0,0.0,closed,True,True
2502,6667,156,23,0,0.0,closed,False,False
2498,178,3,6,6,0.42857142857142855,closed,True,True
2496,5,4,1,0,0.0,closed,True,True
2495,73,3,4,2,0.5,closed,False,False
2491,41,46,6,0,0.0,closed,False,False
2488,5,4,5,0,0.0,closed,True,True
2487,15,2,1,2,0.5,closed,False,False
2483,15,2,0,0,0.0,closed,False,False
2479,113,47,1,0,0.0,closed,True,True
2475,1,0,2,0,0.0,closed,False,False
2470,21,1,3,15,2.142857142857143,closed,True,True
2467,1,0,1,0,0.0,closed,False,False
2466,9,0,0,0,0.0,closed,True,True
2464,33,6,6,2,0.3333333333333333,closed,True,True
2458,1,1,1,0,0.0,closed,True,True
2451,13,0,2,0,0.0,closed,True,True
2446,1,0,0,0,0.0,closed,True,True
2444,2,0,0,0,0.0,closed,True,True
2443,2,2,14,0,0.0,closed,True,True
2442,1,2,0,0,0.0,closed,True,True
2437,4,0,1,0,0.0,closed,False,False
2432,1,1,0,0,0.0,closed,True,True
2427,1,0,1,0,0.0,closed,True,True
2426,4,0,1,1,0.5,closed,True,True
2424,201,91,15,2,0.125,closed,True,True
2423,2,1,1,5,2.5,closed,False,False
2419,38,1,5,0,0.0,closed,True,True
2414,4,0,1,0,0.0,closed,False,False
2413,4,0,0,0,0.0,closed,False,False
2410,47,113,7,5,1.25,closed,True,True
2407,1,1,0,0,0.0,closed,True,True
2404,1,1,0,0,0.0,closed,True,True
2403,4,2,1,0,0.0,closed,False,False
2399,2,0,0,0,0.0,closed,True,True
2391,85,10,4,0,0.0,closed,True,True
2389,5,5,3,0,0.0,closed,False,False
2386,2,4,0,0,0.0,closed,True,True
2384,1,1,1,0,0.0,closed,True,True
2383,9,1,2,0,0.0,closed,True,True
2375,11,3,6,0,0.0,closed,False,False
2366,17,17,1,0,0.0,closed,False,False
2364,12,3,2,0,0.0,closed,False,False
2347,0,685,0,0,0.0,closed,False,False
2342,1,0,3,0,0.0,closed,False,False
2341,1,0,0,0,0.0,closed,True,True
2333,1,1,3,0,0.0,closed,False,False
2331,1,1,1,0,0.0,closed,False,False
2317,5,0,0,0,0.0,closed,True,True
2314,1,1,1,0,0.0,closed,False,False
2305,1,1,4,0,0.0,closed,False,False
2302,14,2,3,0,0.0,closed,False,False
2293,8,8,1,0,0.0,closed,False,False
2290,14,3,2,0,0.0,closed,True,True
2285,42,7,1,0,0.0,closed,False,False
2275,6,1,0,0,0.0,closed,True,True
2274,6,1,0,0,0.0,closed,False,False
2271,1,1,1,0,0.0,closed,True,True
2268,0,0,0,0,0,closed,False,False
2259,1,1,0,0,0.0,closed,True,True
2256,9,0,2,0,0.0,closed,True,True
2255,73,102,1,1,0.25,closed,False,False
2251,17,0,1,0,0.0,closed,False,False
2246,21,2,1,0,0.0,closed,False,False
2243,19,1,3,4,0.5714285714285714,closed,False,False
2233,9,0,7,0,0.0,closed,False,False
2227,1,1,4,0,0.0,closed,False,False
2222,12,10,0,0,0.0,closed,False,False
2221,12,10,0,0,0.0,closed,False,False
2218,4,1,1,0,0.0,closed,False,False
2212,1,1,0,0,0.0,closed,True,True
2211,0,3,2,0,0.0,closed,False,False
2210,11,3,0,1,0.2,closed,True,True
2209,17,2,1,2,2.0,closed,False,False
2207,36,9,66,0,0.0,closed,True,True
2201,4,5,7,0,0.0,closed,True,True
2198,44,27,2,2,0.4,closed,True,True
2196,2,2,14,0,0.0,closed,False,False
2193,1,1,0,0,0.0,closed,True,True
2191,1,0,3,0,0.0,closed,True,True
2189,1,1,1,0,0.0,closed,True,True
2186,2,2,0,1,0.3333333333333333,closed,False,False
2176,1,0,0,0,0.0,closed,True,True
2169,1,1,0,0,0.0,closed,True,True
2166,2,0,0,0,0.0,closed,True,True
2162,2,1,0,0,0.0,closed,True,True
2161,2,1,1,0,0.0,closed,False,False
2156,1,0,1,0,0.0,closed,False,False
2141,1,0,0,0,0.0,closed,True,True
2138,1,1,8,4,1.0,closed,False,False
2135,7,7,1,1,1.0,closed,False,False
2128,29,0,5,4,0.8,closed,False,False
2121,2,1,0,0,0.0,closed,True,True
2120,2,2,1,0,0.0,closed,False,False
2092,8,8,1,0,0.0,closed,False,False
2090,1,1,0,0,0.0,closed,True,True
2088,2,2,0,1,0.25,closed,True,True
2085,5,0,3,0,0.0,closed,False,False
2080,1,0,0,0,0.0,closed,True,True
2075,1,1,1,0,0.0,closed,False,False
2071,63,0,2,7,1.0,closed,False,False
2070,12,3,2,0,0.0,closed,False,False
2066,3,3,0,0,0.0,closed,True,True
2062,2,2,1,0,0.0,closed,False,False
2055,1,1,1,0,0.0,closed,False,False
2046,10,10,1,0,0.0,closed,False,False
2040,38,6,9,1,0.5,closed,False,False
2036,6,0,0,0,0.0,closed,True,True
2032,3,0,1,0,0.0,closed,False,False
2020,1,0,1,0,0.0,closed,True,True
2014,60,10,2,0,0.0,closed,True,True
2006,53,14,7,0,0.0,closed,False,False
2003,1,0,1,2,2.0,closed,True,True
2000,46,9,2,0,0.0,closed,False,False
1996,16,0,3,0,0.0,closed,True,True
1993,1,1,5,0,0.0,closed,True,True
1987,10,1,3,4,1.0,closed,True,True
1985,39,0,4,0,0.0,closed,False,False
1964,16,15,19,2,0.25,closed,True,True
1962,2,2,1,0,0.0,closed,False,False
1959,1,1,5,0,0.0,closed,False,False
1958,4,0,1,0,0.0,closed,True,True
1952,40,1,2,0,0.0,closed,False,False
1935,7,2,0,0,0.0,closed,False,False
1930,5,5,0,0,0.0,closed,False,False
1929,11,8,3,3,1.0,closed,True,True
1925,1,0,0,0,0.0,closed,True,True
1915,14,14,3,0,0.0,closed,False,False
1914,20,7,3,0,0.0,closed,False,False
1912,12,1,4,0,0.0,closed,False,False
1908,17,0,1,0,0.0,closed,False,False
1904,1,4,2,0,0.0,closed,True,True
1901,3,2,1,0,0.0,closed,True,True
1900,8,0,0,2,0.4,closed,True,True
1899,5,3,0,0,0.0,closed,True,True
1896,3,0,1,2,0.5,closed,True,True
1889,1,7,1,0,0.0,closed,False,False
1888,44,34,3,0,0.0,closed,False,False
1886,9,2,1,0,0.0,closed,False,False
1884,2,2,2,0,0.0,closed,False,False
1880,1,2,6,0,0.0,closed,False,False
1876,3,0,2,0,0.0,closed,False,False
1874,2,2,1,0,0.0,closed,False,False
1872,46,10,1,0,0.0,closed,False,False
1871,13,0,1,0,0.0,closed,False,False
1870,1,0,2,3,3.0,closed,False,False
1867,3,1,1,1,1.0,closed,False,False
1864,1,0,1,0,0.0,closed,False,False
1852,3,4,7,1,0.14285714285714285,closed,False,False
1845,33,6,7,10,2.5,closed,True,True
1844,0,16,1,0,0.0,closed,False,False
1831,35,2,2,1,0.16666666666666666,closed,False,False
1816,18,3,6,7,1.1666666666666667,closed,True,True
1814,1,1,1,0,0.0,closed,False,False
1813,3,2,0,0,0.0,closed,False,False
1812,952,687,0,0,0.0,closed,False,False
1805,20,8,1,0,0.0,closed,False,False
1801,2,3,1,0,0.0,closed,False,False
1800,66,28,0,0,0.0,closed,False,False
1799,14,9,2,2,2.0,closed,False,False
1798,533,78,2,0,0.0,closed,False,False
1792,5,2,0,0,0.0,closed,False,False
1791,4,2,0,0,0.0,closed,False,False
1789,1,1,0,0,0.0,closed,True,True
1787,4,4,1,0,0.0,closed,True,True
1783,293,152,1,0,0.0,closed,False,False
1782,194,22,1,0,0.0,closed,False,False
1781,8,8,0,0,0.0,closed,True,True
1776,3,3,1,0,0.0,closed,False,False
1775,2807,3671,2,0,0.0,closed,False,False
1773,7,0,0,5,1.25,closed,True,True
1771,11,0,1,0,0.0,closed,True,True
1763,87,5,11,0,0.0,closed,True,True
1758,27,1,0,0,0.0,closed,True,True
1752,7,5,22,0,0.0,closed,True,True
1750,1,1,0,0,0.0,closed,True,True
1745,1,1,0,0,0.0,closed,True,True
1740,74,5,5,0,0.0,closed,False,False
1738,2,2,2,0,0.0,closed,True,True
1736,1,0,2,1,0.3333333333333333,closed,True,True
1728,2,4,6,0,0.0,closed,False,False
1722,197,188,0,0,0.0,closed,False,False
1715,6,0,6,0,0.0,closed,False,False
1712,7,0,7,0,0.0,closed,True,True
1710,1,1,0,0,0.0,closed,True,True
1709,2,2,0,0,0.0,closed,True,True
1703,18,1,1,0,0.0,closed,False,False
1698,1,0,1,0,0.0,closed,True,True
1697,16,9,7,0,0.0,closed,False,False
1693,120,11,3,0,0.0,closed,True,True
1690,1,0,0,0,0.0,closed,True,True
1689,6,173,3,0,0.0,closed,True,True
1687,604,634,3,0,0.0,closed,False,False
1673,13,10,2,0,0.0,closed,False,False
1671,2,3,2,0,0.0,closed,True,True
1669,40,0,0,0,0.0,closed,False,False
1655,197,188,0,0,0.0,closed,True,True
1653,1,0,3,0,0.0,closed,True,True
1625,31,0,0,0,0.0,closed,True,True
1623,9,1,0,0,0.0,closed,True,True
1622,9,9,0,0,0.0,closed,True,True
1611,5,1,1,0,0.0,closed,True,True
1605,57,10,0,0,0.0,closed,True,True
1596,8153,12,1,0,0.0,closed,False,False
1592,3,0,0,0,0.0,closed,False,False
1581,421,334,1,0,0.0,closed,False,False
1576,1,1,1,0,0.0,closed,False,False
1574,1,1,1,0,0.0,closed,False,False
1568,100,0,2,0,0.0,closed,False,False
1566,2,2,1,0,0.0,closed,False,False
1565,119,27,3,0,0.0,closed,False,False
1551,19,2,2,0,0.0,closed,True,True
1544,6,21,1,1,1.0,closed,False,False
1539,2,1,1,0,0.0,closed,False,False
1538,1,0,0,0,0.0,closed,True,True
1532,277,335,1,0,0.0,closed,True,True
1528,1,2,2,0,0.0,closed,False,False
1521,1,1,0,1,1.0,closed,False,False
1511,7,1,0,0,0.0,closed,True,True
1493,44,1,6,3,3.0,closed,False,False
1492,19,2,1,0,0.0,closed,True,True
1487,1,1,0,0,0.0,closed,True,True
1485,1,0,54,0,0.0,closed,True,True
1484,2,0,0,0,0.0,closed,True,True
1482,11,11,1,0,0.0,closed,False,False
1479,15,0,1,2,1.0,closed,False,False
1478,1,1,2,0,0.0,closed,False,False
1475,4,0,0,0,0.0,closed,True,True
1465,16,16,0,0,0.0,closed,True,True
1464,19,19,0,0,0.0,closed,True,True
1463,1,1,0,0,0.0,closed,True,True
1461,34,35,0,0,0.0,closed,True,True
1460,84,83,0,0,0.0,closed,True,True
1458,1,0,1,0,0.0,closed,True,True
1457,19,19,4,0,0.0,closed,True,True
1456,3,3,0,0,0.0,closed,True,True
1452,1,0,2,0,0.0,closed,True,True
1441,3,2,5,0,0.0,closed,False,False
1425,18,1,1,0,0.0,closed,True,True
1420,2568,3294,2,0,0.0,closed,False,False
1419,7,1,6,0,0.0,closed,True,True
1410,16,13,2,2,2.0,closed,False,False
1407,88,64,3,3,1.0,closed,True,True
1402,5,1,0,0,0.0,closed,False,False
1401,10,2,1,0,0.0,closed,True,True
1399,37,0,1,0,0.0,closed,True,True
1398,8676,6,1,0,0.0,closed,False,False
1396,6,0,2,0,0.0,closed,False,False
1395,252,10,30,18,1.5,closed,True,True
1391,49,1,15,16,2.0,closed,False,False
1384,18,2,2,0,0.0,closed,False,False
1377,1,1,2,0,0.0,closed,False,False
1370,1,1,1,0,0.0,closed,False,False
1367,1,2,4,0,0.0,closed,False,False
1366,21,0,0,0,0.0,closed,True,True
1364,5,1,3,0,0.0,closed,True,True
1363,1,0,1,0,0.0,closed,True,True
1357,1,1,0,0,0.0,closed,True,True
1356,22,25,1,0,0.0,closed,False,False
1353,21,86,1,3,3.0,closed,True,True
1352,47,231,2,5,5.0,closed,True,True
1351,145,315,0,2,0.2857142857142857,closed,True,True
1342,1,1,0,0,0.0,closed,True,True
1339,43,238,5,0,0.0,closed,True,True
1336,404,419,6,1,0.3333333333333333,closed,True,True
1335,2344,2488,2,3,1.5,closed,True,True
1334,83,49,6,6,3.0,closed,True,True
1326,7,2,1,0,0.0,closed,False,False
1325,603,0,1,0,0.0,closed,False,False
1320,2,3,1,0,0.0,closed,False,False
1314,6,0,2,2,1.0,closed,True,True
1305,10,0,1,0,0.0,closed,False,False
1297,23,12,6,0,0.0,closed,False,False
1295,22,3,0,0,0.0,closed,False,False
1291,331,40,6,0,0.0,closed,False,False
1287,4,0,9,0,0.0,closed,True,True
1285,5,4,13,0,0.0,closed,True,True
1280,38,0,5,0,0.0,closed,False,False
1279,1,0,1,0,0.0,closed,True,True
1276,13,0,3,0,0.0,closed,True,True
1274,1,1,3,0,0.0,closed,False,False
1273,1,0,3,0,0.0,closed,True,True
1272,10,10,1,0,0.0,closed,True,True
1270,1505,1459,2,0,0.0,closed,False,False
1264,1,1,1,0,0.0,closed,True,True
1258,16,1,5,0,0.0,closed,True,True
1254,6,2,1,0,0.0,closed,True,True
1244,2,2,1,0,0.0,closed,False,False
1234,3,9,4,0,0.0,closed,False,False
1232,67,11,8,3,1.5,closed,False,False
1215,11,11,1,0,0.0,closed,False,False
1206,1,1,2,0,0.0,closed,False,False
1203,2,1,3,0,0.0,closed,False,False
1198,1,3,1,0,0.0,closed,True,True
1192,2,2,3,0,0.0,closed,True,True
1191,7,0,0,0,0.0,closed,False,False
1190,89,25,0,0,0.0,closed,False,False
1188,0,2,1,0,0.0,closed,True,True
1177,5,1,1,0,0.0,closed,True,True
1173,1,1,1,0,0.0,closed,True,True
1165,1,1,1,0,0.0,closed,True,True
1160,2,2,1,0,0.0,closed,True,True
1156,1,1,3,0,0.0,closed,True,True
1155,9,2,2,0,0.0,closed,False,False
1148,2,2,1,0,0.0,closed,True,True
1141,25,22,1,0,0.0,closed,False,False
1135,1,0,0,0,0.0,closed,True,True
1131,1,0,1,0,0.0,closed,True,True
1129,1,1,3,0,0.0,closed,True,True
1125,1,1,1,0,0.0,closed,True,True
1123,4,4,3,0,0.0,closed,False,False
1122,2,1,3,0,0.0,closed,True,True
1114,9,0,2,0,0.0,closed,False,False
1110,7,1,7,6,1.0,closed,True,True
1107,1,2,1,0,0.0,closed,True,True
1106,1,1,0,0,0.0,closed,False,False
1102,6,2,0,0,0.0,closed,False,False
1095,39,0,15,1,0.3333333333333333,closed,False,False
1091,14,0,1,0,0.0,closed,True,True
1089,20,20,1,0,0.0,closed,False,False
1080,3,1,2,0,0.0,closed,True,True
1075,1390,1646,9,1,0.3333333333333333,closed,False,False
1070,11,2,11,0,0.0,closed,True,True
1065,4,2,2,0,0.0,closed,False,False
1061,48,9,8,1,1.0,closed,True,True
1059,4,2,2,0,0.0,closed,False,False
1056,1,0,1,0,0.0,closed,True,True
1055,1,1,1,0,0.0,closed,True,True
1053,1,1,1,0,0.0,closed,False,False
1044,1,1,2,0,0.0,closed,False,False
1041,9,9,9,0,0.0,closed,False,False
1040,11,7,10,2,2.0,closed,True,True
1038,4,2,4,0,0.0,closed,False,False
1032,2,2,1,0,0.0,closed,False,False
1015,1,0,2,0,0.0,closed,True,True
987,9,2,3,0,0.0,closed,True,True
982,2,1,1,0,0.0,closed,True,True
974,4,0,2,0,0.0,closed,False,False
971,3,0,1,0,0.0,closed,False,False
966,4,9,2,0,0.0,closed,True,True
965,6,0,2,0,0.0,closed,False,False
963,1,0,3,0,0.0,closed,True,True
959,9,5,54,3,3.0,closed,True,True
955,2,1,2,0,0.0,closed,True,True
954,1,1,2,0,0.0,closed,True,True
951,1,1,1,0,0.0,closed,False,False
950,25,7,5,0,0.0,closed,True,True
947,17,2,7,0,0.0,closed,False,False
941,1,0,1,0,0.0,closed,True,True
935,1,0,2,0,0.0,closed,False,False
930,17,0,3,0,0.0,closed,True,True
927,3,2,2,0,0.0,closed,False,False
918,1,1,2,0,0.0,closed,False,False
917,1,1,6,0,0.0,closed,False,False
912,0,0,7,1,0,closed,False,False
887,4,13,13,0,0.0,closed,True,True
878,1,0,5,0,0.0,closed,True,True
874,44,2,6,1,0.25,closed,True,True
869,5,1,16,4,4.0,closed,True,True
857,6,6,2,0,0.0,closed,True,True
842,74,74,8,2,1.0,closed,False,False
831,50,11,2,5,1.6666666666666667,closed,False,False
830,45,19,1,0,0.0,closed,True,True
829,1,1,6,0,0.0,closed,True,True
828,11,2,2,0,0.0,closed,True,True
826,39,0,4,0,0.0,closed,True,True
823,2,2,2,0,0.0,closed,False,False
818,5,4,2,0,0.0,closed,True,True
810,22,10,2,0,0.0,closed,False,False
786,4429,18,4,0,0.0,closed,False,False
783,1,1,2,0,0.0,closed,False,False
781,1,1,1,0,0.0,closed,True,True
780,5,2,1,0,0.0,closed,False,False
778,1,0,3,0,0.0,closed,True,True
773,40,2,3,0,0.0,closed,True,True
742,1,1,6,1,1.0,closed,False,False
741,13,1,1,0,0.0,closed,True,True
733,1,0,0,0,0.0,closed,True,True
731,5,3,1,1,0.5,closed,True,True
730,4,0,3,0,0.0,closed,False,False
713,1,1,0,0,0.0,closed,False,False
707,1,1,3,0,0.0,closed,False,False
702,1,1,0,0,0.0,closed,True,True
696,1,1,1,0,0.0,closed,True,True
691,19,1,8,3,1.5,closed,True,True
689,3,0,5,0,0.0,closed,False,False
685,1,1,0,0,0.0,closed,True,True
680,4,2,7,1,0.5,closed,False,False
677,1,0,0,0,0.0,closed,True,True
676,1,1,0,0,0.0,closed,True,True
671,2,2,1,0,0.0,closed,True,True
670,1,1,0,0,0.0,closed,True,True
669,2,2,0,0,0.0,closed,False,False
656,10,1,3,1,0.3333333333333333,closed,False,False
654,3,1,0,0,0.0,closed,True,True
650,2,1,2,0,0.0,closed,False,False
616,1,1,1,0,0.0,closed,True,True
613,1,1,1,0,0.0,closed,True,True
596,1,1,0,0,0.0,closed,False,False
595,90,16,5,0,0.0,closed,False,False
594,4,2,0,0,0.0,closed,False,False
588,0,6,6,0,0.0,closed,False,False
581,11,1,7,3,1.5,closed,True,True
579,27,32,19,0,0.0,closed,False,False
577,1,1,3,0,0.0,closed,True,True
573,1,1,1,0,0.0,closed,False,False
570,36,22,2,0,0.0,closed,False,False
565,298,24,29,3,0.375,closed,False,False
561,0,2,1,0,0.0,closed,True,True
558,17,1,6,1,1.0,closed,False,False
547,5,3,2,2,2.0,closed,True,True
533,50,2,14,0,0.0,closed,False,False
529,17,1,19,0,0.0,closed,False,False
522,22,0,2,0,0.0,closed,False,False
521,2,0,3,0,0.0,closed,True,True
519,1,1,1,0,0.0,closed,True,True
508,18,18,12,0,0.0,closed,False,False
496,5,5,4,0,0.0,closed,False,False
493,5,3,2,0,0.0,closed,True,True
491,2,0,4,0,0.0,closed,True,True
487,4,4,3,0,0.0,closed,False,False
483,148,3,4,2,0.2857142857142857,closed,True,True
477,14,2,3,2,1.0,closed,False,False
461,5,1,9,2,1.0,closed,True,True
453,3,2,2,0,0.0,closed,False,False
452,454,13,10,10,1.0,closed,True,True
446,15,12,2,0,0.0,closed,False,False
445,13,1,3,0,0.0,closed,True,True
440,3,1,1,0,0.0,closed,True,True
438,1,0,1,0,0.0,closed,True,True
437,36,36,2,3,3.0,closed,True,True
431,1,1,2,0,0.0,closed,True,True
423,127,10,8,5,0.7142857142857143,closed,True,True
421,1,1,2,0,0.0,closed,False,False
419,304,214,4,0,0.0,closed,True,True
416,3,3,3,0,0.0,closed,True,True
410,22,7,12,3,0.42857142857142855,closed,False,False
409,5,4,8,0,0.0,closed,False,False
407,4,2,1,0,0.0,closed,True,True
406,29,1,2,4,2.0,closed,True,True
402,9,1,6,0,0.0,closed,False,False
397,20,1,4,0,0.0,closed,True,True
392,1,1,2,0,0.0,closed,False,False
387,14,4,2,0,0.0,closed,True,True
372,315,343,2,0,0.0,closed,True,True
368,31,2,2,0,0.0,closed,True,True
366,108,6,18,4,0.3333333333333333,closed,True,True
359,1,0,2,0,0.0,closed,True,True
357,2,3,3,0,0.0,closed,False,False
349,5,1,3,1,1.0,closed,False,False
345,126,41,7,1,0.5,closed,True,True
334,7,1,5,2,1.0,closed,False,False
330,340,26,4,0,0.0,closed,False,False
329,26,2,3,0,0.0,closed,False,False
327,17,0,1,0,0.0,closed,True,True
326,1,0,1,0,0.0,closed,True,True
325,1,1,1,0,0.0,closed,True,True
324,5,1,3,0,0.0,closed,False,False
321,1,0,1,0,0.0,closed,True,True
317,100,20,3,0,0.0,closed,True,True
316,5,1,6,0,0.0,closed,True,True
313,2,4,2,0,0.0,closed,True,True
308,169,17,3,0,0.0,closed,True,True
307,46,5,9,3,3.0,closed,True,True
303,5,0,4,0,0.0,closed,True,True
300,1,1,2,0,0.0,closed,True,True
299,4,9,5,0,0.0,closed,True,True
296,113,53,13,0,0.0,closed,True,True
294,2,2,2,0,0.0,closed,True,True
288,44,9,2,0,0.0,closed,False,False
280,21,5,1,0,0.0,closed,True,True
279,2,2,1,0,0.0,closed,True,True
275,54,7,1,0,0.0,closed,True,True
274,15,5,5,0,0.0,closed,True,True
272,2,2,1,0,0.0,closed,False,False
271,2,1,0,0,0.0,closed,True,True
267,1,1,2,0,0.0,closed,True,True
264,284,57,7,0,0.0,closed,False,False
261,208,141,6,0,0.0,closed,False,False
259,40,3,0,0,0.0,closed,False,False
254,1,1,1,0,0.0,closed,True,True
252,21,1,1,0,0.0,closed,True,True
251,5,1,10,0,0.0,closed,True,True
250,5,0,3,0,0.0,closed,True,True
249,14,3,1,1,1.0,closed,True,True
243,52,26,1,0,0.0,closed,False,False
235,1,1,0,0,0.0,closed,True,True
234,3,3,7,0,0.0,closed,True,True
233,131,1,1,0,0.0,closed,False,False
228,9,1,6,0,0.0,closed,False,False
227,11,0,18,0,0.0,closed,True,True
221,1,1,2,0,0.0,closed,True,True
216,1,1,0,0,0.0,closed,True,True
212,1,1,0,0,0.0,closed,True,True
208,210,18,2,0,0.0,closed,False,False
205,33,0,1,0,0.0,closed,True,True
202,1,2,2,0,0.0,closed,True,True
200,4,2,7,0,0.0,closed,True,True
198,23,1,2,0,0.0,closed,True,True
195,2,2,11,0,0.0,closed,True,True
190,210,27,8,4,0.5714285714285714,closed,False,False
185,82,59,3,1,0.25,closed,True,True
183,177,50,1,0,0.0,closed,True,True
182,25,1,2,0,0.0,closed,True,True
179,41,10,3,0,0.0,closed,False,False
176,3,0,4,0,0.0,closed,False,False
174,1,1,0,0,0.0,closed,True,True
173,2,2,0,0,0.0,closed,True,True
172,0,0,3,0,0,closed,False,False
168,1,1,2,0,0.0,closed,True,True
167,160,6,11,0,0.0,closed,True,True
163,51,57,5,0,0.0,closed,False,False
160,115,0,2,0,0.0,closed,True,True
155,61,0,1,0,0.0,closed,False,False
154,1,1,0,0,0.0,closed,True,True
151,19,0,1,0,0.0,closed,False,False
149,42,2,0,0,0.0,closed,True,True
146,5,2,6,0,0.0,closed,True,True
145,4,0,1,0,0.0,closed,False,False
140,65,18,8,0,0.0,closed,True,True
139,5,1,0,0,0.0,closed,True,True
136,33,1,0,0,0.0,closed,True,True
133,71,0,11,0,0.0,closed,False,False
132,3,0,0,0,0.0,closed,True,True
130,18,2,7,0,0.0,closed,False,False
128,5,1,0,0,0.0,closed,True,True
127,31,66,2,0,0.0,closed,True,True
126,1,0,0,0,0.0,closed,True,True
123,194,42,6,0,0.0,closed,True,True
121,51,26,4,0,0.0,closed,True,True
120,2,1,1,0,0.0,closed,False,False
115,10,6,2,0,0.0,closed,False,False
114,2,0,0,0,0.0,closed,True,True
112,1,0,3,0,0.0,closed,True,True
109,10,0,0,0,0.0,closed,False,False
106,22,6,0,0,0.0,closed,True,True
105,2,2,0,0,0.0,closed,True,True
102,2,1,0,0,0.0,closed,True,True
101,70,20,10,0,0.0,closed,False,False
100,2,2,0,0,0.0,closed,True,True
98,27,16,11,0,0.0,closed,False,False
96,28,7,16,0,0.0,closed,True,True
91,19,1,5,0,0.0,closed,True,True
87,2204,1866,1,0,0.0,closed,False,False
85,1,1,7,0,0.0,closed,True,True
74,4,2,2,0,0.0,closed,False,False
54,5,3,7,0,0.0,closed,False,False
52,3,0,2,0,0.0,closed,True,True
49,9,2,23,0,0.0,closed,True,True
37,2,2,2,0,0.0,closed,True,True
35,38,3,1,0,0.0,closed,False,False
32,42,22,11,0,0.0,closed,False,False
30,3,3,4,0,0.0,closed,True,True
27,680,168,2,0,0.0,closed,True,True
25,199,11,1,0,0.0,closed,True,True
22,15,0,6,0,0.0,closed,True,True
21,90,48,22,0,0.0,closed,False,False
15,118,77,6,0,0.0,closed,False,False
13,8,5,0,0,0.0,closed,True,True
10,124,9,2,0,0.0,closed,True,True
6,25,1,5,0,0.0,closed,False,False
5,3,0,2,0,0.0,closed,True,True
