Login,Contributions,URL,Type,Site Admin,Account Age (days),Total PRs Submitted,Total PRs Merged,Total Issues Opened,Total Repositories Contributed To,Followers,Stars Received,Is Member of Organization
ahejlsberg,3859,https://github.com/ahejlsberg,User,False,4318,30,30,30,4,14443,355,False
sheetalkamat,2867,https://github.com/sheetalkamat,User,False,3882,30,30,30,8,673,16,False
DanielRosenwasser,2334,https://github.com/DanielRosenwasser,User,True,4938,30,30,30,30,2317,20,False
mhegazy,2308,https://github.com/mhegazy,User,False,3888,30,30,30,30,493,12,False
sandersn,2284,https://github.com/sandersn,User,True,5374,30,30,30,30,1076,261,False
rbuckton,1828,https://github.com/rbuckton,User,False,4353,30,30,30,30,771,158,False
weswigham,1662,https://github.com/weswigham,User,False,4461,30,30,30,30,437,8,False
vladima,1533,https://github.com/vladima,User,False,3882,30,30,30,30,101,0,False
CyrusNajmabadi,1304,https://github.com/CyrusNajmabadi,User,True,4281,30,30,30,30,311,9,False
csigs,1228,https://github.com/csigs,User,False,3470,30,30,25,6,53,3,False
RyanCavanaugh,952,https://github.com/RyanCavanaugh,User,True,4020,0,0,0,30,2230,140,False
a-tarasyuk,867,https://github.com/a-tarasyuk,User,False,5188,0,0,0,30,217,359,False
typescript-bot,817,https://github.com/typescript-bot,User,False,3037,0,0,0,5,184,31,False
JsonFreeman,674,https://github.com/JsonFreeman,User,False,3882,0,0,0,7,52,0,False
andrewbranch,642,https://github.com/andrewbranch,User,False,4415,0,0,0,30,528,456,False
jakebailey,556,https://github.com/jakebailey,User,False,4189,0,0,0,30,468,4,False
amcasey,500,https://github.com/amcasey,User,False,3687,0,0,0,30,201,1,False
zhengbli,467,https://github.com/zhengbli,User,False,4853,0,0,0,16,83,11,False
Andarist,353,https://github.com/Andarist,User,False,3744,30,30,30,30,2012,202,False
aozgaa,239,https://github.com/aozgaa,User,False,4421,30,30,30,27,35,4,False
saschanaz,220,https://github.com/saschanaz,User,False,4403,30,30,30,30,267,21,False
yuit,217,https://github.com/yuit,User,False,5202,30,30,30,23,42,1,False
Kingwl,203,https://github.com/Kingwl,User,False,4004,30,30,30,30,1469,8,False
ajafff,180,https://github.com/ajafff,User,False,3595,30,30,30,30,76,538,False
uniqueiniquity,152,https://github.com/uniqueiniquity,User,False,3784,30,30,30,28,46,30,False
armanio123,133,https://github.com/armanio123,User,False,3507,30,30,19,25,49,2,False
jramsay,126,https://github.com/jramsay,User,False,3870,30,30,30,13,15,0,False
billti,119,https://github.com/billti,User,False,4928,30,30,30,30,91,31,False
riknoll,109,https://github.com/riknoll,User,False,3477,0,0,0,30,70,20,False
tinganho,99,https://github.com/tinganho,User,False,4784,0,0,0,30,67,125,False
gabritto,98,https://github.com/gabritto,User,False,3192,0,0,0,9,151,8,False
elibarzilay,86,https://github.com/elibarzilay,User,False,5506,0,0,0,25,213,40,False
bigaru,76,https://github.com/bigaru,User,False,3523,0,0,0,18,7,4,False
danquirk,70,https://github.com/danquirk,User,False,3974,0,0,0,15,52,2,False
DickvdBrink,70,https://github.com/DickvdBrink,User,False,5038,0,0,0,30,52,86,False
Zzzen,52,https://github.com/Zzzen,User,False,4025,30,30,30,30,44,46,False
HerringtonDarkholme,48,https://github.com/HerringtonDarkholme,User,False,4466,30,30,30,30,1992,259,False
dragomirtitian,47,https://github.com/dragomirtitian,User,False,3867,30,30,30,30,153,23,False
jack-williams,45,https://github.com/jack-williams,User,False,4289,30,30,30,16,61,16,False
YuichiNukiyama,44,https://github.com/YuichiNukiyama,User,False,3753,30,30,28,26,28,59,False
orta,43,https://github.com/orta,User,False,5867,30,30,30,30,6079,47,False
dependabot[bot],41,https://github.com/apps/dependabot,Bot,False,2133,30,30,0,0,0,0,False
navya9singh,41,https://github.com/navya9singh,User,False,964,0,0,0,9,9,0,False
minestarks,40,https://github.com/minestarks,User,False,3308,0,0,0,30,75,7,False
chrisbubernak,38,https://github.com/chrisbubernak,User,False,4982,0,0,0,17,24,6,False
iisaduan,38,https://github.com/iisaduan,User,False,3146,0,0,0,7,5,2,False
ivogabe,34,https://github.com/ivogabe,User,False,4264,0,0,0,30,90,1119,False
JoshuaKGoldberg,34,https://github.com/JoshuaKGoldberg,User,False,4408,0,0,0,30,2676,47,False
Jack-Works,32,https://github.com/Jack-Works,User,False,4182,0,0,0,30,855,373,False
paulvanbrenk,28,https://github.com/paulvanbrenk,User,False,4198,0,0,0,30,35,5,False
vvakame,27,https://github.com/vvakame,User,False,5638,0,0,0,30,851,212,False
ShyykoSerhiy,27,https://github.com/ShyykoSerhiy,User,False,4882,0,0,0,30,70,163,False
falsandtru,25,https://github.com/falsandtru,User,False,4433,0,0,0,30,62,76,False
AbubakerB,23,https://github.com/AbubakerB,User,False,3988,0,0,0,4,24,0,False
mprobst,23,https://github.com/mprobst,User,False,6152,0,0,0,30,161,20,False
jablko,21,https://github.com/jablko,User,False,5774,0,0,0,30,48,27,False
basarat,21,https://github.com/basarat,User,False,4985,0,0,0,30,4031,364,False
ahmad-farid,20,https://github.com/ahmad-farid,User,False,3629,0,0,0,3,13,0,False
ShuiRuTian,20,https://github.com/ShuiRuTian,User,False,2831,0,0,0,30,19,18,False
rFlorian,20,https://github.com/rFlorian,User,False,453,0,0,0,0,1,0,False
zspitz,19,https://github.com/zspitz,User,False,5353,0,0,0,30,47,586,False
mjbvz,18,https://github.com/mjbvz,User,True,3540,0,0,0,30,1060,1,False
mattmccutchen,18,https://github.com/mattmccutchen,User,False,3799,30,30,30,30,35,1,False
fuafa,18,https://github.com/fuafa,User,False,3122,0,0,0,30,32,22,False
about-code,17,https://github.com/about-code,User,False,4037,0,0,0,18,13,47,False
SeaRyanC,16,https://github.com/SeaRyanC,User,False,3411,0,0,0,16,10,19,False
MariaSolOs,16,https://github.com/MariaSolOs,User,False,1792,0,0,0,30,741,228,False
evansb,16,https://github.com/evansb,User,False,4182,0,0,0,30,29,38,False
andrejbaran,15,https://github.com/andrejbaran,User,False,5390,0,0,0,18,11,2,False
caitp,15,https://github.com/caitp,User,False,4546,0,0,0,30,1013,580,False
calebsander,15,https://github.com/calebsander,User,False,4315,0,0,0,30,35,22,False
plantain-00,15,https://github.com/plantain-00,User,False,3925,0,0,0,30,129,49,False
jessetrinity,15,https://github.com/jessetrinity,User,False,2371,0,0,0,17,24,0,False
charlespierce,15,https://github.com/charlespierce,User,False,3226,0,0,0,30,69,4,False
dsherret,14,https://github.com/dsherret,User,False,4702,0,0,0,30,1874,1839,False
mihailik,14,https://github.com/mihailik,User,False,4338,30,30,30,30,16,2,False
uhyo,14,https://github.com/uhyo,User,False,5047,30,30,30,30,591,628,False
jwbay,14,https://github.com/jwbay,User,False,4785,30,30,30,26,11,78,False
dbaeumer,13,https://github.com/dbaeumer,User,True,4608,30,30,30,30,412,8,False
kpreisser,13,https://github.com/kpreisser,User,False,3508,30,30,30,22,32,163,False
j-oliveras,13,https://github.com/j-oliveras,User,False,3402,30,27,16,24,10,8,False
henrymercer,12,https://github.com/henrymercer,User,True,3453,30,30,30,0,38,0,False
ExE-Boss,12,https://github.com/ExE-Boss,User,False,4354,30,30,30,30,99,23,False
masaeedu,12,https://github.com/masaeedu,User,False,4377,30,30,30,30,109,64,False
graphemecluster,12,https://github.com/graphemecluster,User,False,2017,30,30,30,30,96,23,False
collin5,11,https://github.com/collin5,User,False,3621,0,0,0,30,66,29,False
github-john-doe,11,https://github.com/github-john-doe,User,False,3174,0,0,0,1,17,0,False
zardoy,11,https://github.com/zardoy,User,False,2231,0,0,0,30,46,4,False
cedvdb,11,https://github.com/cedvdb,User,False,3073,0,0,0,30,37,109,False
sparecycles,11,https://github.com/sparecycles,User,False,5062,0,0,0,30,16,12,False
anubmat,10,https://github.com/anubmat,User,False,3287,0,0,0,6,8,0,False
iliashkolyar,10,https://github.com/iliashkolyar,User,False,3282,0,0,0,8,4,0,False
kmashint,9,https://github.com/kmashint,User,False,4693,11,5,6,16,6,7,False
mrcrane,9,https://github.com/mrcrane,User,False,4482,30,30,11,15,10,0,False
jihndai,9,https://github.com/jihndai,User,False,1570,13,12,2,2,2,0,False
TravCav,9,https://github.com/TravCav,User,False,4353,30,26,9,11,8,7,False
alexeagle,9,https://github.com/alexeagle,User,False,5874,30,30,30,30,925,33,False
steveluc,8,https://github.com/steveluc,User,False,4297,30,30,8,4,161,2,False
delta-nry,8,https://github.com/delta-nry,User,False,4299,25,24,4,19,9,4,False
markusjohnsson,8,https://github.com/markusjohnsson,User,False,5150,21,18,30,19,7,27,False
dhruvrajvanshi,8,https://github.com/dhruvrajvanshi,User,False,3991,30,30,30,28,25,434,False
NaridaL,8,https://github.com/NaridaL,User,False,3666,30,30,30,30,26,60,False
MartyIX,7,https://github.com/MartyIX,User,False,5482,0,0,0,30,0,19,False
ikatyang,7,https://github.com/ikatyang,User,False,3850,0,0,0,30,3180,13074,False
arusakov,7,https://github.com/arusakov,User,False,4395,0,0,0,30,21,5,False
joscha,7,https://github.com/joscha,User,False,5504,0,0,0,30,238,13,False
nojvek,7,https://github.com/nojvek,User,False,4918,0,0,0,30,105,560,False
minajevs,7,https://github.com/minajevs,User,False,4004,0,0,0,30,6,10,False
jtbandes,7,https://github.com/jtbandes,User,False,6087,0,0,0,30,204,65,False
styfle,7,https://github.com/styfle,User,False,5442,30,30,30,30,2744,4106,False
Knagis,6,https://github.com/Knagis,User,False,3814,30,29,30,30,25,1018,False
bmeurer,6,https://github.com/bmeurer,User,False,5013,30,30,30,30,1553,115,False
v3nom,6,https://github.com/v3nom,User,False,4838,4,3,6,18,4,13,False
hoanhtien,6,https://github.com/hoanhtien,User,False,4670,30,30,23,10,14,0,False
magic-akari,6,https://github.com/magic-akari,User,False,3906,30,30,30,30,655,1104,False
KiaraGrouwstra,6,https://github.com/KiaraGrouwstra,User,False,4444,30,30,30,30,171,1,False
OrangeShark,6,https://github.com/OrangeShark,User,False,4840,14,13,15,28,34,59,False
hi-ogawa,6,https://github.com/hi-ogawa,User,False,4317,30,30,30,30,251,4,False
jeanp413,6,https://github.com/jeanp413,User,False,2955,30,30,30,30,106,387,False
JoostK,6,https://github.com/JoostK,User,False,5643,0,0,0,30,191,5,False
KnisterPeter,6,https://github.com/KnisterPeter,User,False,5336,0,0,0,30,164,5,False
sangxxh,6,https://github.com/sangxxh,User,False,3598,0,0,0,0,11,0,False
Salasar,6,https://github.com/Salasar,User,False,3921,0,0,0,3,1,1,False
lankaapura,6,https://github.com/lankaapura,User,False,5266,0,0,0,30,25,23,False
csnover,6,https://github.com/csnover,User,False,5443,0,0,0,30,570,657,False
benbraou,5,https://github.com/benbraou,User,False,3437,29,12,10,22,23,80,False
timocov,5,https://github.com/timocov,User,False,4438,30,30,30,15,183,946,False
DavidSouther,5,https://github.com/DavidSouther,User,False,5195,30,30,30,30,120,15,False
islandryu,5,https://github.com/islandryu,User,False,1727,30,24,8,30,9,20,False
IllusionMH,5,https://github.com/IllusionMH,User,False,4788,30,30,30,23,78,1,False
yortus,5,https://github.com/yortus,User,False,4818,30,30,30,21,47,2071,False
kujon,5,https://github.com/kujon,User,False,5192,30,30,30,30,36,14,False
gcnew,5,https://github.com/gcnew,User,False,4335,17,11,28,29,21,18,False
Cow258,5,https://github.com/Cow258,User,False,3444,12,6,30,30,0,4,False
csantos42,5,https://github.com/csantos42,User,False,3278,30,9,5,30,85,3,False
ialexryan,5,https://github.com/ialexryan,User,False,4546,0,0,0,26,43,85,False
babakks,5,https://github.com/babakks,User,False,2551,0,0,0,30,73,4,False
DanCorder,5,https://github.com/DanCorder,User,False,4162,0,0,0,24,5,3,False
eltociear,5,https://github.com/eltociear,User,False,3056,0,0,0,30,0,17,False
alan-agius4,5,https://github.com/alan-agius4,User,False,3274,30,30,30,30,587,7,False
jsoref,5,https://github.com/jsoref,User,False,4575,30,30,30,30,575,26,False
maybejulian,5,https://github.com/maybejulian,User,False,3681,1,1,0,1,3,0,False
TimvdLippe,5,https://github.com/TimvdLippe,User,False,4111,30,30,30,30,286,0,False
sarod,5,https://github.com/sarod,User,False,3828,30,26,30,30,7,2,False
Lazarus535,5,https://github.com/Lazarus535,User,False,2914,2,1,7,3,0,0,False
slawomir,5,https://github.com/slawomir,User,False,4802,4,3,6,3,15,0,False
NicholasLYang,5,https://github.com/NicholasLYang,User,False,3954,30,30,30,30,180,35,False
mariusschulz,5,https://github.com/mariusschulz,User,False,4951,30,30,30,30,828,591,False
petamoriken,5,https://github.com/petamoriken,User,False,4500,0,0,0,30,118,107,False
hanzooo,4,https://github.com/hanzooo,User,False,3346,0,0,0,6,9,0,False
Tobias-Scholz,4,https://github.com/Tobias-Scholz,User,False,2800,0,0,0,14,9,9,False
alangpierce,4,https://github.com/alangpierce,User,False,5469,0,0,0,30,259,289,False
Swatinem,4,https://github.com/Swatinem,User,False,5137,30,30,30,30,438,37,False
austincummings,4,https://github.com/austincummings,User,False,4434,0,0,0,2,0,0,False
rpgeeganage,4,https://github.com/rpgeeganage,User,False,3702,30,30,17,29,39,361,False
pushkine,4,https://github.com/pushkine,User,False,2776,30,30,30,20,14,1,False
pcan,4,https://github.com/pcan,User,False,3700,9,7,30,23,14,340,False
phated,4,https://github.com/phated,User,False,4929,30,30,30,30,995,14,False
erictsangx,4,https://github.com/erictsangx,User,False,3927,11,3,9,19,8,88,False
e-cloud,4,https://github.com/e-cloud,User,False,4200,30,30,30,30,24,2,False
chenjigeng,4,https://github.com/chenjigeng,User,False,3435,30,30,30,30,216,409,False
vpukhanov,4,https://github.com/vpukhanov,User,False,4674,30,30,30,30,24,9,False
IdeaHunter,4,https://github.com/IdeaHunter,User,False,3668,0,0,0,3,7,1,False
unional,4,https://github.com/unional,User,False,4417,0,0,0,30,106,28,False
jeffreymorlan,4,https://github.com/jeffreymorlan,User,False,4896,0,0,0,5,2,3,False
joelday,4,https://github.com/joelday,User,False,5444,0,0,0,17,53,510,False
Josh-Cena,4,https://github.com/Josh-Cena,User,False,1980,0,0,0,30,465,16,False
Jujhar,4,https://github.com/Jujhar,User,False,4164,0,0,0,30,10,0,False
bakkot,4,https://github.com/bakkot,User,False,4688,0,0,0,30,218,91,False
seanchas116,4,https://github.com/seanchas116,User,False,4914,0,30,30,30,245,40,False
rhillefeld,4,https://github.com/rhillefeld,User,False,4044,1,1,1,1,0,0,False
PranavSenthilnathan,4,https://github.com/PranavSenthilnathan,User,False,3577,30,30,16,15,12,0,False
paulkoerbitz,4,https://github.com/paulkoerbitz,User,False,5570,30,27,30,30,33,36,False
ojsheikh,4,https://github.com/ojsheikh,User,False,3521,19,15,2,8,7,29,False
jasonlyu123,4,https://github.com/jasonlyu123,User,False,2551,30,30,30,22,32,14,False
lowr,4,https://github.com/lowr,User,False,2995,30,30,14,12,1,1,False
mheiber,3,https://github.com/mheiber,User,False,4266,30,30,30,30,54,9,False
MicahZoltu,3,https://github.com/MicahZoltu,User,False,4980,30,30,30,30,609,26,False
m1gu3l,3,https://github.com/m1gu3l,User,False,5602,9,2,19,7,16,12,False
OliverJAsh,3,https://github.com/OliverJAsh,User,False,4963,30,0,0,30,319,26,False
petersandor,3,https://github.com/petersandor,User,False,4350,0,0,0,30,45,27,False
prateekgoel,3,https://github.com/prateekgoel,User,False,3885,0,0,0,15,15,0,False
FelicianoTech,3,https://github.com/FelicianoTech,User,False,4103,0,0,0,30,123,1,False
krk,3,https://github.com/krk,User,False,4748,0,0,0,30,67,22,False
ryanclarke,3,https://github.com/ryanclarke,User,False,4492,0,0,0,24,14,6,False
sheonhan,3,https://github.com/sheonhan,User,False,4325,0,0,0,9,36,1,False
sidharthv96,3,https://github.com/sidharthv96,User,False,3674,30,30,30,30,277,5,False
tschaub,3,https://github.com/tschaub,User,False,5905,30,30,30,30,445,66,False
sokra,3,https://github.com/sokra,User,False,4774,30,30,30,30,9197,47,False
guybedford,3,https://github.com/guybedford,User,False,5127,30,30,30,30,1834,46,False
apendua,3,https://github.com/apendua,User,False,4601,30,18,30,30,62,85,False
igelbox,3,https://github.com/igelbox,User,False,4199,30,30,30,30,22,173,False
ubershmekel,3,https://github.com/ubershmekel,User,False,5776,30,30,30,30,53,39,False
longlho,3,https://github.com/longlho,User,False,5489,30,30,30,30,159,12,False
joshaber,3,https://github.com/joshaber,User,True,6091,30,30,30,30,2441,1481,False
bentongxyz,3,https://github.com/bentongxyz,User,False,1847,15,12,3,19,8,1,False
flowmemo,3,https://github.com/flowmemo,User,False,3612,0,0,0,24,25,51,False
idango10,3,https://github.com/idango10,User,False,1533,0,0,0,0,3,0,False
t-mrt,3,https://github.com/t-mrt,User,False,4433,0,0,0,30,6,12,False
xl1,3,https://github.com/xl1,User,False,5069,0,0,0,30,19,9,False
Artazor,3,https://github.com/Artazor,User,False,5507,0,0,0,23,51,14,False
AnyhowStep,3,https://github.com/AnyhowStep,User,False,4147,0,0,0,30,67,29,False
chuckjaz,3,https://github.com/chuckjaz,User,False,5293,30,30,30,30,292,10,False
aluanhaddad,3,https://github.com/aluanhaddad,User,False,4232,30,30,30,30,34,5,False
alisabzevari,3,https://github.com/alisabzevari,User,False,5008,30,30,30,30,33,137,False
Dafrok,3,https://github.com/Dafrok,User,False,4085,30,30,30,30,459,29,False
DetachHead,3,https://github.com/DetachHead,User,False,1940,30,30,30,30,138,1577,False
holtwick,3,https://github.com/holtwick,User,False,5864,30,25,30,30,268,1539,False
donaldpipowitch,3,https://github.com/donaldpipowitch,User,False,4862,30,30,30,30,78,6,False
elizabethdinella,3,https://github.com/elizabethdinella,User,False,3813,30,21,30,27,38,3,False
ethanresnick,3,https://github.com/ethanresnick,User,False,5214,30,30,30,30,149,20,False
fabiancook,3,https://github.com/fabiancook,User,False,4306,30,30,30,30,91,4,False
gmoothart,3,https://github.com/gmoothart,User,False,6180,0,0,0,30,30,34,False
Grubba27,3,https://github.com/Grubba27,User,False,1635,0,0,0,30,258,5,False
k-yle,3,https://github.com/k-yle,User,False,3371,0,0,0,30,64,44,False
kitsonk,3,https://github.com/kitsonk,User,False,4804,0,0,0,30,956,74,False
zkat,3,https://github.com/zkat,User,False,6056,0,0,0,30,4603,2715,False
hikarino-my,3,https://github.com/hikarino-my,User,False,2906,0,0,17,30,6,0,False
ntrrgc,3,https://github.com/ntrrgc,User,False,4925,30,30,30,30,47,48,False
jonhue,3,https://github.com/jonhue,User,False,3499,30,30,30,30,116,422,False
joeywatts,3,https://github.com/joeywatts,User,False,4934,30,24,14,24,13,206,False
jameskeane,3,https://github.com/jameskeane,User,False,5505,29,14,30,30,116,321,False
wonderful-panda,3,https://github.com/wonderful-panda,User,False,4838,30,30,30,30,28,627,False
RReverser,3,https://github.com/RReverser,User,False,5150,30,30,30,30,1707,61,False
Igorbek,3,https://github.com/Igorbek,User,False,4609,30,30,30,30,45,43,False
unstubbable,3,https://github.com/unstubbable,User,False,5040,30,30,30,30,144,29,False
Gerrit0,3,https://github.com/Gerrit0,User,False,3202,30,30,30,30,70,10,False
gisenberg,3,https://github.com/gisenberg,User,False,5103,28,24,0,30,173,2,False
T18970237136,2,https://github.com/T18970237136,User,False,3740,0,0,0,0,0,0,False
Solo-steven,2,https://github.com/Solo-steven,User,False,1697,0,0,0,30,17,35,False
shicks,2,https://github.com/shicks,User,False,5595,0,0,0,30,106,11,False
Schmavery,2,https://github.com/Schmavery,User,False,4568,0,0,0,30,232,2035,False
Havunen,2,https://github.com/Havunen,User,False,4592,0,0,0,30,120,65,False
s0,2,https://github.com/s0,User,False,4410,30,30,30,30,193,5,False
flekmatik,2,https://github.com/flekmatik,User,False,4277,11,2,8,13,4,0,False
reiner-dolp,2,https://github.com/reiner-dolp,User,False,5036,30,30,30,30,21,5,False
millsp,2,https://github.com/millsp,User,False,3233,30,30,30,30,521,220,False
PhoebeSzmucer,2,https://github.com/PhoebeSzmucer,User,False,684,8,8,6,3,2,0,False
rictic,2,https://github.com/rictic,User,False,6198,30,30,30,30,314,404,False
Blopaa,2,https://github.com/Blopaa,User,False,1766,30,30,22,17,63,25,False
orouz,2,https://github.com/orouz,User,False,3119,30,30,30,26,12,0,False
nicolas377,2,https://github.com/nicolas377,User,False,1676,30,30,30,20,10,0,False
mylesmegyesi,2,https://github.com/mylesmegyesi,User,False,5473,30,30,24,30,39,167,False
mohsen1,2,https://github.com/mohsen1,User,False,5160,0,0,0,30,479,221,False
mmitche,2,https://github.com/mmitche,User,False,3812,0,0,0,30,166,2,False
mkantor,2,https://github.com/mkantor,User,False,5935,0,0,0,30,31,56,False
adidahiya,2,https://github.com/adidahiya,User,False,5059,0,0,0,30,435,66,False
abrahamguo,2,https://github.com/abrahamguo,User,False,3905,0,0,0,21,8,9,False
tjjfvi,2,https://github.com/tjjfvi,User,False,2321,0,0,0,30,133,43,False
sisisin,2,https://github.com/sisisin,User,False,4087,0,0,0,30,43,12,False
pcbro,2,https://github.com/pcbro,User,False,3362,5,3,0,5,108,6,False
okmttdhr,2,https://github.com/okmttdhr,User,False,4196,30,30,30,30,101,60,False
NColey,2,https://github.com/NColey,User,False,3809,19,13,10,6,29,3,False
karthikkp,2,https://github.com/karthikkp,User,False,4501,5,3,9,4,2,0,False
gb714us,2,https://github.com/gb714us,User,False,3940,2,2,3,22,5,0,False
chicoxyzzy,2,https://github.com/chicoxyzzy,User,False,4730,30,30,30,30,970,34,False
cherryblossom000,2,https://github.com/cherryblossom000,User,False,2727,30,30,30,30,44,17,False
ZYSzys,2,https://github.com/ZYSzys,User,False,3023,30,30,30,30,239,1353,False
ypresto,2,https://github.com/ypresto,User,False,5268,30,30,30,30,240,868,False
wnayes,2,https://github.com/wnayes,User,False,4758,14,11,30,30,8,165,False
valera-rozuvan,2,https://github.com/valera-rozuvan,User,False,4549,0,0,0,28,265,75,False
ToddThomson,2,https://github.com/ToddThomson,User,False,4965,0,0,0,23,12,175,False
pimterry,2,https://github.com/pimterry,User,False,4725,0,0,0,30,661,11,False
tiagovtristao,2,https://github.com/tiagovtristao,User,False,3407,0,0,0,26,8,191,False
tetsuharuohzeki,2,https://github.com/tetsuharuohzeki,User,False,5515,0,0,0,30,127,4,False
TRCYX,2,https://github.com/TRCYX,User,False,2809,0,0,0,22,5,13,False
gwicksted,2,https://github.com/gwicksted,User,False,4554,0,0,0,6,7,11,False
ziacik,2,https://github.com/ziacik,User,False,4285,0,0,0,30,3,26,False
filipesilva,2,https://github.com/filipesilva,User,False,4324,30,30,30,30,1146,914,False
komyg,2,https://github.com/komyg,User,False,2953,30,28,30,30,16,6,False
Eyas,2,https://github.com/Eyas,User,False,5152,30,30,30,30,39,34,False
erikbrinkman,2,https://github.com/erikbrinkman,User,False,4992,30,30,30,30,58,1488,False
emmatown,2,https://github.com/emmatown,User,False,3627,30,30,30,30,518,13,False
egorio,2,https://github.com/egorio,User,False,4731,30,30,30,30,11,13,False
dsifford,2,https://github.com/dsifford,User,False,4203,30,30,30,30,254,202,False
randombk,2,https://github.com/randombk,User,False,4694,23,12,30,28,10,284,False
danvk,2,https://github.com/danvk,User,False,5717,30,30,30,30,807,303,False
DLehenbauer,2,https://github.com/DLehenbauer,User,False,3634,30,30,30,30,32,105,False
krizalys,2,https://github.com/krizalys,User,False,4732,0,0,0,22,13,162,False
blickly,2,https://github.com/blickly,User,False,5928,0,0,0,30,30,33,False
acutmore,2,https://github.com/acutmore,User,False,4303,0,0,0,30,80,9,False
anilanar,2,https://github.com/anilanar,User,False,5044,0,0,0,30,27,7,False
flapenguin,2,https://github.com/flapenguin,User,False,4895,0,0,0,18,40,45,False
aminpaks,2,https://github.com/aminpaks,User,False,3777,0,0,0,30,18,31,False
akhomchenko,2,https://github.com/akhomchenko,User,False,4618,30,30,30,30,10,7,False
AdityaDaflapurkar,2,https://github.com/AdityaDaflapurkar,User,False,3557,16,11,3,20,4,1,False
begincalendar,2,https://github.com/begincalendar,User,False,3695,29,25,30,17,1,0,False
MartinJohns,2,https://github.com/MartinJohns,User,False,4198,13,9,30,18,43,85,False
AverageMarcus,2,https://github.com/AverageMarcus,User,False,4405,30,30,30,30,117,66,False
LPGhatguy,2,https://github.com/LPGhatguy,User,False,5096,30,30,30,30,345,282,False
webpro,2,https://github.com/webpro,User,False,5226,30,30,30,30,844,12939,False
KSXGitHub,2,https://github.com/KSXGitHub,User,False,3626,30,30,30,30,96,7,False
stkevintan,2,https://github.com/stkevintan,User,False,4118,30,30,30,30,202,424,False
Ken703,2,https://github.com/Ken703,User,False,2588,6,6,0,3,0,0,False
katemihalikova,2,https://github.com/katemihalikova,User,False,3967,0,0,0,30,77,193,False
jwunderl,2,https://github.com/jwunderl,User,True,4152,0,0,0,30,49,15,False
sophiajt,2,https://github.com/sophiajt,User,False,5157,0,0,0,30,1524,71,False
jrieken,2,https://github.com/jrieken,User,True,4645,0,0,0,30,990,165,False
trusktr,2,https://github.com/trusktr,User,False,5370,0,0,0,30,647,16,False
m4jing,2,https://github.com/m4jing,User,False,4490,0,0,0,30,5,4,False
jednano,2,https://github.com/jednano,User,False,4901,0,0,0,30,0,311,False
staxmanade,2,https://github.com/staxmanade,User,False,5565,30,30,30,30,75,181,False
frigus02,2,https://github.com/frigus02,User,False,4387,30,30,30,30,62,9,False
IgorNovozhilov,2,https://github.com/IgorNovozhilov,User,False,4442,30,30,30,5,17,6,False
hahmadia,2,https://github.com/hahmadia,User,False,3263,30,30,23,26,14,0,False
noshiro-pf,2,https://github.com/noshiro-pf,User,False,2249,30,30,16,22,5,5,False
andreubotella,1,https://github.com/andreubotella,User,False,3863,30,30,30,30,121,27,False
awibox,1,https://github.com/awibox,User,False,4608,30,30,30,30,286,65,False
abuob,1,https://github.com/abuob,User,False,3411,8,8,8,5,9,16,False
jfet97,1,https://github.com/jfet97,User,False,2988,30,30,30,30,108,209,False
fr3shw3b,1,https://github.com/fr3shw3b,User,False,4234,5,5,0,12,4,0,False
andersk,1,https://github.com/andersk,User,False,5986,0,0,0,30,407,7,False
amitdahan,1,https://github.com/amitdahan,User,False,3747,0,0,0,30,51,55,False
blaumeise20,1,https://github.com/blaumeise20,User,False,1787,0,0,0,30,32,46,False
AGMETEOR,1,https://github.com/AGMETEOR,User,False,2840,0,0,0,30,0,4,False
example123,1,https://github.com/example123,User,False,5749,0,0,0,0,18,0,False
soon,1,https://github.com/soon,User,False,4850,0,0,0,30,18,43,False
andfaulkner,1,https://github.com/andfaulkner,User,False,3937,0,0,0,30,46,29,False
Andrewnt219,1,https://github.com/Andrewnt219,User,False,2050,30,30,30,30,26,8,False
astegmaier,1,https://github.com/astegmaier,User,False,4926,30,30,30,30,25,16,False
achew22,1,https://github.com/achew22,User,False,5923,30,30,30,30,297,2,False
andraaspar,1,https://github.com/andraaspar,User,False,4391,10,4,30,30,4,9,False
anikethsaha,1,https://github.com/anikethsaha,User,False,2899,30,30,30,30,227,190,False
dabalyan,1,https://github.com/dabalyan,User,False,3284,3,3,9,6,13,13,False
agilgur5,1,https://github.com/agilgur5,User,False,4240,30,30,30,30,144,1,False
subzey,1,https://github.com/subzey,User,False,5016,30,30,30,30,188,32,False
5atoshiNakamoto,1,https://github.com/5atoshiNakamoto,User,False,848,30,30,4,26,10,0,False
Aaron-Junker,1,https://github.com/Aaron-Junker,User,False,1898,30,30,30,30,107,9,False
acywatson,1,https://github.com/acywatson,User,False,3430,0,0,0,13,92,13,False
adamburgess,1,https://github.com/adamburgess,User,False,3942,0,0,0,24,18,48,False
afoxman,1,https://github.com/afoxman,User,False,4220,0,0,0,18,87,9,False
postama,1,https://github.com/postama,User,False,3721,0,0,0,18,1,0,False
bttf,1,https://github.com/bttf,User,False,4534,0,0,0,30,28,7,False
adriengibrat,1,https://github.com/adriengibrat,User,False,5821,0,0,0,30,195,130,False
afonsojramos,1,https://github.com/afonsojramos,User,False,3195,30,30,30,30,173,178,False
aiday-mar,1,https://github.com/aiday-mar,User,False,1818,30,30,30,27,169,27,False
AjayPoshak,1,https://github.com/AjayPoshak,User,False,3953,30,30,28,30,37,28,False
AlCalzone,1,https://github.com/AlCalzone,User,False,3271,30,30,30,30,170,21,False
Loghorn,1,https://github.com/Loghorn,User,False,4591,30,30,20,30,18,144,False
avchugaev,1,https://github.com/avchugaev,User,False,4076,30,30,30,4,13,0,False
AlexMunoz,1,https://github.com/AlexMunoz,User,False,4441,30,27,2,27,22,21,False
Vinatorul,1,https://github.com/Vinatorul,User,False,4010,30,30,30,30,40,130,False
shvaikalesh,1,https://github.com/shvaikalesh,User,False,4223,30,30,30,20,272,33,False
norech,1,https://github.com/norech,User,False,2689,30,30,30,30,33,68,False
alkavats1,1,https://github.com/alkavats1,User,False,1510,0,0,0,30,6,3,False
