Login,Contributions,URL,Type,Site Admin,Account Age (days),Total PRs Submitted,Total PRs Merged,Total Issues Opened,Total Repositories Contributed To,Followers,Stars Received,Is Member of Organization
gkalpak,1928,https://github.com/gkalpak,User,False,3822,30,30,30,30,839,45,False
petebacondarwin,1771,https://github.com/petebacondarwin,User,False,6074,30,30,30,30,1534,223,False
devversion,1396,https://github.com/devversion,User,False,4238,30,30,30,30,663,18,False
alxhub,1017,https://github.com/alxhub,User,False,4324,30,30,30,30,1148,116,False
crisbeto,992,https://github.com/crisbeto,User,False,4294,30,30,30,30,704,779,False
atscott,972,https://github.com/atscott,User,False,5209,30,30,30,30,197,0,False
IgorMinar,964,https://github.com/IgorMinar,User,False,5462,30,30,30,30,3288,79,False
vsavkin,952,https://github.com/vsavkin,User,False,5930,30,30,30,30,2496,377,False
vicb,916,https://github.com/vicb,User,False,5415,30,30,30,30,708,141,False
AndrewKushnir,899,https://github.com/AndrewKushnir,User,False,2337,30,30,30,15,325,7,False
josephperrott,859,https://github.com/josephperrott,User,False,3664,0,0,0,30,256,1,False
pkozlowski-opensource,809,https://github.com/pkozlowski-opensource,User,False,4938,0,0,0,30,1120,231,False
tbosch,789,https://github.com/tbosch,User,False,5077,0,0,0,30,589,451,False
mhevery,752,https://github.com/mhevery,User,False,5675,0,0,0,30,6169,537,False
alan-agius4,736,https://github.com/alan-agius4,User,False,3274,0,0,0,30,587,7,False
JeanMeche,632,https://github.com/JeanMeche,User,False,4793,0,0,30,30,327,60,False
angular-robot,598,https://github.com/angular-robot,User,False,1264,30,30,8,8,38,20,False
alexeagle,562,https://github.com/alexeagle,User,False,5874,30,30,30,30,925,33,False
kara,536,https://github.com/kara,User,False,4356,30,30,30,30,1983,130,False
renovate-bot,535,https://github.com/renovate-bot,User,False,2952,30,30,30,30,1831,6,False
matsko,480,https://github.com/matsko,User,False,5732,30,30,30,30,1582,528,False
JoostK,435,https://github.com/JoostK,User,False,5643,30,30,30,30,191,5,False
mgechev,353,https://github.com/mgechev,User,False,5227,30,30,30,30,10003,4639,False
dylhunn,338,https://github.com/dylhunn,User,False,3973,30,30,13,24,166,95,False
chuckjaz,336,https://github.com/chuckjaz,User,False,5293,30,30,30,30,292,10,False
marclaval,310,https://github.com/marclaval,User,False,4542,30,30,0,30,186,246,False
AleksanderBodurri,310,https://github.com/AleksanderBodurri,User,False,2470,0,0,0,30,103,6,False
gregmagolan,301,https://github.com/gregmagolan,User,False,5179,0,0,0,30,98,24,False
thePunderWoman,295,https://github.com/thePunderWoman,User,False,4704,0,0,0,20,226,25,False
ocombe,192,https://github.com/ocombe,User,False,5401,0,0,0,30,719,33,False
jbogarthyde,192,https://github.com/jbogarthyde,User,False,2714,0,0,0,14,18,0,False
jasonaden,191,https://github.com/jasonaden,User,False,5183,30,30,30,30,184,85,False
JiaLiPassion,189,https://github.com/JiaLiPassion,User,False,4749,30,30,30,30,198,25,False
dario-piotrowicz,177,https://github.com/dario-piotrowicz,User,False,1814,30,30,30,30,103,2,False
kapunahelewong,176,https://github.com/kapunahelewong,User,False,4330,30,30,30,30,200,6,False
cexbrayat,164,https://github.com/cexbrayat,User,False,5261,30,30,30,30,587,353,False
wardbell,158,https://github.com/wardbell,User,False,5629,30,30,30,30,773,335,False
brandonroberts,154,https://github.com/brandonroberts,User,False,5899,30,30,30,30,2067,63,False
btford,152,https://github.com/btford,User,False,5213,30,30,30,30,3380,3430,False
yjbanov,145,https://github.com/yjbanov,User,False,5469,30,30,30,30,409,192,False
filipesilva,137,https://github.com/filipesilva,User,False,4324,30,30,30,30,1146,914,False
dgp1130,131,https://github.com/dgp1130,User,False,3655,0,0,0,30,115,8,False
mprobst,123,https://github.com/mprobst,User,False,6152,0,0,0,30,161,20,False
mmalerba,123,https://github.com/mmalerba,User,False,3435,0,0,0,22,138,2,False
rkirov,123,https://github.com/rkirov,User,False,5725,0,0,0,30,166,111,False
arturovt,120,https://github.com/arturovt,User,False,3957,30,30,24,18,208,26,False
jeffbcross,118,https://github.com/jeffbcross,User,False,5220,30,30,30,30,1048,144,False
jelbourn,115,https://github.com/jelbourn,User,False,5002,30,30,30,30,1084,702,False
benlesh,113,https://github.com/benlesh,User,False,4721,30,30,30,30,2881,153,False
sjtrimble,113,https://github.com/sjtrimble,User,False,4457,30,30,30,30,83,7,False
sonukapoor,106,https://github.com/sonukapoor,User,False,5829,30,30,30,30,74,22,False
clydin,106,https://github.com/clydin,User,False,3188,30,30,22,26,179,5,False
renovate[bot],105,https://github.com/apps/renovate,Bot,False,2816,30,30,0,0,0,0,False
kyliau,104,https://github.com/kyliau,User,False,4460,0,0,0,30,169,6,False
sumitarora,101,https://github.com/sumitarora,User,False,5489,0,0,0,30,120,16,False
pmvald,94,https://github.com/pmvald,User,False,2731,0,0,0,4,18,1,False
kormide,93,https://github.com/kormide,User,False,4244,0,0,0,25,13,9,False
ayazhafiz,92,https://github.com/ayazhafiz,User,False,3123,0,0,0,30,175,13,False
bampakoa,88,https://github.com/bampakoa,User,False,3971,0,0,0,10,210,204,False
Foxandxss,85,https://github.com/Foxandxss,User,False,4890,0,0,0,30,759,1351,False
vikerman,80,https://github.com/vikerman,User,False,5756,0,0,0,30,203,187,False
juliemr,79,https://github.com/juliemr,User,False,4581,0,0,0,30,2702,70,False
robwormald,75,https://github.com/robwormald,User,False,5169,0,0,0,30,1517,171,False
ajitsinghkaler,74,https://github.com/ajitsinghkaler,User,False,2470,0,0,0,30,35,44,False
PatrickJS,73,https://github.com/PatrickJS,User,False,4918,0,0,0,30,2971,24,False
trekladyone,61,https://github.com/trekladyone,User,False,1277,0,0,0,1,1,0,False
DzmitryShylovich,52,https://github.com/DzmitryShylovich,User,False,3771,0,0,0,3,202,2,False
josmar-crwdstffng,47,https://github.com/josmar-crwdstffng,User,False,1307,0,0,0,2,1,0,False
ivanwonder,45,https://github.com/ivanwonder,User,False,3384,0,0,0,18,24,3,False
trotyl,45,https://github.com/trotyl,User,False,4098,0,0,0,30,406,67,False
bencodezen,44,https://github.com/bencodezen,User,False,4253,0,0,0,30,2142,291,False
bjarkler,43,https://github.com/bjarkler,User,False,1724,0,0,0,16,9,0,False
twerske,43,https://github.com/twerske,User,False,3417,0,0,0,30,405,64,False
kevmoo,43,https://github.com/kevmoo,User,False,6061,0,0,0,30,2232,302,False
sasidharansd,42,https://github.com/sasidharansd,User,False,2183,0,0,0,30,7,7,False
naomiblack,42,https://github.com/naomiblack,User,False,4547,0,0,0,24,170,1,False
jteplitz,40,https://github.com/jteplitz,User,False,5495,0,0,0,30,107,17,False
TeriGlover,39,https://github.com/TeriGlover,User,False,1545,0,0,0,3,0,0,False
santoshyadavdev,38,https://github.com/santoshyadavdev,User,False,3597,0,0,0,30,1701,194,False
iteriani,37,https://github.com/iteriani,User,False,4397,0,0,0,30,6,1,False
caitp,37,https://github.com/caitp,User,False,4546,0,0,0,30,1013,580,False
StephenFluin,35,https://github.com/StephenFluin,User,False,5548,0,0,0,30,662,32,False
tbondwilkinson,33,https://github.com/tbondwilkinson,User,False,4533,0,0,0,30,19,9,False
jenniferfell,33,https://github.com/jenniferfell,User,False,2721,0,0,0,2,16,1,False
MarkTechson,33,https://github.com/MarkTechson,User,False,4509,0,0,0,30,394,95,False
hansl,33,https://github.com/hansl,User,False,5081,30,30,30,30,326,68,False
wagnermaciel,32,https://github.com/wagnermaciel,User,False,2953,30,30,30,17,26,1,False
sreevani-ship-it,32,https://github.com/sreevani-ship-it,User,False,2673,30,11,2,7,11,0,False
hawkgs,31,https://github.com/hawkgs,User,False,4294,30,14,26,30,40,139,False
wKoza,31,https://github.com/wKoza,User,False,3631,30,30,30,30,30,0,False
andrewseguin,30,https://github.com/andrewseguin,User,False,3044,30,30,30,25,222,29,False
danieltre23,29,https://github.com/danieltre23,User,False,3019,30,30,0,7,1,0,False
tinayuangao,29,https://github.com/tinayuangao,User,False,3126,30,30,30,9,39,2,False
CaerusKaru,28,https://github.com/CaerusKaru,User,False,5257,0,0,0,30,0,5,False
LayZeeDK,27,https://github.com/LayZeeDK,User,False,4056,30,30,30,30,528,14,False
zarend,27,https://github.com/zarend,User,False,3917,0,0,0,28,12,4,False
jessicajaniuk,25,https://github.com/jessicajaniuk,User,False,1588,0,0,0,6,339,12,False
atcastle,24,https://github.com/atcastle,User,False,3831,0,0,0,11,66,4,False
jakemac53,24,https://github.com/jakemac53,User,False,4933,0,0,0,30,187,15,False
alkavats1,23,https://github.com/alkavats1,User,False,1510,0,0,0,30,6,3,False
aanchal88,23,https://github.com/aanchal88,User,False,1510,0,0,0,21,6,0,False
AlexElin,22,https://github.com/AlexElin,User,False,3523,0,0,0,30,2,0,False
ahasall,22,https://github.com/ahasall,User,False,3794,30,28,27,13,131,33,False
alfaproject,22,https://github.com/alfaproject,User,False,5828,30,30,30,30,43,22,False
lacolaco,22,https://github.com/lacolaco,User,False,4724,30,30,30,30,665,79,False
vojtajina,21,https://github.com/vojtajina,User,False,5877,30,30,30,30,1181,58,False
swseverance,20,https://github.com/swseverance,User,False,3253,30,30,26,30,10,21,False
ttowncompiled,20,https://github.com/ttowncompiled,User,False,4325,30,30,30,30,39,6,False
vladboisa,20,https://github.com/vladboisa,User,False,1841,30,30,13,30,0,0,False
iRealNirmal,20,https://github.com/iRealNirmal,User,False,4332,30,10,25,26,6,3,False
devknoll,20,https://github.com/devknoll,User,False,4738,30,30,30,12,143,284,False
sheikalthaf,18,https://github.com/sheikalthaf,User,False,3062,30,30,30,30,32,7,False
dalejodc,18,https://github.com/dalejodc,User,False,2544,0,0,0,18,46,17,False
danielsogl,18,https://github.com/danielsogl,User,False,3406,0,0,0,30,306,2425,False
kwalrath,17,https://github.com/kwalrath,User,False,4567,0,0,0,30,197,4,False
0x-r4bbit,17,https://github.com/0x-r4bbit,User,False,5234,0,0,0,30,2337,142,False
Ahmed-Hakeem,17,https://github.com/Ahmed-Hakeem,User,False,1734,0,0,8,30,24,25,False
thesmiler,17,https://github.com/thesmiler,User,False,3650,23,7,4,7,9,0,False
eneajaho,16,https://github.com/eneajaho,User,False,2942,30,30,30,30,405,89,False
markostanimirovic,16,https://github.com/markostanimirovic,User,False,3259,30,30,30,30,331,270,False
dsnoeijer,15,https://github.com/dsnoeijer,User,False,1291,30,12,0,19,0,0,False
martinsik,14,https://github.com/martinsik,User,False,5429,30,30,30,25,101,258,False
TedSander,14,https://github.com/TedSander,User,False,4148,30,10,30,12,15,0,False
Piyush132000,13,https://github.com/Piyush132000,User,False,1606,28,3,0,30,2,0,False
bowenni,13,https://github.com/bowenni,User,False,4535,30,30,30,28,17,1,False
ranma42,12,https://github.com/ranma42,User,False,4730,30,30,30,30,45,4,False
alfonso-presa,12,https://github.com/alfonso-presa,User,False,3869,30,30,0,30,30,10,False
GeorgySerga,12,https://github.com/GeorgySerga,User,False,3770,0,0,0,30,7,0,False
Splaktar,12,https://github.com/Splaktar,User,False,4392,0,0,0,30,377,21,False
chalin,12,https://github.com/chalin,User,False,4328,0,0,0,30,166,1,False
goderbauer,11,https://github.com/goderbauer,User,False,4828,0,0,0,30,595,86,False
FrederikSchlemmer,11,https://github.com/FrederikSchlemmer,User,False,2602,0,0,0,11,12,1,False
sbrshkappa,11,https://github.com/sbrshkappa,User,False,4308,11,4,24,30,2,2,False
dimakuba,11,https://github.com/dimakuba,User,False,3425,30,12,30,30,6,0,False
ramthir,11,https://github.com/ramthir,User,False,3627,13,0,5,11,10,4,False
t-bowersox,11,https://github.com/t-bowersox,User,False,3607,30,30,30,3,1,0,False
garrettld,10,https://github.com/garrettld,User,False,3582,20,8,3,9,6,0,False
PowerKiKi,10,https://github.com/PowerKiKi,User,False,5791,30,30,30,30,185,3,False
hankduan,10,https://github.com/hankduan,User,False,4900,30,10,30,12,73,1,False
SekibOmazic,10,https://github.com/SekibOmazic,User,False,4370,30,30,30,30,33,130,False
serpent5,9,https://github.com/serpent5,User,False,4102,30,30,30,5,46,28,False
jakovljevic-mladen,9,https://github.com/jakovljevic-mladen,User,False,2852,30,30,17,15,36,11,False
benbraou,9,https://github.com/benbraou,User,False,3437,0,0,0,22,23,80,False
4javier,9,https://github.com/4javier,User,False,5224,0,0,0,18,7,0,False
JeevanMahesha,9,https://github.com/JeevanMahesha,User,False,2611,0,0,0,18,42,3,False
joostme,9,https://github.com/joostme,User,False,3445,0,0,0,22,7,17,False
harryterkelsen,9,https://github.com/harryterkelsen,User,False,4602,0,0,0,11,117,14,False
AlirezaEbrahimkhani,8,https://github.com/AlirezaEbrahimkhani,User,False,2220,0,0,0,30,98,55,False
Goodwine,8,https://github.com/Goodwine,User,False,4592,0,0,0,19,15,20,False
sarunint,8,https://github.com/sarunint,User,False,4358,0,0,0,30,35,1,False
sdedieu,8,https://github.com/sdedieu,User,False,1935,26,10,20,30,10,2,False
uraj,8,https://github.com/uraj,User,False,4834,30,20,17,23,31,12,False
juleskremer,8,https://github.com/juleskremer,User,False,3529,21,12,1,5,27,5,False
davidlj95,8,https://github.com/davidlj95,User,False,3882,30,30,30,30,82,5,False
chirayuk,8,https://github.com/chirayuk,User,False,5920,30,30,30,30,239,5,False
qmonmert,7,https://github.com/qmonmert,User,False,3733,30,30,30,30,19,0,False
swami-sanapathi,7,https://github.com/swami-sanapathi,User,False,2429,27,16,25,30,9,2,False
divdavem,7,https://github.com/divdavem,User,False,4862,30,30,30,30,24,1,False
ilirbeqirii,7,https://github.com/ilirbeqirii,User,False,2977,30,30,21,30,5,0,False
bougwal,7,https://github.com/bougwal,User,False,1820,30,11,11,30,8,0,False
macjohnny,7,https://github.com/macjohnny,User,False,4156,0,0,0,14,56,11,False
abarghoud,7,https://github.com/abarghoud,User,False,3492,0,0,0,16,6,26,False
stevermeister,7,https://github.com/stevermeister,User,False,4725,0,0,0,30,257,567,False
laskoviymishka,7,https://github.com/laskoviymishka,User,False,4483,0,0,0,30,33,13,False
rockument69,7,https://github.com/rockument69,User,False,2491,0,0,0,3,35,0,False
Rajendran-Balaji,7,https://github.com/Rajendran-Balaji,User,False,1282,0,0,0,5,0,7,False
9kubczas4,7,https://github.com/9kubczas4,User,False,2330,0,0,0,19,19,5,False
cironunes,7,https://github.com/cironunes,User,False,5216,30,30,30,30,873,175,False
khempenius,7,https://github.com/khempenius,User,False,4095,30,30,30,11,340,53,False
yousafnawaz,7,https://github.com/yousafnawaz,User,False,1235,10,2,6,22,0,0,False
ericmdantas,7,https://github.com/ericmdantas,User,False,3983,25,13,30,30,86,94,False
angular-robot[bot],7,https://github.com/apps/angular-robot,Bot,False,1956,0,0,0,0,0,0,False
RafaelJCamara,6,https://github.com/RafaelJCamara,User,False,2067,30,30,30,30,6,0,False
jnizet,6,https://github.com/jnizet,User,False,4702,30,30,30,30,206,5,False
adeora,6,https://github.com/adeora,User,False,4348,14,8,30,14,32,53,False
eltociear,6,https://github.com/eltociear,User,False,3056,0,0,0,30,0,17,False
kuncevic,6,https://github.com/kuncevic,User,False,4803,30,23,30,30,48,16,False
Zuckjet,6,https://github.com/Zuckjet,User,False,3254,0,0,0,30,19,9,False
profanis,6,https://github.com/profanis,User,False,3982,0,0,0,30,140,131,False
alefra86,6,https://github.com/alefra86,User,False,3971,0,0,0,4,2,0,False
TrevorKarjanis,6,https://github.com/TrevorKarjanis,User,False,4537,0,0,0,30,3,3,False
realtomaszkula,6,https://github.com/realtomaszkula,User,False,3385,0,0,0,30,50,3,False
akib1997,6,https://github.com/akib1997,User,False,2160,0,0,0,30,27,5,False
rahatarmanahmed,6,https://github.com/rahatarmanahmed,User,False,4427,0,0,0,30,67,769,False
acohenOT,6,https://github.com/acohenOT,User,False,2616,13,6,30,0,1,0,False
cesperian,6,https://github.com/cesperian,User,False,1824,11,2,9,8,0,5,False
textbook,6,https://github.com/textbook,User,False,5028,30,30,30,30,193,101,False
cebor,6,https://github.com/cebor,User,False,4710,30,30,30,24,41,268,False
jrumandal,6,https://github.com/jrumandal,User,False,3029,7,1,3,11,16,2,False
frigus02,6,https://github.com/frigus02,User,False,4387,30,30,30,30,62,9,False
gionkunz,6,https://github.com/gionkunz,User,False,4560,30,0,0,30,472,223,False
gjungb,6,https://github.com/gjungb,User,False,4404,0,0,0,30,19,2,False
GavinMK,6,https://github.com/GavinMK,User,False,2938,0,0,0,3,1,0,False
naaajii,5,https://github.com/naaajii,User,False,2006,0,0,0,9,2,0,False
web-dave,5,https://github.com/web-dave,User,False,3807,0,0,0,30,134,17,False
amcdnl,5,https://github.com/amcdnl,User,False,5445,0,0,0,30,1209,178,False
andrius-pra,5,https://github.com/andrius-pra,User,False,3255,0,0,0,20,2,0,False
BrianDouglasIE,5,https://github.com/BrianDouglasIE,User,False,330,0,0,0,17,5,20,False
yjaaidi,5,https://github.com/yjaaidi,User,False,4493,0,0,0,26,156,66,False
vyom1611,5,https://github.com/vyom1611,User,False,1206,0,0,0,30,2,10,False
waterplea,5,https://github.com/waterplea,User,False,3603,0,0,0,13,377,19,False
JLHwung,5,https://github.com/JLHwung,User,False,4383,0,0,0,30,410,3,False
MrJithil,5,https://github.com/MrJithil,User,False,2898,0,0,0,30,12,1,False
juristr,5,https://github.com/juristr,User,False,5161,30,30,30,30,985,520,False
NothingEverHappens,5,https://github.com/NothingEverHappens,User,False,5462,30,30,30,30,12,11,False
Teamop,5,https://github.com/Teamop,User,False,3831,30,30,30,29,5,5,False
krzysztof-grzybek,5,https://github.com/krzysztof-grzybek,User,False,4075,30,30,30,30,49,11,False
ChellappanRajan,5,https://github.com/ChellappanRajan,User,False,3039,30,30,30,30,33,4,False
bob-watson,5,https://github.com/bob-watson,User,False,1031,30,2,9,5,2,0,False
chrisguttandin,5,https://github.com/chrisguttandin,User,False,5561,0,0,0,30,362,237,False
cyrilletuzi,5,https://github.com/cyrilletuzi,User,False,5151,0,0,0,8,122,864,False
literalpie,5,https://github.com/literalpie,User,False,3142,0,0,0,30,43,64,False
damingerdai,5,https://github.com/damingerdai,User,False,3345,0,0,0,30,28,5,False
dannyskoog,5,https://github.com/dannyskoog,User,False,5129,0,0,0,30,6,2,False
georgewilde,5,https://github.com/georgewilde,User,False,4335,0,0,0,30,8,31,False
hannahhoward,5,https://github.com/hannahhoward,User,False,4746,0,0,0,30,158,105,False
architect254,5,https://github.com/architect254,User,False,1951,0,0,0,20,13,2,False
jbedard,5,https://github.com/jbedard,User,False,5744,0,0,0,30,40,24,False
JohannesHoppe,5,https://github.com/JohannesHoppe,User,False,5103,0,0,0,30,0,79,False
johnnygerard,5,https://github.com/johnnygerard,User,False,1930,0,0,0,30,2,1,False
ktcd,5,https://github.com/ktcd,User,False,3401,0,0,0,4,4,132,False
markgoho,5,https://github.com/markgoho,User,False,3746,30,30,30,30,43,5,False
abergquist,5,https://github.com/abergquist,User,False,3975,30,20,30,18,1,0,False
simonaco,5,https://github.com/simonaco,User,False,4711,30,30,30,30,698,10,False
timdeschryver,5,https://github.com/timdeschryver,User,False,2837,30,30,30,30,729,28,False
krp12345,5,https://github.com/krp12345,User,False,3127,15,4,14,6,0,0,False
splincode,5,https://github.com/splincode,User,False,3591,30,30,30,30,338,44,False
DanielRuf,4,https://github.com/DanielRuf,User,False,5007,0,0,0,5,599,55,False
destus90,4,https://github.com/destus90,User,False,3256,0,0,0,26,4,0,False
lazarljubenovic,4,https://github.com/lazarljubenovic,User,False,3924,0,0,0,30,82,13,False
javatutorials2016,4,https://github.com/javatutorials2016,User,False,3200,0,0,0,25,0,1,False
dherges,4,https://github.com/dherges,User,False,4973,0,0,0,30,108,6,False
ericmartinezr,4,https://github.com/ericmartinezr,User,False,3525,0,0,0,10,43,5,False
cindygk,4,https://github.com/cindygk,User,False,1787,0,0,0,1,0,0,False
bmarkov,4,https://github.com/bmarkov,User,False,3152,0,0,0,28,18,10,False
asnowwolf,4,https://github.com/asnowwolf,User,False,4748,0,0,0,30,661,19,False
apocalyp0sys,4,https://github.com/apocalyp0sys,User,False,4707,0,0,0,19,2,3,False
huangw5,4,https://github.com/huangw5,User,False,5346,0,0,0,20,6,1,False
dloukadakis,4,https://github.com/dloukadakis,User,False,3561,0,0,0,0,3,0,False
thelgevold,4,https://github.com/thelgevold,User,False,5315,0,0,30,30,202,1122,False
theoklitosBam7,4,https://github.com/theoklitosBam7,User,False,2824,13,9,2,25,35,3,False
cerkiner,4,https://github.com/cerkiner,User,False,4091,6,1,3,14,21,3,False
brad,4,https://github.com/brad,User,False,6198,30,30,30,30,92,7,False
aravindfz,4,https://github.com/aravindfz,User,False,3075,13,6,30,30,31,8,False
BeastCode,4,https://github.com/BeastCode,User,False,4523,20,6,25,30,13,0,False
HyperLife1119,4,https://github.com/HyperLife1119,User,False,2396,30,30,30,30,69,57,False
Wooshaah,4,https://github.com/Wooshaah,User,False,2885,0,0,0,2,0,0,False
alvarocjunq,4,https://github.com/alvarocjunq,User,False,3694,0,0,0,30,16,1,False
alexwolfe,4,https://github.com/alexwolfe,User,False,5264,0,0,0,20,214,5085,False
alcfeoh,4,https://github.com/alcfeoh,User,False,4265,0,0,0,30,225,21,False
AdityaK60,4,https://github.com/AdityaK60,User,False,614,0,0,0,12,0,0,False
srinathsree66,4,https://github.com/srinathsree66,User,False,893,0,0,0,30,2,3,False
sr5434,4,https://github.com/sr5434,User,False,819,0,0,0,30,8,5,False
rafaelss95,4,https://github.com/rafaelss95,User,False,3595,0,0,0,30,37,28,False
Potapy4,4,https://github.com/Potapy4,User,False,3217,0,0,0,5,52,1,False
Gourav102,4,https://github.com/Gourav102,User,False,3025,0,0,0,4,0,0,False
jasonchoimtt,4,https://github.com/jasonchoimtt,User,False,3775,0,0,0,13,10,71,False
harishkrishnan24,4,https://github.com/harishkrishnan24,User,False,2859,0,0,0,30,24,4,False
jamiekrug,4,https://github.com/jamiekrug,User,False,5399,16,5,8,9,41,22,False
pickfire,4,https://github.com/pickfire,User,False,4266,30,30,30,30,154,19,False
peruukki,4,https://github.com/peruukki,User,False,4649,30,30,19,30,22,93,False
johnmanners,4,https://github.com/johnmanners,User,False,4876,4,0,0,1,0,0,False
kalbarczyk,4,https://github.com/kalbarczyk,User,False,4031,6,1,1,27,25,0,False
Platonn,4,https://github.com/Platonn,User,False,4343,30,30,30,30,36,10,False
geoffbass,4,https://github.com/geoffbass,User,False,3973,30,30,0,28,57,2,False
HassenGaaya,4,https://github.com/HassenGaaya,User,False,5020,0,0,0,6,5,0,False
H--o-l,4,https://github.com/H--o-l,User,False,3661,0,0,0,30,2,1,False
frederikprijck,4,https://github.com/frederikprijck,User,False,4570,0,0,0,30,154,196,False
itslenny,4,https://github.com/itslenny,User,False,4206,0,0,0,30,47,109,False
fmalcher,4,https://github.com/fmalcher,User,False,4679,0,0,0,30,118,74,False
LucasSloan,4,https://github.com/LucasSloan,User,False,5704,0,0,0,30,11,16,False
sumitparakh,4,https://github.com/sumitparakh,User,False,4317,0,0,0,30,28,1,False
sigmundch,4,https://github.com/sigmundch,User,False,4588,0,0,0,30,58,22,False
shairez,4,https://github.com/shairez,User,False,4753,0,0,0,30,320,13,False
ScottSWu,4,https://github.com/ScottSWu,User,False,4384,0,0,0,30,53,1,False
sjelin,4,https://github.com/sjelin,User,False,4253,0,0,0,30,40,24,False
samjulien,4,https://github.com/samjulien,User,False,3916,30,30,12,30,221,56,False
samhrncir,4,https://github.com/samhrncir,User,False,2239,20,15,0,30,8,21,False
shavidze,4,https://github.com/shavidze,User,False,3014,30,30,9,30,17,17,False
romamatusevich,4,https://github.com/romamatusevich,User,False,4788,30,23,12,0,11,0,False
robphoenix,4,https://github.com/robphoenix,User,False,3777,30,30,30,30,67,79,False
ladraum,4,https://github.com/ladraum,User,False,5788,5,4,9,29,21,22,False
piloopin,4,https://github.com/piloopin,User,False,4174,10,0,0,15,7,0,False
valorkin,4,https://github.com/valorkin,User,False,4882,0,0,0,30,328,14,False
MatthiasKunnen,4,https://github.com/MatthiasKunnen,User,False,3315,0,0,0,30,13,4,False
mlz11,4,https://github.com/mlz11,User,False,1194,0,0,0,9,4,0,False
lukasmatta,4,https://github.com/lukasmatta,User,False,4308,0,0,0,30,7,13,False
tamascsaba,3,https://github.com/tamascsaba,User,False,4394,0,0,0,30,52,10,False
jainanuj0812,3,https://github.com/jainanuj0812,User,False,3764,0,0,0,30,0,0,False
simonua,3,https://github.com/simonua,User,False,3887,0,0,0,2,8,0,False
shefalisinha,3,https://github.com/shefalisinha,User,False,4273,0,0,0,1,1,0,False
ShaviPathania,3,https://github.com/ShaviPathania,User,False,4231,0,0,0,7,2,0,False
FrankiePo,3,https://github.com/FrankiePo,User,False,4205,0,0,0,30,14,0,False
seabasso,3,https://github.com/seabasso,User,False,2000,2,0,0,3,0,0,False
SamVerschueren,3,https://github.com/SamVerschueren,User,False,4612,30,30,30,30,755,968,False
saifabusaleh,3,https://github.com/saifabusaleh,User,False,3412,30,30,17,30,9,18,False
SahulKola,3,https://github.com/SahulKola,User,False,2449,15,7,0,30,2,2,False
rixrix,3,https://github.com/rixrix,User,False,5926,30,30,30,30,35,3,False
nebulou5,3,https://github.com/nebulou5,User,False,4011,30,16,17,30,25,21,False
renanmontebelo,3,https://github.com/renanmontebelo,User,False,3631,0,0,0,4,0,0,False
piotrtomiak,3,https://github.com/piotrtomiak,User,False,4316,0,0,0,30,34,4,False
ochafik,3,https://github.com/ochafik,User,False,5395,0,0,0,30,266,6,False
Nicoss54,3,https://github.com/Nicoss54,User,False,2986,0,0,0,24,35,7,False
amayer42,3,https://github.com/amayer42,User,False,4150,0,0,0,3,0,0,False
alexcastillo,3,https://github.com/alexcastillo,User,False,4849,0,0,0,30,388,262,False
zverbeta,3,https://github.com/zverbeta,User,False,4073,0,0,0,11,31,0,False
Yerkon,3,https://github.com/Yerkon,User,False,4342,0,0,0,26,14,1,False
mhartington,3,https://github.com/mhartington,User,False,4472,0,0,0,30,1453,25,False
maxime-allex,3,https://github.com/maxime-allex,User,False,4769,0,0,0,10,2,4,False
kirjs,3,https://github.com/kirjs,User,False,4510,0,0,0,30,196,41,False
keertip,3,https://github.com/keertip,User,False,4562,0,0,0,30,17,0,False
jithil-kore,3,https://github.com/jithil-kore,User,False,2298,5,1,0,8,1,0,False
yharaskrik,3,https://github.com/yharaskrik,User,False,3762,30,30,30,30,70,6,False
gary-b,3,https://github.com/gary-b,User,False,4714,23,6,17,11,36,13,False
ejcheng,3,https://github.com/ejcheng,User,False,1680,30,30,30,30,106,22,False
dependabot[bot],3,https://github.com/apps/dependabot,Bot,False,2133,30,30,0,0,0,0,False
aschaap,3,https://github.com/aschaap,User,False,3800,0,0,0,29,7,9,False
arielbackenroth,3,https://github.com/arielbackenroth,User,False,5347,0,0,0,3,2,5,False
voithos,3,https://github.com/voithos,User,False,5050,0,0,0,30,52,152,False
yallen011,3,https://github.com/yallen011,User,False,3469,0,0,0,28,14,3,False
YuliaTsareva,3,https://github.com/YuliaTsareva,User,False,3870,0,0,0,19,30,9,False
wesleycho,3,https://github.com/wesleycho,User,False,4672,0,0,0,30,251,166,False
wartab,3,https://github.com/wartab,User,False,3754,0,0,0,23,10,1,False
vsmenon,3,https://github.com/vsmenon,User,False,4575,0,0,0,22,54,14,False
urish,3,https://github.com/urish,User,False,4977,0,0,0,30,1285,3044,False
teropa,3,https://github.com/teropa,User,False,5871,0,0,0,30,1312,909,False
vandycknick,3,https://github.com/vandycknick,User,False,4043,0,0,0,30,31,43,False
alpha-mouse,3,https://github.com/alpha-mouse,User,False,4455,0,0,0,12,3,15,False
EzyHow,3,https://github.com/EzyHow,User,False,3500,0,0,0,15,0,6,False
grrd01,3,https://github.com/grrd01,User,False,4204,0,0,0,13,16,49,False
thorn0,3,https://github.com/thorn0,User,False,5729,0,0,0,30,84,111,False
Fank,3,https://github.com/Fank,User,False,4617,0,0,0,30,112,5,False
amilamen,3,https://github.com/amilamen,User,False,2238,0,0,0,30,542,10,False
LuxDie,3,https://github.com/LuxDie,User,False,3560,0,0,0,4,3,0,False
EmmanuelDemey,3,https://github.com/EmmanuelDemey,User,False,5151,0,0,0,30,148,34,False
DMezhenskyi,3,https://github.com/DMezhenskyi,User,False,3826,0,13,0,30,702,193,False
BendingBender,3,https://github.com/BendingBender,User,False,4255,0,0,0,30,193,7,False
davidreher,3,https://github.com/davidreher,User,False,4349,0,0,0,16,4,2,False
graveto,3,https://github.com/graveto,User,False,4594,0,0,0,30,30,1,False
puckowski,3,https://github.com/puckowski,User,False,4444,0,0,0,30,7,3,False
cassand,3,https://github.com/cassand,User,False,3776,0,0,0,7,11,1,False
benelliott,3,https://github.com/benelliott,User,False,4237,0,0,0,30,25,2,False
ToneyPK,3,https://github.com/ToneyPK,User,False,4558,0,0,0,4,7,0,False
awerlang,3,https://github.com/awerlang,User,False,5133,0,0,0,30,38,94,False
andreialecu,3,https://github.com/andreialecu,User,False,5073,0,0,0,30,97,6,False
obenjiro,3,https://github.com/obenjiro,User,False,4654,0,0,0,30,298,233,False
alejandrocuba,3,https://github.com/alejandrocuba,User,False,4067,0,0,0,23,12,6,False
aramirezj,3,https://github.com/aramirezj,User,False,2151,0,0,0,27,8,6,False
aahmedayed,3,https://github.com/aahmedayed,User,False,3371,0,0,0,3,10,0,False
adrienboulle,3,https://github.com/adrienboulle,User,False,3444,0,0,0,30,7,8,False
purezen,3,https://github.com/purezen,User,False,4448,30,19,30,30,20,0,False
nicholasp,3,https://github.com/nicholasp,User,False,4984,4,1,12,10,7,0,False
nelsongutidev,3,https://github.com/nelsongutidev,User,False,1797,30,30,12,30,36,15,False
Brocco,3,https://github.com/Brocco,User,False,4714,30,30,30,30,273,5,False
mgol,3,https://github.com/mgol,User,False,4654,30,30,30,30,855,117,False
mmaterowski,3,https://github.com/mmaterowski,User,False,3016,9,5,1,9,4,2,False
mvdluit,3,https://github.com/mvdluit,User,False,4389,0,0,0,8,9,0,False
msmallest,3,https://github.com/msmallest,User,False,1350,0,0,0,21,6,1,False
heathkit,3,https://github.com/heathkit,User,False,6129,0,0,0,30,169,22,False
michaelgeorgeattard,3,https://github.com/michaelgeorgeattard,User,False,4134,0,0,0,30,12,1,False
melroy89,3,https://github.com/melroy89,User,False,5110,0,0,0,30,115,4,False
mattlewis92,3,https://github.com/mattlewis92,User,False,4048,0,0,0,30,915,4158,False
CrazyPython,3,https://github.com/CrazyPython,User,False,4535,0,0,0,30,38,5,False
JelleBruisten,3,https://github.com/JelleBruisten,User,False,4320,0,0,0,22,1,8,False
jesselpalmer,3,https://github.com/jesselpalmer,User,False,5081,0,0,0,30,303,22,False
JimMorrison723,3,https://github.com/JimMorrison723,User,False,5190,0,0,0,6,21,6,False
Julien-Marcou,3,https://github.com/Julien-Marcou,User,False,4303,0,0,0,25,32,283,False
jsaguet,3,https://github.com/jsaguet,User,False,2142,0,0,0,20,4,15,False
matanlurey,3,https://github.com/matanlurey,User,False,5542,30,30,30,30,503,70,False
Marcono1234,3,https://github.com/Marcono1234,User,False,3614,30,30,30,30,93,131,False
luishcastroc,3,https://github.com/luishcastroc,User,False,3481,18,15,14,30,8,13,False
luangong,3,https://github.com/luangong,User,False,4628,30,30,30,30,11,3,False
skreborn,3,https://github.com/skreborn,User,False,4830,29,24,26,23,13,9,False
leosvelperez,3,https://github.com/leosvelperez,User,False,3589,30,30,30,30,63,43,False
constantant,3,https://github.com/constantant,User,False,4162,0,0,0,30,3,0,False
Clashsoft,2,https://github.com/Clashsoft,User,False,4327,0,0,0,30,40,59,False
ahnpnl,2,https://github.com/ahnpnl,User,False,2860,0,0,0,30,58,23,False
albertosantini,2,https://github.com/albertosantini,User,False,5335,0,0,0,24,139,827,False
A7xSV,2,https://github.com/A7xSV,User,False,2787,0,0,0,18,14,4,False
alyssamichelle,2,https://github.com/alyssamichelle,User,False,4901,0,0,0,30,249,23,False
ameryousuf,2,https://github.com/ameryousuf,User,False,2297,0,0,0,10,0,0,False
amitauras,2,https://github.com/amitauras,User,False,3900,0,0,0,14,0,1,False
Ana06,2,https://github.com/Ana06,User,False,3369,0,0,0,30,517,133,False
and-oli,2,https://github.com/and-oli,User,False,2944,0,0,0,30,17,2,False
antonmoiseev,2,https://github.com/antonmoiseev,User,False,5511,30,30,30,30,52,46,False
