Login,Contributions,URL,Type,Site Admin,Account Age (days),Total PRs Submitted,Total PRs Merged,Total Issues Opened,Total Repositories Contributed To,Followers,Stars Received,Is Member of Organization
obscuren,3951,https://github.com/obscuren,User,False,4062,30,30,30,30,1722,152,False
karalabe,2681,https://github.com/karalabe,User,False,5618,30,30,30,30,2871,865,True
fjl,1461,https://github.com/fjl,User,False,6146,30,30,30,30,1035,31,False
holiman,821,https://github.com/holiman,User,False,5589,30,30,30,30,1172,144,False
tgerring,569,https://github.com/tgerring,User,False,5048,30,30,30,30,550,38,False
rjl493456442,465,https://github.com/rjl493456442,User,False,4101,30,30,30,30,576,8,True
zelig,377,https://github.com/zelig,User,False,5028,30,30,30,25,283,7,False
MariusVanDerWijden,262,https://github.com/MariusVanDerWijden,User,False,3315,30,30,30,30,415,15,True
CJentzsch,226,https://github.com/CJentzsch,User,False,3830,30,30,30,25,318,4,False
debris,212,https://github.com/debris,User,False,4492,30,30,30,30,689,57,False
gballet,207,https://github.com/gballet,User,False,4407,0,0,0,30,469,10,True
zsfelfoldi,189,https://github.com/zsfelfoldi,User,False,3732,0,0,0,10,142,114,False
s1na,141,https://github.com/s1na,User,False,4697,0,0,0,30,231,16,False
jsvisa,117,https://github.com/jsvisa,User,False,4372,0,0,0,30,146,6,False
ucwong,114,https://github.com/ucwong,User,False,3062,0,0,0,30,53,8,False
lightclient,98,https://github.com/lightclient,User,False,3452,0,0,0,30,826,76,True
nonsense,95,https://github.com/nonsense,User,False,5853,30,30,30,30,276,46,True
janos,81,https://github.com/janos,User,False,5766,30,30,30,30,124,44,False
jwasinger,60,https://github.com/jwasinger,User,False,4393,30,30,30,30,303,0,False
gluk256,53,https://github.com/gluk256,User,False,3729,30,30,1,17,45,43,False
acud,53,https://github.com/acud,User,False,3520,30,30,30,30,166,3,True
renaynay,47,https://github.com/renaynay,User,False,2383,30,30,30,30,159,10,False
gavofyork,44,https://github.com/gavofyork,User,False,5598,30,30,30,30,4247,405,False
Arachnid,42,https://github.com/Arachnid,User,False,6045,30,30,30,30,1691,652,False
aaronbuchwald,38,https://github.com/aaronbuchwald,User,False,2971,30,30,30,30,77,2,False
vbuterin,34,https://github.com/vbuterin,User,False,4547,30,30,30,30,12575,1012,False
sandakersmann,33,https://github.com/sandakersmann,User,False,4082,0,0,0,30,71,3,False
holisticode,33,https://github.com/holisticode,User,False,5738,0,0,0,30,37,4,False
s7v7nislands,33,https://github.com/s7v7nislands,User,False,5440,0,0,0,30,58,0,False
cubedro,32,https://github.com/cubedro,User,False,4085,0,0,0,30,506,1207,True
ligi,31,https://github.com/ligi,User,False,5667,0,0,0,30,2334,132,True
nolash,29,https://github.com/nolash,User,False,3731,0,0,0,30,67,77,False
matthalp,29,https://github.com/matthalp,User,False,1009,0,0,0,1,2,0,False
meowsbits,28,https://github.com/meowsbits,User,False,2257,30,30,30,30,53,3,False
zhiqiangxu,28,https://github.com/zhiqiangxu,User,False,4804,30,30,30,30,220,28,False
jpeletier,26,https://github.com/jpeletier,User,False,3612,30,30,30,18,22,7,False
cuiweixie,25,https://github.com/cuiweixie,User,False,4701,30,30,30,30,120,1,False
frncmx,24,https://github.com/frncmx,User,False,4653,30,30,30,5,126,0,False
dbadoy,24,https://github.com/dbadoy,User,False,1576,30,30,18,30,17,13,False
kielbarry,23,https://github.com/kielbarry,User,False,3309,0,0,0,30,0,0,False
darioush,22,https://github.com/darioush,User,False,4271,30,30,30,30,35,4,False
chfast,22,https://github.com/chfast,User,False,5133,30,30,30,30,885,151,True
AaronChen0,21,https://github.com/AaronChen0,User,False,3223,30,30,19,25,34,8,False
mask-pp,21,https://github.com/mask-pp,User,False,2672,0,0,0,30,97,17,False
n1charlie,19,https://github.com/n1charlie,User,False,1644,0,0,0,30,73,3,False
kurkomisi,19,https://github.com/kurkomisi,User,False,3111,0,0,0,4,9,2,False
egonelbre,19,https://github.com/egonelbre,User,False,5487,0,0,0,30,571,167,False
ryanschneider,18,https://github.com/ryanschneider,User,False,5841,0,0,0,30,63,5,False
lmars,17,https://github.com/lmars,User,False,5195,0,0,0,30,117,34,False
islishude,16,https://github.com/islishude,User,False,2969,0,0,0,30,65,239,False
mrFranklin,15,https://github.com/mrFranklin,User,False,4195,25,19,17,30,68,2,False
estensen,14,https://github.com/estensen,User,False,3773,30,30,30,30,71,1,False
ethers,14,https://github.com/ethers,User,False,3985,30,30,30,30,477,60,True
SamuelMarks,14,https://github.com/SamuelMarks,User,False,5009,30,30,30,30,149,13,False
hadv,13,https://github.com/hadv,User,False,4945,30,30,30,30,78,1,False
winsvega,13,https://github.com/winsvega,User,False,4280,30,30,30,30,81,36,False
hackmod,12,https://github.com/hackmod,User,False,2691,30,30,30,30,69,10,False
lmittmann,12,https://github.com/lmittmann,User,False,4388,30,30,30,17,71,1156,False
jimenezrick,12,https://github.com/jimenezrick,User,False,5297,30,30,30,30,102,25,False
eltociear,12,https://github.com/eltociear,User,False,3048,0,0,0,30,0,14,False
ebuchman,11,https://github.com/ebuchman,User,False,4536,0,0,0,30,634,64,False
adamschmideg,11,https://github.com/adamschmideg,User,False,5464,0,0,0,30,35,82,False
markya0616,11,https://github.com/markya0616,User,False,4206,0,0,0,30,47,2,False
CoreyLin,10,https://github.com/CoreyLin,User,False,3540,0,0,0,30,19,5,False
Evolution404,10,https://github.com/Evolution404,User,False,2592,0,0,0,27,0,41,False
jeremyschlatter,10,https://github.com/jeremyschlatter,User,False,4127,0,0,0,30,107,35,False
mcdee,10,https://github.com/mcdee,User,False,5178,30,30,30,30,245,65,False
joohhnnn,10,https://github.com/joohhnnn,User,False,1657,30,30,27,30,53,3,False
roberto-bayardo,10,https://github.com/roberto-bayardo,User,False,3700,30,30,16,30,110,21,False
ferhatelmas,10,https://github.com/ferhatelmas,User,False,5091,30,30,30,30,266,35,False
caktux,9,https://github.com/caktux,User,False,6083,30,30,30,30,170,43,False
robert-zaremba,9,https://github.com/robert-zaremba,User,False,5007,30,30,30,30,211,31,False
marioevz,9,https://github.com/marioevz,User,False,3602,30,30,30,30,117,45,True
kobigurk,9,https://github.com/kobigurk,User,False,4381,30,30,30,30,604,56,False
ziogaschr,9,https://github.com/ziogaschr,User,False,5011,30,30,30,30,68,15,False
shazow,9,https://github.com/shazow,User,False,6147,30,30,30,30,1179,238,False
axic,9,https://github.com/axic,User,False,6024,0,0,0,30,1846,81,True
Halimao,8,https://github.com/Halimao,User,False,2939,0,0,0,30,23,2,False
weiihann,8,https://github.com/weiihann,User,False,2203,0,0,0,30,22,14,False
stevemilk,8,https://github.com/stevemilk,User,False,3300,0,0,0,9,4,1,False
stevenroose,8,https://github.com/stevenroose,User,False,4986,0,0,0,30,445,8,False
buddh0,7,https://github.com/buddh0,User,False,3880,0,0,0,15,34,19,False
baptiste-b-pegasys,7,https://github.com/baptiste-b-pegasys,User,False,1348,30,30,8,26,6,0,False
b00ris,7,https://github.com/b00ris,User,False,4236,30,30,30,30,25,1,False
rociiu,7,https://github.com/rociiu,User,False,5995,30,30,6,30,130,138,False
jtraglia,7,https://github.com/jtraglia,User,False,1162,30,30,30,30,136,5,True
protolambda,7,https://github.com/protolambda,User,False,3181,30,30,30,30,1253,250,False
cdetrio,7,https://github.com/cdetrio,User,False,4918,30,30,30,30,354,9,True
gbalint,7,https://github.com/gbalint,User,False,5624,30,30,30,11,16,0,False
ajsutton,7,https://github.com/ajsutton,User,False,5782,30,30,30,30,294,244,False
bnovil,6,https://github.com/bnovil,User,False,3040,18,13,1,28,1,17,False
phenix3443,6,https://github.com/phenix3443,User,False,4658,30,30,30,30,65,18,False
hydai,6,https://github.com/hydai,User,False,4471,0,0,0,30,320,2,False
gitglorythegreat,6,https://github.com/gitglorythegreat,User,False,270,0,0,0,4,0,1,False
SheldonZhong,6,https://github.com/SheldonZhong,User,False,3563,0,0,0,20,22,35,False
suriyaa,6,https://github.com/suriyaa,User,False,4218,0,0,0,30,1040,265,False
colinlyguo,6,https://github.com/colinlyguo,User,False,1051,0,0,0,20,83,61,False
mansaj,6,https://github.com/mansaj,User,False,2366,0,0,0,30,22,1,False
hteevoli,6,https://github.com/hteevoli,User,False,279,0,0,0,6,0,0,False
tmelhao,6,https://github.com/tmelhao,User,False,2067,0,0,0,15,5,3,False
erobit,6,https://github.com/erobit,User,False,5342,0,3,9,27,23,45,False
reductionista,6,https://github.com/reductionista,User,False,4489,30,30,5,26,14,3,False
arboreum,6,https://github.com/arboreum,User,False,3584,2,2,0,2,1,0,False
gumb0,6,https://github.com/gumb0,User,False,4617,30,30,30,30,382,14,True
LefterisJP,5,https://github.com/LefterisJP,User,False,4678,30,30,30,30,646,3,False
xcthulhu,5,https://github.com/xcthulhu,User,False,5532,30,30,30,30,293,20,False
VoR0220,5,https://github.com/VoR0220,User,False,3905,30,30,30,30,118,5,True
skylenet,5,https://github.com/skylenet,User,False,4723,30,30,30,30,169,11,True
wuestholz,5,https://github.com/wuestholz,User,False,5849,30,30,30,17,76,1,False
bodhi-crypo,5,https://github.com/bodhi-crypo,User,False,434,30,30,4,30,5,2,False
georgehao,5,https://github.com/georgehao,User,False,3984,30,0,0,30,123,73,False
hero5512,5,https://github.com/hero5512,User,False,3692,0,0,0,30,39,1,False
hyunchel,5,https://github.com/hyunchel,User,False,4407,0,0,0,30,35,1,False
minh-bq,5,https://github.com/minh-bq,User,False,1129,0,0,0,14,5,0,False
ceyonur,5,https://github.com/ceyonur,User,False,3226,0,0,0,30,85,15,False
frewsxcv,5,https://github.com/frewsxcv,User,False,5248,0,0,0,30,532,282,False
Dexaran,5,https://github.com/Dexaran,User,False,2900,0,0,0,30,432,14,False
Exca-DK,5,https://github.com/Exca-DK,User,False,1333,30,30,10,19,3,14,False
GagziW,5,https://github.com/GagziW,User,False,3316,9,8,0,16,14,0,False
Neurone,5,https://github.com/Neurone,User,False,5139,30,30,30,30,103,34,False
gurukamath,5,https://github.com/gurukamath,User,False,2168,30,30,30,30,29,2,False
heikoheiko,5,https://github.com/heikoheiko,User,False,4468,30,29,30,23,466,135,True
jakub-freebit,5,https://github.com/jakub-freebit,User,False,2125,7,7,2,5,0,0,False
0xc1c4da,5,https://github.com/0xc1c4da,User,False,4480,0,0,0,30,0,31,False
jmank88,5,https://github.com/jmank88,User,False,4834,30,30,30,30,81,39,False
undefinedor,4,https://github.com/undefinedor,User,False,3836,19,10,21,30,37,55,False
tbocek,4,https://github.com/tbocek,User,False,4795,30,30,30,30,85,119,False
stephenfire,4,https://github.com/stephenfire,User,False,3281,0,0,0,30,1,2,False
sorin,4,https://github.com/sorin,User,False,5819,0,0,0,18,13,5,False
SjonHortensius,4,https://github.com/SjonHortensius,User,False,4670,0,0,0,30,57,85,False
pengin7384,4,https://github.com/pengin7384,User,False,2672,0,0,0,22,61,0,False
sdboyer,4,https://github.com/sdboyer,User,False,6013,0,0,0,30,656,32,False
hiddentao,4,https://github.com/hiddentao,User,False,5392,0,0,0,30,327,181,False
ngotchac,4,https://github.com/ngotchac,User,False,4460,0,0,0,30,72,26,False
nebojsa94,4,https://github.com/nebojsa94,User,False,3370,0,0,0,16,51,8,False
NathanBSC,4,https://github.com/NathanBSC,User,False,758,0,0,0,9,20,1,False
5chdn,4,https://github.com/5chdn,User,False,3379,30,30,30,30,344,49,False
vieyang,4,https://github.com/vieyang,User,False,3606,30,30,29,30,24,0,False
wuxiangzhou2010,4,https://github.com/wuxiangzhou2010,User,False,4349,30,28,8,30,18,1,False
yondonfu,4,https://github.com/yondonfu,User,False,4104,30,30,30,30,108,93,False
jmozah,4,https://github.com/jmozah,User,False,4945,30,30,30,30,77,38,False
niuzhenguo,4,https://github.com/niuzhenguo,User,False,4351,30,30,30,30,72,12,False
bugmaker9371,4,https://github.com/bugmaker9371,User,False,294,6,4,0,1,0,0,False
dependabot[bot],4,https://github.com/apps/dependabot,Bot,False,2124,30,30,0,0,0,0,False
int88,4,https://github.com/int88,User,False,988,0,0,0,6,16,1,False
piersy,4,https://github.com/piersy,User,False,4216,0,0,0,30,43,74,False
terasum,4,https://github.com/terasum,User,False,3155,0,0,0,30,72,0,False
eval-exec,4,https://github.com/eval-exec,User,False,2226,0,0,0,30,62,4,False
levisyin,4,https://github.com/levisyin,User,False,459,0,0,0,30,6,2,False
AlexeyAkhunov,4,https://github.com/AlexeyAkhunov,User,False,3473,0,0,0,24,264,82,False
0xbstn,4,https://github.com/0xbstn,User,False,4081,0,0,0,14,3,0,False
songzhibin97,4,https://github.com/songzhibin97,User,False,2142,0,0,0,30,138,24,False
caesarchad,4,https://github.com/caesarchad,User,False,3256,0,0,0,30,46,2,False
dshulyak,4,https://github.com/dshulyak,User,False,4593,0,0,0,30,74,32,False
roveneliah,4,https://github.com/roveneliah,User,False,3224,0,0,0,30,21,1,False
enriquefynn,4,https://github.com/enriquefynn,User,False,5381,0,0,0,30,63,20,False
evgen-povt,4,https://github.com/evgen-povt,User,False,5239,0,0,0,14,7,0,False
Gealber,4,https://github.com/Gealber,User,False,2163,0,0,0,30,67,16,False
0xmountaintop,4,https://github.com/0xmountaintop,User,False,2532,0,0,0,30,307,19,False
duanhao0814,4,https://github.com/duanhao0814,User,False,2479,0,0,0,9,5,0,False
MaximilianMeister,4,https://github.com/MaximilianMeister,User,False,4177,0,0,0,30,34,0,False
michaelforney,4,https://github.com/michaelforney,User,False,5843,0,0,0,30,441,848,False
maoueh,4,https://github.com/maoueh,User,False,5636,0,0,0,30,52,4,False
leofantast,4,https://github.com/leofantast,User,False,3123,0,0,0,30,7,44,False
leijurv,4,https://github.com/leijurv,User,False,4351,0,0,0,30,928,80,False
PlasmaPower,4,https://github.com/PlasmaPower,User,False,4096,0,0,0,30,202,38,False
wraith7,4,https://github.com/wraith7,User,False,4259,0,0,0,7,7,0,False
jmcook1186,4,https://github.com/jmcook1186,User,False,2643,0,0,0,30,127,48,False
LLLeon,4,https://github.com/LLLeon,User,False,3682,0,0,0,24,21,19,False
prestwich,4,https://github.com/prestwich,User,False,3712,0,0,0,30,609,74,False
divan,4,https://github.com/divan,User,False,4974,0,0,0,30,1233,2501,False
HusamElbashir,4,https://github.com/HusamElbashir,User,False,2448,0,0,0,24,27,2,False
croath,3,https://github.com/croath,User,False,4755,0,0,0,30,667,18,False
chuwt,3,https://github.com/chuwt,User,False,3267,0,0,0,30,87,152,False
chenyufeng1991,3,https://github.com/chenyufeng1991,User,False,3744,25,12,3,30,657,336,False
zzyalbert,3,https://github.com/zzyalbert,User,False,3853,30,19,6,30,24,0,False
zramsay,3,https://github.com/zramsay,User,False,3846,30,30,30,30,168,10,False
farazdagi,3,https://github.com/farazdagi,User,False,5495,30,30,30,30,195,9,False
Smilenator,3,https://github.com/Smilenator,User,False,4793,3,3,2,3,0,0,False
sebastianst,3,https://github.com/sebastianst,User,False,4493,30,30,30,30,177,67,False
remyroy,3,https://github.com/remyroy,User,False,5354,30,30,30,30,120,442,False
romanman,3,https://github.com/romanman,User,False,4118,18,9,30,26,77,3,False
ricardohsd,3,https://github.com/ricardohsd,User,False,5868,30,28,16,30,62,24,False
qianbin,3,https://github.com/qianbin,User,False,5190,30,30,5,30,155,139,False
palango,3,https://github.com/palango,User,False,5730,0,0,0,30,25,17,False
cuishuang,3,https://github.com/cuishuang,User,False,3369,0,0,0,30,166,2,False
dm4,3,https://github.com/dm4,User,False,5386,0,0,0,30,89,23,False
lochjin,3,https://github.com/lochjin,User,False,2570,0,0,0,30,10,0,False
libotony,3,https://github.com/libotony,User,False,3834,0,0,0,30,124,19,False
psogv0308,3,https://github.com/psogv0308,User,False,3182,0,0,0,3,0,0,False
tianyeyouyou,3,https://github.com/tianyeyouyou,User,False,451,0,0,0,23,0,0,False
uji,3,https://github.com/uji,User,False,2120,30,30,11,30,23,4,False
vuittont60,3,https://github.com/vuittont60,User,False,1420,30,30,4,30,15,0,False
anothel,3,https://github.com/anothel,User,False,3895,19,15,1,12,27,10,False
ali92hm,3,https://github.com/ali92hm,User,False,4399,30,30,25,18,72,43,False
JekaMas,3,https://github.com/JekaMas,User,False,4417,30,30,30,30,108,42,False
KimMachineGun,3,https://github.com/KimMachineGun,User,False,3151,30,30,7,30,138,391,False
Abirdcfly,3,https://github.com/Abirdcfly,User,False,4214,30,30,30,30,130,1,False
alexprut,3,https://github.com/alexprut,User,False,4681,30,30,26,28,214,389,False
gravityblast,3,https://github.com/gravityblast,User,False,6191,30,30,30,30,396,93,False
AntoineRondelet,3,https://github.com/AntoineRondelet,User,False,3269,30,30,30,30,64,1,False
original-brownbear,3,https://github.com/original-brownbear,User,False,4033,0,0,0,30,124,2,False
mexskican,3,https://github.com/mexskican,User,False,3537,0,0,0,21,8,0,False
binacs,3,https://github.com/binacs,User,False,3027,0,0,0,30,63,20,False
wemeetagain,3,https://github.com/wemeetagain,User,False,4769,0,0,0,30,205,71,False
muesli,3,https://github.com/muesli,User,False,5580,0,0,0,30,3086,6533,False
dherbst,3,https://github.com/dherbst,User,False,5602,0,0,0,30,36,13,False
fredriksvantes,3,https://github.com/fredriksvantes,User,False,1360,30,30,30,30,45,3,False
de1acr0ix,3,https://github.com/de1acr0ix,User,False,2364,30,30,4,20,13,0,False
shoenseiwaso,3,https://github.com/shoenseiwaso,User,False,4112,30,30,30,17,44,1,False
nisdas,3,https://github.com/nisdas,User,False,2658,30,30,30,30,163,28,False
nicksavers,3,https://github.com/nicksavers,User,False,3932,30,30,30,22,63,45,False
cristaloleg,3,https://github.com/cristaloleg,User,False,5290,30,30,30,30,618,539,False
PaulRBerg,3,https://github.com/PaulRBerg,User,False,3798,30,30,30,30,1954,315,False
trung,3,https://github.com/trung,User,False,5988,30,30,30,30,54,31,False
natsukagami,3,https://github.com/natsukagami,User,False,3776,30,30,30,30,209,7,False
mohanson,3,https://github.com/mohanson,User,False,3561,30,30,30,30,614,2123,False
ehnuje,3,https://github.com/ehnuje,User,False,4567,0,0,0,22,6,2,False
mattdf,3,https://github.com/mattdf,User,False,3642,0,0,0,30,475,332,True
magicxyyz,3,https://github.com/magicxyyz,User,False,3653,0,0,0,5,6,0,False
kenji-isuntv,3,https://github.com/kenji-isuntv,User,False,3021,0,0,0,2,3,0,False
kchojn,3,https://github.com/kchojn,User,False,2318,0,0,0,11,8,0,False
karlb,3,https://github.com/karlb,User,False,5584,0,0,0,30,50,138,False
tr1sm0s1n,2,https://github.com/tr1sm0s1n,User,False,2193,30,29,21,30,31,27,False
kaneshin,2,https://github.com/kaneshin,User,False,4947,30,30,22,30,137,46,False
qshuai,2,https://github.com/qshuai,User,False,3119,30,30,30,30,54,14,False
seh,2,https://github.com/seh,User,False,5514,30,30,30,30,35,1,False
suiyuan1314,2,https://github.com/suiyuan1314,User,False,313,17,11,1,21,0,0,False
taeguk,2,https://github.com/taeguk,User,False,3775,30,30,30,30,254,123,False
timcooijmans,2,https://github.com/timcooijmans,User,False,4413,30,30,30,10,3,0,False
r1cs,2,https://github.com/r1cs,User,False,2659,30,30,12,30,21,2,False
pirapira,2,https://github.com/pirapira,User,False,5878,30,30,30,30,772,1402,True
lispc,2,https://github.com/lispc,User,False,4464,30,30,30,30,453,459,False
zoenolan,2,https://github.com/zoenolan,User,False,4676,0,0,0,30,45,14,False
BabyHalimao,2,https://github.com/BabyHalimao,User,False,2432,0,0,0,13,9,0,False
AtomicInnovation321,2,https://github.com/AtomicInnovation321,User,False,429,0,0,0,18,0,0,False
chris-j-h,2,https://github.com/chris-j-h,User,False,2451,0,0,0,17,6,0,False
maxsam4,2,https://github.com/maxsam4,User,False,3938,0,0,0,30,736,160,False
nfeignon,2,https://github.com/nfeignon,User,False,4359,0,0,0,18,12,7,False
ggwpez,2,https://github.com/ggwpez,User,False,3689,30,30,30,30,155,54,False
muse254,2,https://github.com/muse254,User,False,2475,30,30,30,30,134,31,False
pmerkleplant,2,https://github.com/pmerkleplant,User,False,1350,30,30,30,24,181,50,False
patrick-ogrady,2,https://github.com/patrick-ogrady,User,False,3517,30,30,30,26,285,22,False
molecula451,2,https://github.com/molecula451,User,False,2392,30,30,30,30,32,1,False
pdyraga,2,https://github.com/pdyraga,User,False,4254,30,30,30,24,67,31,False
prestonvanloon,2,https://github.com/prestonvanloon,User,False,3957,30,30,30,30,478,5,False
RichardLitt,2,https://github.com/RichardLitt,User,False,4959,30,30,30,30,2600,32,False
rmulhol,2,https://github.com/rmulhol,User,False,3893,30,30,30,30,19,4,False
rkrasiuk,2,https://github.com/rkrasiuk,User,False,2931,30,30,30,30,445,56,False
roysc,2,https://github.com/roysc,User,False,2740,0,0,0,30,3,2,False
SangIlMo,2,https://github.com/SangIlMo,User,False,393,0,0,0,13,0,0,False
darcys22,2,https://github.com/darcys22,User,False,4554,0,0,0,30,77,9,False
charlesxsh,2,https://github.com/charlesxsh,User,False,3840,0,0,0,30,25,3,False
dknopik,2,https://github.com/dknopik,User,False,975,0,0,0,24,12,33,False
ayeowch,2,https://github.com/ayeowch,User,False,5185,0,0,0,2,0,612,False
niuxiaojie81,2,https://github.com/niuxiaojie81,User,False,2748,30,30,15,14,1,1,False
omerfirmak,2,https://github.com/omerfirmak,User,False,3695,30,30,30,30,24,3,False
zoereco,2,https://github.com/zoereco,User,False,373,0,0,0,8,0,0,False
zgfzgf,2,https://github.com/zgfzgf,User,False,2151,30,30,30,30,9,7,False
yosuzzy,2,https://github.com/yosuzzy,User,False,2887,10,5,0,19,2,0,False
JBossBC,2,https://github.com/JBossBC,User,False,1252,30,30,30,30,10,27,False
xincaosu,2,https://github.com/xincaosu,User,False,4671,3,2,0,8,1,2,False
willianpaixao,2,https://github.com/willianpaixao,User,False,5476,30,30,30,30,107,219,False
weimumu,2,https://github.com/weimumu,User,False,3117,4,2,24,15,19,6,False
wbt,2,https://github.com/wbt,User,False,5139,0,0,0,30,21,4,False
wangjingcun,2,https://github.com/wangjingcun,User,False,185,0,0,0,30,2,1,False
turboboost55,2,https://github.com/turboboost55,User,False,3891,0,0,0,4,0,0,False
trillom8,2,https://github.com/trillom8,User,False,308,0,0,0,3,0,0,False
six-days,2,https://github.com/six-days,User,False,3796,0,0,0,26,7,58,False
needkane,2,https://github.com/needkane,User,False,3893,0,0,0,30,19,2,False
miles-six,2,https://github.com/miles-six,User,False,1717,0,0,0,30,11,1,False
makcandrov,2,https://github.com/makcandrov,User,False,954,0,0,0,10,22,43,False
lilasxie,2,https://github.com/lilasxie,User,False,2740,0,0,0,30,7,3,False
countvonzero,2,https://github.com/countvonzero,User,False,2748,0,0,0,1,15,0,False
kevaundray,2,https://github.com/kevaundray,User,False,2521,30,30,30,30,332,45,False
jeongkyun-oh,2,https://github.com/jeongkyun-oh,User,False,2266,30,30,20,14,8,0,False
imalasong,2,https://github.com/imalasong,User,False,1979,30,30,8,30,3,0,False
hsyodyssey,2,https://github.com/hsyodyssey,User,False,2201,30,30,30,30,355,33,False
henridf,2,https://github.com/henridf,User,False,4908,30,30,30,27,34,159,False
testwill,2,https://github.com/testwill,User,False,3804,30,30,30,30,29,1,False
drstevenbrule,2,https://github.com/drstevenbrule,User,False,916,9,4,4,13,0,0,False
ddl-hust,2,https://github.com/ddl-hust,User,False,2955,30,30,28,30,29,1,False
cooganb,2,https://github.com/cooganb,User,False,3863,30,21,23,30,62,62,False
cocoyeal,2,https://github.com/cocoyeal,User,False,458,17,13,1,30,0,0,False
ferranbt,2,https://github.com/ferranbt,User,False,2739,0,0,0,30,173,90,False
frozeman,2,https://github.com/frozeman,User,False,5430,0,0,0,30,1879,136,False
Mischi,2,https://github.com/Mischi,User,False,5290,0,0,0,30,37,247,False
evertonfraga,2,https://github.com/evertonfraga,User,False,5866,0,0,0,30,590,5,True
epappas,2,https://github.com/epappas,User,False,5235,0,0,0,30,87,11,False
ernestodeltoro,2,https://github.com/ernestodeltoro,User,False,3910,0,0,0,6,0,0,False
fxfactorial,2,https://github.com/fxfactorial,User,False,4439,0,0,0,30,1148,93,False
achmand,2,https://github.com/achmand,User,False,3732,5,2,4,18,18,43,False
draganm,2,https://github.com/draganm,User,False,4557,30,30,30,30,24,13,False
aeharvlee,2,https://github.com/aeharvlee,User,False,2147,30,30,30,30,63,4,False
DavidHuie,2,https://github.com/DavidHuie,User,False,5115,30,30,30,30,49,7,False
gzliudan,2,https://github.com/gzliudan,User,False,3911,30,30,30,30,22,1,False
cratiu222,2,https://github.com/cratiu222,User,False,393,30,30,0,30,2,0,False
MysticRyuujin,2,https://github.com/MysticRyuujin,User,False,3791,30,30,30,30,134,68,False
callendorph,2,https://github.com/callendorph,User,False,5105,30,30,30,30,5,3,False
BorkBorked,2,https://github.com/BorkBorked,User,False,976,14,12,2,29,10,83,False
bkirwi,2,https://github.com/bkirwi,User,False,4695,30,30,27,30,52,916,False
AusIV,2,https://github.com/AusIV,User,False,4927,0,0,0,30,35,2,False
ARR4N,2,https://github.com/ARR4N,User,False,5172,0,0,0,30,41,23,False
Shadowfiend,2,https://github.com/Shadowfiend,User,False,6135,0,0,0,30,157,72,False
atoulme,2,https://github.com/atoulme,User,False,6056,0,0,0,30,234,10,False
randomshinichi,2,https://github.com/randomshinichi,User,False,3727,0,0,0,30,29,6,False
andreisilviudragnea,2,https://github.com/andreisilviudragnea,User,False,3858,0,0,0,30,66,0,False
AmitBRD,2,https://github.com/AmitBRD,User,False,1830,3,3,1,30,10,1,False
Kamandlou,2,https://github.com/Kamandlou,User,False,1474,30,30,4,30,220,48,False
alonmuroch,2,https://github.com/alonmuroch,User,False,4358,30,30,30,30,31,5,False
shekhirin,2,https://github.com/shekhirin,User,False,4124,30,30,30,30,414,44,False
nizsheanez,2,https://github.com/nizsheanez,User,False,5070,30,29,30,30,36,72,False
alex347,2,https://github.com/alex347,User,False,5108,14,9,4,9,1,2,False
abeln,2,https://github.com/abeln,User,False,4640,30,30,30,17,30,24,False
kumavis,2,https://github.com/kumavis,User,False,4731,30,30,30,30,1384,29,True
tailingchen,2,https://github.com/tailingchen,User,False,3229,30,30,4,13,38,3,False
mirokuratczyk,2,https://github.com/mirokuratczyk,User,False,3677,30,30,1,30,22,5,False
mdehoog,2,https://github.com/mdehoog,User,False,4713,0,0,0,30,270,7,False
reds,2,https://github.com/reds,User,False,6014,0,0,0,29,19,40,False
9547,2,https://github.com/9547,User,False,2796,0,0,0,24,7,0,False
tynes,2,https://github.com/tynes,User,False,4017,0,0,0,30,857,35,False
marcindsobczak,2,https://github.com/marcindsobczak,User,False,1492,0,0,0,5,7,0,False
liangdzou,2,https://github.com/liangdzou,User,False,4752,0,0,0,4,17,0,False
svenski123,2,https://github.com/svenski123,User,False,3701,0,0,0,28,6,0,False
keroro520,2,https://github.com/keroro520,User,False,4616,0,0,0,30,64,4,False
keienWang,2,https://github.com/keienWang,User,False,2370,30,30,15,30,28,54,False
justindhillon,2,https://github.com/justindhillon,User,False,512,30,30,30,30,39,21,False
jyap808,2,https://github.com/jyap808,User,False,5058,30,30,30,30,121,198,False
JerzyLa,2,https://github.com/JerzyLa,User,False,3301,30,30,0,30,2,0,False
DragonDev1906,2,https://github.com/DragonDev1906,User,False,3850,30,30,30,30,13,15,False
wgliang,2,https://github.com/wgliang,User,False,3802,30,30,30,30,318,509,False
FlashSheridan,2,https://github.com/FlashSheridan,User,False,5034,30,30,30,30,19,3,False
FrankSzendzielarz,2,https://github.com/FrankSzendzielarz,User,False,2648,30,30,30,23,132,58,True
shapeshed,2,https://github.com/shapeshed,User,False,5935,30,30,30,30,568,74,False
GregTheGreek,2,https://github.com/GregTheGreek,User,False,3299,30,30,30,30,228,17,False
Eonblast,2,https://github.com/Eonblast,User,False,5404,0,0,0,18,72,614,False
htkao,2,https://github.com/htkao,User,False,4372,0,0,0,5,4,0,False
hqueue,2,https://github.com/hqueue,User,False,3769,0,0,0,30,39,0,False
hyunsooda,2,https://github.com/hyunsooda,User,False,3553,0,0,0,30,15,6,False
i-norden,2,https://github.com/i-norden,User,False,2830,0,0,0,30,66,4,False
quasilyte,2,https://github.com/quasilyte,User,False,4058,30,30,30,30,774,281,False
james-c,2,https://github.com/james-c,User,False,5570,11,11,2,13,14,6,False
cathalyst,2,https://github.com/cathalyst,User,False,2122,0,0,0,0,1,0,False
jeffprestes,2,https://github.com/jeffprestes,User,False,5162,30,30,30,30,452,112,False
jeffallen,2,https://github.com/jeffallen,User,False,4864,30,30,30,30,89,3,False
jeffwalsh,2,https://github.com/jeffwalsh,User,False,3839,16,9,12,17,22,9,False
6londe,1,https://github.com/6londe,User,False,3627,21,13,1,24,9,6,False
pip1998,1,https://github.com/pip1998,User,False,4448,13,10,13,30,8,2,False
charles-cooper,1,https://github.com/charles-cooper,User,False,4348,30,30,30,30,292,35,False
chawin-a,1,https://github.com/chawin-a,User,False,3697,22,13,2,21,17,5,False
lobatt,1,https://github.com/lobatt,User,False,4845,0,0,0,24,51,9,False
chikeichan,1,https://github.com/chikeichan,User,False,3824,0,0,0,30,194,1,False
DeVil2O,1,https://github.com/DeVil2O,User,False,2479,0,0,0,29,4,3,False
cpacia,1,https://github.com/cpacia,User,False,4279,0,0,0,30,235,181,False
chrischarlesharrison,1,https://github.com/chrischarlesharrison,User,False,2704,0,0,0,8,4,0,False
clayjacobs,1,https://github.com/clayjacobs,User,False,4357,0,0,0,14,7,3,False
connorwstein,1,https://github.com/connorwstein,User,False,4122,0,0,0,24,31,96,False
Cr4shOv3rrid3,1,https://github.com/Cr4shOv3rrid3,User,False,3134,0,0,0,30,10,8,False
Ceelog,1,https://github.com/Ceelog,User,False,4890,23,19,27,30,110,4087,False
cedrickah,1,https://github.com/cedrickah,User,False,1527,13,10,7,24,17,13,False
Wesley-Arrington,1,https://github.com/Wesley-Arrington,User,False,3201,30,30,1,4,5,36,False
Swader,1,https://github.com/Swader,User,False,4745,30,30,30,30,761,69,False
windycrypto,1,https://github.com/windycrypto,User,False,4248,30,27,30,2,35,0,False
bts,1,https://github.com/bts,User,False,6150,30,30,30,30,92,26,False
bmperrea,1,https://github.com/bmperrea,User,False,4189,30,22,17,17,19,10,False
B-Harden,1,https://github.com/B-Harden,User,False,3121,19,18,1,9,8,0,False
bobg,1,https://github.com/bobg,User,False,5323,30,30,30,30,53,41,False
Bo-Ye,1,https://github.com/Bo-Ye,User,False,3356,4,1,1,11,1,3,False
bprosnitz,1,https://github.com/bprosnitz,User,False,4407,0,0,0,30,13,1,False
blrhc,1,https://github.com/blrhc,User,False,4319,0,0,0,30,21,0,False
sadysnaat,1,https://github.com/sadysnaat,User,False,3477,0,0,0,4,18,0,False
decanus,1,https://github.com/decanus,User,False,3918,0,0,0,30,709,41,False
dvrkps,1,https://github.com/dvrkps,User,False,4249,0,0,0,4,52,1,False
infosecual,1,https://github.com/infosecual,User,False,2780,0,0,0,30,44,1,False
davidmurdoch,1,https://github.com/davidmurdoch,User,False,5495,0,0,0,30,231,35,False
dhij,1,https://github.com/dhij,User,False,1651,0,0,0,30,102,189,False
DavidRomanovizc,1,https://github.com/DavidRomanovizc,User,False,1582,30,30,30,22,45,152,False
dr2chase,1,https://github.com/dr2chase,User,False,4600,20,11,30,30,156,58,False
DavidCai1111,1,https://github.com/DavidCai1111,User,False,4110,30,30,30,30,946,41,False
realdave,1,https://github.com/realdave,User,False,4012,8,8,4,3,26,1,False
dconroy,1,https://github.com/dconroy,User,False,4309,30,30,30,30,72,4,False
DaveAppleton,1,https://github.com/DaveAppleton,User,False,4619,23,20,30,30,54,28,False
darrenvechain,1,https://github.com/darrenvechain,User,False,967,30,30,30,30,20,2,False
danyalprout,1,https://github.com/danyalprout,User,False,5078,30,30,5,30,42,18,False
shemnon,1,https://github.com/shemnon,User,False,5910,30,30,30,30,159,19,False
danslo,1,https://github.com/danslo,User,False,5042,30,30,30,30,237,666,False
danhper,1,https://github.com/danhper,User,False,4743,0,0,0,30,385,1093,False
dkatzan,1,https://github.com/dkatzan,User,False,958,0,0,0,7,1,1,False
daferna,1,https://github.com/daferna,User,False,5057,0,0,0,17,8,0,False
sosedoff,1,https://github.com/sosedoff,User,False,5786,0,0,0,30,518,524,False
danmelton,1,https://github.com/danmelton,User,False,5703,0,0,0,30,57,6,False
dadeg,1,https://github.com/dadeg,User,False,4271,30,23,9,30,12,20,False
Rjected,1,https://github.com/Rjected,User,False,3999,30,30,30,30,585,37,False
oiooj,1,https://github.com/oiooj,User,False,4544,30,30,30,30,265,3,False
balajipachai,1,https://github.com/balajipachai,User,False,2690,30,30,4,30,21,4,False
alexmylonas,1,https://github.com/alexmylonas,User,False,3441,30,30,1,30,8,0,False
gartnera,1,https://github.com/gartnera,User,False,4475,30,30,30,30,36,22,False
cabreraalex,1,https://github.com/cabreraalex,User,False,4272,30,30,30,30,219,252,False
alescoin,1,https://github.com/alescoin,User,False,1956,0,0,0,0,0,0,False
soar,1,https://github.com/soar,User,False,5952,0,0,0,30,0,29,False
alejandro-isaza,1,https://github.com/alejandro-isaza,User,False,5535,30,30,30,30,209,849,False
alanchchen,1,https://github.com/alanchchen,User,False,3218,0,0,0,30,22,48,False
Airead,1,https://github.com/Airead,User,False,4934,0,0,0,30,5,4,False
Pex-y,1,https://github.com/Pex-y,User,False,2109,0,0,0,10,5,0,False
ahmetavc,1,https://github.com/ahmetavc,User,False,3045,0,0,0,29,23,0,False
0xaguspunk,1,https://github.com/0xaguspunk,User,False,4078,0,0,0,24,41,9,False
afanasy,1,https://github.com/afanasy,User,False,5075,0,0,0,30,40,7,False
adriacidre,1,https://github.com/adriacidre,User,False,5121,0,0,0,22,42,1,False
aditya520,1,https://github.com/aditya520,User,False,3038,30,30,2,30,81,1,False
AdityaSripal,1,https://github.com/AdityaSripal,User,False,3429,30,30,30,30,135,3,False
adambabik,1,https://github.com/adambabik,User,False,5382,30,30,30,30,94,38,False
hbakhtiyor,1,https://github.com/hbakhtiyor,User,False,4391,30,30,30,14,57,249,False
arajasek,1,https://github.com/arajasek,User,False,4028,30,30,30,24,39,3,False
insp3ctre,1,https://github.com/insp3ctre,User,False,1692,15,12,1,9,6,0,False
amiremohamadi,1,https://github.com/amiremohamadi,User,False,2724,30,30,30,30,192,547,False
6xiaowu9,1,https://github.com/6xiaowu9,User,False,3017,30,30,11,30,9,82,False
6543,1,https://github.com/6543,User,False,2953,30,30,30,30,92,18,False
0xe3b0c4,1,https://github.com/0xe3b0c4,User,False,924,22,17,0,4,1,0,False
0xbeny,1,https://github.com/0xbeny,User,False,1961,0,0,0,30,43,4,False
0xbala-k,1,https://github.com/0xbala-k,User,False,2341,0,0,0,30,30,1,False
uwatm8,1,https://github.com/uwatm8,User,False,3407,0,0,0,24,2,1,False
artjoma,1,https://github.com/artjoma,User,False,3382,0,0,0,27,12,18,False
ArtificialPB,1,https://github.com/ArtificialPB,User,False,4259,0,0,0,27,29,20,False
asasmoyo,1,https://github.com/asasmoyo,User,False,4364,0,0,0,30,52,1,False
anusha-ctrl,1,https://github.com/anusha-ctrl,User,False,1762,0,0,0,4,8,0,False
antonydenyer,1,https://github.com/antonydenyer,User,False,5208,0,0,0,30,103,18,False
strangeman,1,https://github.com/strangeman,User,False,4883,30,30,30,30,41,3,False
kandrianov,1,https://github.com/kandrianov,User,False,3584,17,10,3,30,20,0,False
yperbasis,1,https://github.com/yperbasis,User,False,2620,30,30,30,17,122,22,True
AyumuKasuga,1,https://github.com/AyumuKasuga,User,False,5063,30,30,13,30,26,28,False
andrepatta,1,https://github.com/andrepatta,User,False,3733,30,30,3,10,49,7,False
a2br,1,https://github.com/a2br,User,False,1788,30,29,24,30,58,47,False
amintalebi,1,https://github.com/amintalebi,User,False,3081,30,30,21,19,56,20,False
alvarosevilla95,1,https://github.com/alvarosevilla95,User,False,4763,26,13,18,30,29,414,False
IDouble,1,https://github.com/IDouble,User,False,3236,30,15,30,30,38770,1523,False
0xalizk,1,https://github.com/0xalizk,User,False,2356,30,30,20,30,35,2,False
alfiedotwtf,1,https://github.com/alfiedotwtf,User,False,5763,0,0,0,30,62,23,False
alexandervdm,1,https://github.com/alexandervdm,User,False,5776,0,0,0,8,51,772,False
AlexanderYastrebov,1,https://github.com/AlexanderYastrebov,User,False,5064,0,0,0,30,66,24,False
AlexanderMint,1,https://github.com/AlexanderMint,User,False,4391,0,0,0,30,16,2,False
dindinw,1,https://github.com/dindinw,User,False,4862,0,0,0,30,58,5,False
moreati,1,https://github.com/moreati,User,False,5518,0,0,0,30,59,22,False
ralexstokes,1,https://github.com/ralexstokes,User,False,4429,30,30,30,30,711,91,True
