1986,1,1,0,0,0.0,open,False,False
1984,2,2,0,0,0.0,closed,False,False
1982,2007,0,0,1,0.2,open,False,False
1979,27,0,0,0,0.0,open,False,False
1977,3,3,1,0,0.0,open,False,False
1976,1,1,0,0,0.0,open,False,False
1968,2,0,0,0,0.0,open,False,False
1967,1,0,0,0,0.0,open,False,False
1947,0,0,0,0,0.0,open,False,False
1887,4,4,0,0,0.0,open,False,False
1563,5,0,1,0,0.0,closed,False,False
1562,1,0,0,0,0.0,closed,False,False
1561,10,10,1,0,0.0,closed,False,False
1558,12,13,2,0,0.0,closed,True,True
1555,2,2,0,0,0.0,closed,False,False
1553,3,3,0,0,0.0,closed,False,False
1552,5,1,0,0,0.0,closed,True,True
1550,7,8,0,0,0.0,closed,True,True
1549,12,18,1,0,0.0,closed,False,False
1545,10,10,0,0,0.0,closed,False,False
1544,1,1,0,0,0.0,closed,False,False
1543,0,3,2,1,0.5,closed,False,False
1542,9,9,1,0,0.0,closed,False,False
1535,2,2,1,0,0.0,closed,True,True
1533,0,0,1,0,0.0,closed,False,False
1532,85,35298,0,0,0.0,closed,False,False
1531,1,0,1,0,0.0,closed,False,False
1530,1,0,1,0,0.0,closed,False,False
1529,65,0,2,0,0.0,closed,True,True
1527,3,127,0,0,0.0,closed,False,False
1504,1,1,0,0,0.0,closed,False,False
1503,3,3,0,0,0.0,closed,False,False
1495,2,2,1,0,0.0,closed,False,False
1492,4,4,0,0,0.0,closed,False,False
1490,1,1,4,0,0.0,closed,True,True
1489,2,0,1,0,0.0,closed,False,False
1488,13,1,1,0,0.0,closed,False,False
1487,1,1,1,0,0.0,closed,True,True
1486,1,1,1,0,0.0,closed,False,False
1484,233,241,2,0,0.0,closed,True,True
1483,0,0,1,0,0.0,closed,False,False
1482,243,282,1,0,0.0,closed,True,True
1481,345,329,3,0,0.0,closed,True,True
1480,378,355,2,0,0.0,closed,True,True
1479,2,2,0,0,0.0,closed,False,False
1470,230,92,0,0,0.0,closed,False,False
1469,0,59877,1,0,0.0,closed,False,False
1467,21,0,0,0,0.0,closed,False,False
1466,1,0,0,0,0.0,closed,True,True
1465,1,0,0,0,0.0,closed,True,True
1463,1,1,0,0,0.0,closed,False,False
1461,2,2,1,0,0.0,closed,False,False
1460,1,1,0,0,0.0,closed,False,False
1459,160,0,0,0,0.0,closed,False,False
1458,2,1,0,0,0.0,closed,False,False
1457,1907,0,1,0,0.0,closed,True,True
1456,1171,0,1,0,0.0,closed,True,True
1455,1933,0,4,0,0.0,closed,True,True
1451,1,1,1,0,0.0,closed,False,False
1447,1245,1103,1,0,0.0,closed,False,False
1445,20,20,0,0,0.0,closed,True,True
1444,1,1,1,0,0.0,closed,False,False
1443,21,0,1,0,0.0,closed,False,False
1442,5,5,0,0,0.0,closed,False,False
1441,0,1255,0,0,0.0,closed,False,False
1440,0,0,1,0,0.0,closed,False,False
1439,1,1957,0,0,0.0,closed,False,False
1437,24,0,0,0,0.0,closed,False,False
1436,1,0,0,0,0.0,closed,True,True
1435,1,0,0,0,0.0,closed,True,True
1433,1,1,0,0,0.0,closed,True,True
1432,2,2,0,0,0.0,closed,False,False
1431,2,2,0,0,0.0,closed,False,False
1430,345,298,2,0,0.0,closed,True,True
1428,62,64,1,0,0.0,closed,True,True
1427,0,0,0,0,0.0,closed,False,False
1426,0,0,1,0,0.0,closed,False,False
1425,1,1,0,0,0.0,closed,False,False
1422,1,1,1,0,0.0,closed,False,False
1421,55,55,1,0,0.0,closed,True,True
1420,413,413,3,0,0.0,closed,True,True
1419,414,414,0,0,0.0,closed,False,False
1418,19,19,1,0,0.0,closed,True,True
1416,653,570,1,0,0.0,closed,True,True
1415,14,14,1,0,0.0,closed,True,True
1411,930,827,1,0,0.0,closed,True,True
1409,1,0,0,0,0.0,closed,False,False
1408,301,472,0,0,0.0,closed,True,True
1406,98,80,0,0,0.0,closed,True,True
1405,3,2,0,0,0.0,closed,True,True
1404,255,266,0,0,0.0,closed,True,True
1403,31,31,2,0,0.0,closed,True,True
1402,227,209,0,0,0.0,closed,True,True
1401,220,26,0,0,0.0,closed,False,False
1400,52,38,4,0,0.0,closed,True,True
1398,94,94,1,0,0.0,closed,True,True
1397,1111,53274,0,0,0.0,closed,False,False
1396,5,5,1,0,0.0,closed,True,True
1395,5,5,1,0,0.0,closed,True,True
1394,99,0,4,0,0.0,closed,False,False
1393,1,0,0,0,0.0,closed,True,True
1391,4,1,2,0,0.0,closed,False,False
1389,1,0,1,0,0.0,closed,True,True
1388,1,1,1,0,0.0,closed,True,True
1386,4,4,2,0,0.0,closed,False,False
1385,1,1,1,0,0.0,closed,True,True
1383,2,505,0,0,0.0,closed,False,False
1381,19,19,1,0,0.0,closed,True,True
1380,40,40,1,0,0.0,closed,False,False
1379,3,0,0,0,0.0,closed,False,False
1378,1,0,0,0,0.0,closed,False,False
1376,656,653,1,0,0.0,closed,True,True
1375,8,7,1,0,0.0,closed,True,True
1372,0,1,1,0,0.0,closed,True,True
1371,1253,1193,0,0,0.0,closed,False,False
1368,1247,1128,1,0,0.0,closed,False,False
1367,1217,1128,1,0,0.0,closed,False,False
1366,1,0,1,0,0.0,closed,False,False
1365,5,5,1,0,0.0,closed,True,True
1364,1209,1127,1,0,0.0,closed,False,False
1363,1273,1159,0,0,0.0,closed,False,False
1361,36,43,0,0,0.0,closed,False,False
1360,109,55,10,0,0.0,closed,True,True
1357,27,27,0,0,0.0,closed,True,True
1355,31,33,1,0,0.0,closed,False,False
1354,10,409,0,0,0.0,closed,False,False
1352,1,0,1,0,0.0,closed,True,True
1349,0,0,0,0,0.0,closed,False,False
1347,8,0,2,0,0.0,closed,True,True
1345,606,0,1,0,0.0,closed,False,False
1344,11,11,4,0,0.0,closed,False,False
1342,1,0,1,0,0.0,closed,False,False
1339,42,42,0,0,0.0,closed,False,False
1338,1,1,1,0,0.0,closed,True,True
1337,167,0,3,0,0.0,closed,False,False
1336,1,1,0,0,0.0,closed,True,True
1335,1,0,0,0,0.0,closed,True,True
1331,1,0,0,0,0.0,closed,False,False
1330,10,10,1,0,0.0,closed,False,False
1329,404,300,5,0,0.0,closed,True,True
1328,94,97,2,0,0.0,closed,False,False
1327,1,1,0,0,0.0,closed,True,True
1326,676,729,1,0,0.0,closed,True,True
1325,453,394,1,0,0.0,closed,True,True
1322,613,35,1,0,0.0,closed,True,True
1321,47,0,1,0,0.0,closed,False,False
1320,4,4,0,0,0.0,closed,False,False
1319,0,0,3,0,0,closed,False,False
1318,7,8,2,0,0.0,closed,True,True
1316,122,125,1,0,0.0,closed,True,True
1314,1,1,0,0,0.0,closed,False,False
1310,1,1,0,0,0.0,closed,False,False
1308,5,5,0,0,0.0,closed,False,False
1307,1,0,1,0,0.0,closed,False,False
1306,1,0,3,0,0.0,closed,False,False
1305,1,1,1,0,0.0,closed,True,True
1304,123,0,4,0,0.0,closed,False,False
1303,1,1,2,0,0.0,closed,False,False
1299,52,35,4,0,0.0,closed,True,True
1298,92,121,3,0,0.0,closed,True,True
1297,1,1,1,0,0.0,closed,False,False
1296,2,2,1,0,0.0,closed,True,True
1293,1,0,1,0,0.0,closed,True,True
1292,2,1,1,2,1.0,closed,True,True
1288,1,0,2,1,0.5,closed,True,True
1287,5,3,1,0,0.0,closed,False,False
1286,634,47,0,0,0.0,closed,False,False
1285,66,0,3,0,0.0,closed,True,True
1280,66,122,3,0,0.0,closed,True,True
1279,133,88,2,0,0.0,closed,False,False
1277,1,0,2,0,0.0,closed,True,True
1276,7,7,0,0,0.0,closed,False,False
1274,6,6,0,0,0.0,closed,False,False
1273,1,0,2,0,0.0,closed,False,False
1272,34,51,3,0,0.0,closed,True,True
1271,55,47,3,0,0.0,closed,True,True
1270,6,6,1,0,0.0,closed,False,False
1268,1,1,1,0,0.0,closed,True,True
1267,0,0,3,1,0.5,closed,True,True
1263,113,89,2,0,0.0,closed,False,False
1261,1,1,0,0,0.0,closed,False,False
1259,29,0,1,0,0.0,closed,True,True
1255,1213,1133,0,0,0.0,closed,False,False
1250,6,3,1,0,0.0,closed,False,False
1248,80,61,3,0,0.0,closed,True,True
1247,1,1,0,0,0.0,closed,False,False
1246,4,2,1,0,0.0,closed,True,True
1244,3184,0,2,0,0.0,closed,False,False
1243,10,11,2,0,0.0,closed,True,True
1242,2,0,1,0,0.0,closed,False,False
1237,1,1,0,0,0.0,closed,True,True
1236,19,12,1,0,0.0,closed,True,True
1234,1,1,0,0,0.0,closed,False,False
1233,0,0,3,0,0.0,closed,True,True
1231,1277,0,0,0,0.0,closed,False,False
1228,7,4,2,0,0.0,closed,False,False
1226,1,0,1,0,0.0,closed,True,True
1225,123,99,0,0,0.0,closed,False,False
1223,1,1,1,0,0.0,closed,True,True
1222,3,0,2,0,0.0,closed,False,False
1221,0,1,1,0,0.0,closed,True,True
1220,47,25,3,5,2.5,closed,True,True
1219,1197,1118,0,0,0.0,closed,False,False
1217,1,0,1,0,0.0,closed,True,True
1216,1,1,0,0,0.0,closed,True,True
1215,1,1,0,0,0.0,closed,True,True
1213,1776,1550,3,0,0.0,closed,True,True
1212,0,0,0,0,0.0,closed,False,False
1211,5,5,2,0,0.0,closed,True,True
1210,5,5,0,0,0.0,closed,False,False
1209,91,100,1,0,0.0,closed,True,True
1207,1,1,0,0,0.0,closed,False,False
1206,31,3,0,0,0.0,closed,False,False
1204,173,154,2,0,0.0,closed,True,True
1203,7,2,1,0,0.0,closed,False,False
1202,1,1,2,0,0.0,closed,False,False
1201,14,4,1,0,0.0,closed,True,True
1200,3,3,0,0,0.0,closed,False,False
1199,5,5,1,3,1.5,closed,True,True
1198,20,22,1,5,1.6666666666666667,closed,True,True
1197,2,2,1,0,0.0,closed,False,False
1196,1,0,0,0,0.0,closed,False,False
1195,80,80,1,0,0.0,closed,False,False
1194,3,1,0,2,2.0,closed,False,False
1193,2,2,1,0,0.0,closed,False,False
1189,8,8,1,0,0.0,closed,True,True
1188,2,2,1,0,0.0,closed,True,True
1187,5,4,1,0,0.0,closed,True,True
1186,1,1,0,0,0.0,closed,True,True
1185,2,0,4,0,0.0,closed,True,True
1183,1,1,0,0,0.0,closed,False,False
1182,48,67,0,0,0.0,closed,False,False
1181,0,0,1,0,0.0,closed,False,False
1179,3,3,1,0,0.0,closed,False,False
1177,1,0,1,0,0.0,closed,True,True
1175,1,0,1,0,0.0,closed,True,True
1174,62,58,1,0,0.0,closed,True,True
1173,594,5,3,0,0.0,closed,True,True
1172,15,15,1,0,0.0,closed,True,True
1170,5,1,0,0,0.0,closed,True,True
1168,1,1,1,0,0.0,closed,True,True
1167,1408,0,12,3,0.0234375,closed,True,True
1166,113,89,1,0,0.0,closed,False,False
1165,113,89,1,0,0.0,closed,False,False
1163,39,39,2,6,6.0,closed,True,True
1162,1201,1123,0,0,0.0,closed,False,False
1161,7,7,1,0,0.0,closed,True,True
1159,3,3,1,0,0.0,closed,True,True
1158,1,1,2,0,0.0,closed,False,False
1157,1,1,2,2,1.0,closed,True,True
1155,5,0,3,0,0.0,closed,True,True
1154,1,1,7,2,0.3333333333333333,closed,True,True
1153,1,1,0,0,0.0,closed,True,True
1152,120,1,0,0,0.0,closed,False,False
1150,1,0,1,0,0.0,closed,True,True
1149,1,1,2,0,0.0,closed,True,True
1148,1,1,0,0,0.0,closed,False,False
1146,2003,0,1,0,0.0,closed,True,True
1145,1,1,0,0,0.0,closed,False,False
1144,1,1,0,0,0.0,closed,False,False
1143,25,32,1,0,0.0,closed,True,True
1142,1193,1095,2,0,0.0,closed,False,False
1141,6,7,5,0,0.0,closed,True,True
1139,1,1,0,0,0.0,closed,False,False
1138,1,1,0,0,0.0,closed,False,False
1137,1,1,0,0,0.0,closed,False,False
1135,1,1,0,0,0.0,closed,False,False
1134,2,21,1,0,0.0,closed,False,False
1133,1200,1122,0,0,0.0,closed,False,False
1132,3,1,1,0,0.0,closed,False,False
1131,1,1,0,0,0.0,closed,True,True
1129,26,26,1,1,0.5,closed,True,True
1127,1,1,1,0,0.0,closed,False,False
1126,112,112,5,6,6.0,closed,False,False
1125,112,112,0,0,0.0,closed,False,False
1124,2058,2058,0,0,0.0,closed,False,False
1123,6125,6125,0,0,0.0,closed,False,False
1120,1,0,0,0,0.0,closed,False,False
1119,1539,1458,0,0,0.0,closed,False,False
1118,34,34,0,0,0.0,closed,False,False
1117,1,0,1,0,0.0,closed,False,False
1116,1,1,0,0,0.0,closed,False,False
1115,8526,54,0,0,0.0,closed,False,False
1114,1202,1125,0,0,0.0,closed,False,False
1113,1201,1124,0,0,0.0,closed,False,False
1111,1,0,1,0,0.0,closed,True,True
1110,0,48553,0,0,0.0,closed,False,False
1109,2,0,1,0,0.0,closed,True,True
1108,2,1,1,0,0.0,closed,True,True
1107,2,1,1,0,0.0,closed,True,True
1106,316,352,3,2,0.2857142857142857,closed,True,True
1105,644,5,0,0,0.0,closed,False,False
1104,70,0,1,0,0.0,closed,False,False
1103,173,172,6,0,0.0,closed,False,False
1100,2,2,3,2,0.6666666666666666,closed,True,True
1099,2,2,1,0,0.0,closed,True,True
1098,1,1,0,0,0.0,closed,False,False
1097,8,8,2,0,0.0,closed,True,True
1093,2,3,1,0,0.0,closed,True,True
1091,9,9,3,0,0.0,closed,True,True
1090,1,0,2,0,0.0,closed,False,False
1089,9,9,0,0,0.0,closed,False,False
1086,0,1,0,2,2.0,closed,True,True
1085,122,103,2,1,0.3333333333333333,closed,False,False
1084,1991,0,5,0,0.0,closed,True,True
1079,3,1,0,0,0.0,closed,True,True
1078,1,1,0,0,0.0,closed,False,False
1077,1,1,0,0,0.0,closed,False,False
1074,1,1,1,0,0.0,closed,False,False
1073,449,449,1,0,0.0,closed,False,False
1072,32,32,0,0,0.0,closed,False,False
1071,2,0,2,0,0.0,closed,True,True
1068,29,29,4,0,0.0,closed,True,True
1063,2,2,0,0,0.0,closed,False,False
1058,5,3,0,0,0.0,closed,False,False
1056,1,1,1,0,0.0,closed,False,False
1055,3,3,0,0,0.0,closed,False,False
1054,4,4,1,0,0.0,closed,False,False
1052,1,0,2,0,0.0,closed,True,True
1051,1,1,0,0,0.0,closed,False,False
1050,874,863,0,0,0.0,closed,True,True
1049,1,0,1,0,0.0,closed,False,False
1048,1973,0,0,0,0.0,closed,False,False
1047,1,1,0,0,0.0,closed,False,False
1046,1308,1136,1,0,0.0,closed,False,False
1043,2,1,0,0,0.0,closed,False,False
1042,4,4,1,0,0.0,closed,False,False
1041,8,8,0,0,0.0,closed,False,False
1040,8,8,0,0,0.0,closed,False,False
1038,4,4,4,0,0.0,closed,False,False
1036,1988,0,6,5,0.15151515151515152,closed,True,True
1035,2,0,1,0,0.0,closed,True,True
1033,12,10,0,0,0.0,closed,False,False
1029,2,2,1,0,0.0,closed,False,False
1028,85,0,8,0,0.0,closed,True,True
1027,2,2,1,0,0.0,closed,False,False
1022,79,86,3,2,0.5,closed,True,True
1021,19,0,1,0,0.0,closed,True,True
1020,1,1,0,0,0.0,closed,False,False
1019,8,8,1,0,0.0,closed,False,False
1018,1,1,0,0,0.0,closed,False,False
1017,49161,0,0,0,0.0,closed,False,False
1015,3,2,0,0,0.0,closed,False,False
1014,1983,0,4,0,0.0,closed,True,True
1013,1266,1228,1,0,0.0,closed,True,True
1012,1266,1228,0,0,0.0,closed,False,False
1010,27,23,1,2,1.0,closed,False,False
1009,18,8,1,0,0.0,closed,True,True
1008,60,0,0,0,0.0,closed,False,False
1007,2,0,2,0,0.0,closed,True,True
1005,3,1,1,0,0.0,closed,True,True
1003,0,0,1,0,0.0,closed,False,False
999,1,0,0,0,0.0,closed,False,False
997,1,1,0,0,0.0,closed,False,False
995,0,0,4,0,0.0,closed,True,True
994,1,1,0,0,0.0,closed,False,False
993,1267,1209,0,0,0.0,closed,False,False
992,1,1,0,0,0.0,closed,False,False
991,11,11,1,0,0.0,closed,True,True
990,1,1,1,0,0.0,closed,True,True
989,1,0,0,0,0.0,closed,True,True
987,1205,1128,0,0,0.0,closed,False,False
986,0,18,0,0,0.0,closed,False,False
985,1,1,0,0,0.0,closed,False,False
983,80,72,2,0,0.0,closed,True,True
982,1,0,1,0,0.0,closed,True,True
981,3,0,1,0,0.0,closed,True,True
979,1,1,1,0,0.0,closed,False,False
978,1,1,0,0,0.0,closed,False,False
977,8,1,1,0,0.0,closed,True,True
974,7,7,1,0,0.0,closed,False,False
973,10,5,2,0,0.0,closed,True,True
971,0,1,1,0,0.0,closed,True,True
970,110,94,1,0,0.0,closed,False,False
968,20,20,1,0,0.0,closed,True,True
966,0,1,1,0,0.0,closed,True,True
965,1237,1168,5,0,0.0,closed,False,False
964,1206,1128,1,0,0.0,closed,False,False
963,2,0,1,2,1.0,closed,True,True
962,3,1,0,0,0.0,closed,False,False
960,1,0,1,0,0.0,closed,True,True
959,9,4,0,0,0.0,closed,True,True
958,9,1,1,0,0.0,closed,False,False
957,104,111,1,0,0.0,closed,False,False
955,67,67,2,0,0.0,closed,True,True
953,0,0,2,0,0.0,closed,False,False
952,1186,1110,0,0,0.0,closed,False,False
951,0,0,1,0,0.0,closed,False,False
950,1,1,1,0,0.0,closed,False,False
949,22,22,1,0,0.0,closed,True,True
948,6,6,2,0,0.0,closed,False,False
947,0,1,1,0,0.0,closed,True,True
945,2,2,0,0,0.0,closed,False,False
944,3,0,0,0,0.0,closed,False,False
943,1,1,0,0,0.0,closed,False,False
941,1,1,0,0,0.0,closed,False,False
938,1,0,2,0,0.0,closed,True,True
936,1,1,0,0,0.0,closed,False,False
935,20,20,1,1,1.0,closed,True,True
928,0,0,0,0,0.0,closed,False,False
927,1,1,0,0,0.0,closed,False,False
926,1,1,0,0,0.0,closed,False,False
924,1,1,0,0,0.0,closed,False,False
923,1,1,1,0,0.0,closed,False,False
920,20,27,2,0,0.0,closed,True,True
918,4,7,3,0,0.0,closed,False,False
915,1,1,1,0,0.0,closed,True,True
913,1,0,2,0,0.0,closed,True,True
911,3,3,0,0,0.0,closed,False,False
909,2,2,1,0,0.0,closed,True,True
908,1958,0,2,0,0.0,closed,True,True
907,1,1,1,1,1.0,closed,False,False
906,6,6,2,0,0.0,closed,True,True
903,1,0,1,0,0.0,closed,False,False
902,1,1,1,0,0.0,closed,False,False
900,5,0,3,0,0.0,closed,True,True
899,1200,1126,0,0,0.0,closed,False,False
897,120072,42,1,0,0.0,closed,False,False
894,1,1,2,0,0.0,closed,False,False
890,35891,35891,1,0,0.0,closed,False,False
888,6,1,0,0,0.0,closed,False,False
887,20,20,1,0,0.0,closed,True,True
885,3,3,0,0,0.0,closed,False,False
882,4,5,2,0,0.0,closed,False,False
879,4,0,1,1,1.0,closed,False,False
877,100,109,0,0,0.0,closed,False,False
875,71,21,1,0,0.0,closed,True,True
874,4,4,1,0,0.0,closed,False,False
873,6,0,2,0,0.0,closed,True,True
871,6,6,1,0,0.0,closed,False,False
862,3,1,2,0,0.0,closed,False,False
860,66,66,1,0,0.0,closed,False,False
857,1,1,0,0,0.0,closed,False,False
856,10,10,0,0,0.0,closed,False,False
854,4,4,0,0,0.0,closed,False,False
851,15,15,0,0,0.0,closed,False,False
847,2,2,1,0,0.0,closed,False,False
842,1,1,0,0,0.0,closed,False,False
839,1,0,1,0,0.0,closed,True,True
836,0,0,1,0,0.0,closed,False,False
835,0,0,0,0,0.0,closed,False,False
833,5,5,1,0,0.0,closed,False,False
830,1246,1125,1,0,0.0,closed,False,False
822,1182,1148,0,0,0.0,closed,False,False
821,1,1,1,0,0.0,closed,True,True
819,732,801,4,0,0.0,closed,True,True
818,741,809,0,0,0.0,closed,False,False
816,1196,1148,0,0,0.0,closed,False,False
815,2,2,1,0,0.0,closed,False,False
810,32,20,1,0,0.0,closed,True,True
803,0,0,1,0,0.0,closed,False,False
791,1,1,0,0,0.0,closed,False,False
788,1993,0,0,0,0.0,closed,False,False
787,1993,0,0,0,0.0,closed,False,False
786,1,1,0,0,0.0,closed,False,False
785,1,1,1,0,0.0,closed,False,False
784,1,1,0,0,0.0,closed,False,False
783,8,0,1,0,0.0,closed,False,False
782,6,0,2,0,0.0,closed,False,False
781,1993,0,0,0,0.0,closed,False,False
780,3,3,1,0,0.0,closed,False,False
778,15,20,0,0,0.0,closed,True,True
777,2,2,0,0,0.0,closed,False,False
776,1,1,0,0,0.0,closed,False,False
774,2,1,1,0,0.0,closed,True,True
773,2,2,0,0,0.0,closed,True,True
769,18,18,0,0,0.0,closed,False,False
768,0,0,0,0,0.0,closed,True,True
766,1197,1121,1,0,0.0,closed,False,False
763,2,1,0,0,0.0,closed,False,False
760,3103,3094,1,0,0.0,closed,False,False
759,3103,3094,0,0,0.0,closed,False,False
758,104,169,0,0,0.0,closed,True,True
757,1,0,0,0,0.0,closed,True,True
756,1,1,3,0,0.0,closed,False,False
755,1,1,0,0,0.0,closed,False,False
754,68,67,1,0,0.0,closed,True,True
753,0,0,0,0,0.0,closed,False,False
752,1,1,2,0,0.0,closed,False,False
750,1,1,0,0,0.0,closed,True,True
748,1,1,0,0,0.0,closed,False,False
747,1,1,0,0,0.0,closed,False,False
746,1,1,1,0,0.0,closed,False,False
745,2,2,1,0,0.0,closed,False,False
744,17,17,0,0,0.0,closed,False,False
741,3,3,0,0,0.0,closed,False,False
740,6,6,1,0,0.0,closed,False,False
739,7,7,1,0,0.0,closed,False,False
738,16,15,1,0,0.0,closed,True,True
736,488,488,1,0,0.0,closed,False,False
735,5,5,1,0,0.0,closed,True,True
734,100,100,1,0,0.0,closed,True,True
733,6,0,1,0,0.0,closed,False,False
732,2,2,0,0,0.0,closed,False,False
731,4,4,0,0,0.0,closed,False,False
730,487,487,0,0,0.0,closed,False,False
727,1,0,3,0,0.0,closed,True,True
726,1,3,1,0,0.0,closed,True,True
723,1,1,1,0,0.0,closed,True,True
722,0,0,1,0,0.0,closed,False,False
721,1,1,1,0,0.0,closed,False,False
720,2,2,0,0,0.0,closed,False,False
718,0,0,0,0,0.0,closed,False,False
717,658,658,1,0,0.0,closed,False,False
716,1,1,0,0,0.0,closed,False,False
714,14,3,0,0,0.0,closed,True,True
713,3,6,0,0,0.0,closed,False,False
712,1370,1442,4,0,0.0,closed,True,True
711,4,4,1,0,0.0,closed,False,False
709,1,1,1,0,0.0,closed,False,False
708,0,0,1,0,0.0,closed,False,False
706,55,32,1,0,0.0,closed,True,True
705,1,1,1,0,0.0,closed,True,True
704,0,0,1,0,0.0,closed,False,False
699,1,1,4,0,0.0,closed,True,True
697,1,1,1,0,0.0,closed,False,False
696,0,0,0,0,0.0,closed,False,False
695,2,2,0,0,0.0,closed,False,False
693,1,1,0,0,0.0,closed,False,False
692,1,1,0,0,0.0,closed,False,False
691,1,0,1,0,0.0,closed,True,True
690,1,1,0,0,0.0,closed,False,False
689,11,11,1,0,0.0,closed,True,True
688,1,1,1,0,0.0,closed,True,True
685,1,1,2,0,0.0,closed,False,False
683,2,2,1,0,0.0,closed,False,False
679,0,11,1,0,0.0,closed,True,True
678,8,8,0,0,0.0,closed,False,False
677,1,1,0,0,0.0,closed,False,False
676,1992,0,1,0,0.0,closed,True,True
674,5,0,2,0,0.0,closed,True,True
672,0,0,2,0,0.0,closed,False,False
671,1220,1143,0,0,0.0,closed,False,False
670,0,0,0,0,0.0,closed,False,False
669,1118,888,1,0,0.0,closed,True,True
668,2,2,1,0,0.0,closed,False,False
666,109,120,0,0,0.0,closed,False,False
665,1,1,0,0,0.0,closed,False,False
664,1,1,0,0,0.0,closed,False,False
663,18,18,1,0,0.0,closed,False,False
662,0,15,1,0,0.0,closed,True,True
660,59,59,0,0,0.0,closed,False,False
658,1,1,0,0,0.0,closed,False,False
656,2,0,1,0,0.0,closed,True,True
651,3,0,1,0,0.0,closed,False,False
648,1,1,1,0,0.0,closed,True,True
647,1,1,1,0,0.0,closed,True,True
645,0,0,1,0,0.0,closed,False,False
644,42,0,0,0,0.0,closed,False,False
643,1,0,1,0,0.0,closed,False,False
642,1,29077,0,0,0.0,closed,False,False
641,27,27,1,0,0.0,closed,True,True
640,114,114,4,1,0.5,closed,True,True
639,2,0,0,0,0.0,closed,True,True
638,3,0,2,2,2.0,closed,True,True
637,1,1,3,0,0.0,closed,False,False
635,60,0,2,0,0.0,closed,False,False
633,1,0,1,0,0.0,closed,True,True
632,407,514,1,0,0.0,closed,True,True
631,0,0,3,0,0.0,closed,False,False
630,0,0,0,0,0.0,closed,False,False
629,6,6,0,0,0.0,closed,False,False
628,1,1,2,0,0.0,closed,True,True
623,10,10,1,0,0.0,closed,True,True
622,16,16,2,0,0.0,closed,True,True
621,1,1,0,0,0.0,closed,False,False
619,2,383,1,0,0.0,closed,False,False
618,18,18,0,0,0.0,closed,True,True
617,5,2,2,0,0.0,closed,True,True
615,1,1,1,0,0.0,closed,True,True
605,20,0,1,0,0.0,closed,False,False
604,1,0,1,0,0.0,closed,True,True
603,1,1,2,0,0.0,closed,False,False
602,1,1,3,0,0.0,closed,True,True
601,1,0,0,0,0.0,closed,True,True
599,1,1,0,0,0.0,closed,False,False
598,1,1,0,0,0.0,closed,False,False
597,3,3,1,0,0.0,closed,True,True
596,3426,1776,0,0,0.0,closed,False,False
595,5,5,0,0,0.0,closed,False,False
593,2,0,2,0,0.0,closed,False,False
589,5,5,1,0,0.0,closed,False,False
587,0,0,0,0,0.0,closed,False,False
584,1,1,0,0,0.0,closed,False,False
583,9,2,1,0,0.0,closed,True,True
582,9,1,0,0,0.0,closed,False,False
580,2,2,1,0,0.0,closed,False,False
576,0,0,0,0,0.0,closed,False,False
575,1573,1500,0,0,0.0,closed,False,False
568,3,0,1,0,0.0,closed,False,False
566,1,1,0,0,0.0,closed,False,False
565,58,57,0,0,0.0,closed,False,False
564,1893,1,1,0,0.0,closed,True,True
563,0,0,2,0,0.0,closed,False,False
562,1,1,2,0,0.0,closed,True,True
561,1,1,0,0,0.0,closed,False,False
560,86,84,0,0,0.0,closed,False,False
559,1,0,1,0,0.0,closed,True,True
558,3,3,1,0,0.0,closed,False,False
553,2,1969,1,2,0.6666666666666666,closed,False,False
552,0,0,0,0,0.0,closed,False,False
551,0,0,0,0,0.0,closed,False,False
550,1,0,1,0,0.0,closed,True,True
549,2,2,1,0,0.0,closed,False,False
548,1,1,1,0,0.0,closed,False,False
545,2,2,0,0,0.0,closed,False,False
543,3,3,0,0,0.0,closed,False,False
540,36,38,0,0,0.0,closed,False,False
539,13,13,1,0,0.0,closed,True,True
537,3,0,1,0,0.0,closed,False,False
536,1,1,0,0,0.0,closed,False,False
534,5,5,1,0,0.0,closed,False,False
531,2,2,0,0,0.0,closed,False,False
530,1,1,0,0,0.0,closed,False,False
527,23,24,2,0,0.0,closed,True,True
526,1,1,0,0,0.0,closed,False,False
525,1,1,0,0,0.0,closed,False,False
522,1,1,0,0,0.0,closed,True,True
521,1978,0,3,0,0.0,closed,True,True
518,1,1,0,0,0.0,closed,False,False
517,1,0,1,0,0.0,closed,True,True
515,8,8,0,0,0.0,closed,False,False
514,8,8,0,0,0.0,closed,False,False
513,0,0,0,0,0.0,closed,False,False
512,0,0,0,0,0.0,closed,False,False
510,3,3,0,0,0.0,closed,False,False
508,0,0,0,0,0.0,closed,False,False
507,1201,1208,2,2,0.18181818181818182,closed,True,True
505,1,1,1,0,0.0,closed,False,False
504,1,1,1,0,0.0,closed,True,True
503,4,4,0,0,0.0,closed,False,False
502,2,2,1,0,0.0,closed,False,False
501,1,0,0,0,0.0,closed,False,False
500,99,110,0,0,0.0,closed,False,False
497,3,3,0,0,0.0,closed,False,False
496,1,1,0,0,0.0,closed,False,False
495,0,0,0,0,0.0,closed,False,False
494,0,0,0,0,0.0,closed,False,False
493,3167,432,0,0,0.0,closed,False,False
492,771,0,0,0,0.0,closed,False,False
491,139,20,0,0,0.0,closed,False,False
490,0,1,1,0,0.0,closed,True,True
476,4,4,1,0,0.0,closed,True,True
475,2,2,1,0,0.0,closed,False,False
474,0,0,1,0,0.0,closed,False,False
473,1,1,1,0,0.0,closed,False,False
472,1,1,1,0,0.0,closed,False,False
471,1,1,1,0,0.0,closed,False,False
470,1,1,1,0,0.0,closed,True,True
469,7,7,1,0,0.0,closed,False,False
468,4,4,0,0,0.0,closed,False,False
467,0,0,1,0,0.0,closed,True,True
466,2001,0,0,0,0.0,closed,False,False
465,1,1,0,0,0.0,closed,False,False
464,98,0,0,0,0.0,closed,False,False
463,1923,27517,0,0,0.0,closed,False,False
462,2,0,1,0,0.0,closed,False,False
461,3,1,1,0,0.0,closed,True,True
460,31,0,2,0,0.0,closed,False,False
459,259,255,6,18,18.0,closed,False,False
458,1,0,3,0,0.0,closed,True,True
457,1,0,1,0,0.0,closed,True,True
456,2,0,1,0,0.0,closed,False,False
455,1,1,1,0,0.0,closed,False,False
454,2,2,1,0,0.0,closed,True,True
453,0,0,1,0,0.0,closed,False,False
452,2,0,0,0,0.0,closed,False,False
451,0,0,0,0,0.0,closed,False,False
450,1,1,1,0,0.0,closed,False,False
449,13,13,0,0,0.0,closed,False,False
448,2,0,1,0,0.0,closed,False,False
446,17,0,0,0,0.0,closed,False,False
445,1,1,1,0,0.0,closed,True,True
444,1,1,1,0,0.0,closed,True,True
442,1,1,1,0,0.0,closed,True,True
441,3,3,1,0,0.0,closed,False,False
440,0,6,2,3,1.0,closed,True,True
438,6,6,0,0,0.0,closed,False,False
436,8,6,0,0,0.0,closed,False,False
434,2094,0,5,7,0.7,closed,True,True
432,3,1,1,0,0.0,closed,True,True
431,1,1,1,0,0.0,closed,False,False
430,0,11,1,0,0.0,closed,True,True
428,0,0,0,0,0.0,closed,False,False
427,1,1,1,0,0.0,closed,True,True
426,4,4,1,0,0.0,closed,True,True
425,1,4,3,0,0.0,closed,True,True
424,1,1,1,0,0.0,closed,True,True
423,1,1,1,0,0.0,closed,True,True
422,13,13,1,0,0.0,closed,True,True
421,0,0,0,0,0.0,closed,False,False
420,12,12,3,0,0.0,closed,False,False
418,4,0,1,0,0.0,closed,True,True
417,3,3,1,0,0.0,closed,True,True
416,2,2,1,0,0.0,closed,False,False
415,1,1,1,0,0.0,closed,False,False
412,0,1,1,0,0.0,closed,True,True
411,0,0,0,0,0.0,closed,False,False
410,69,2,1,0,0.0,closed,False,False
409,0,0,0,0,0.0,closed,False,False
408,15,15,1,0,0.0,closed,True,True
407,1,1,1,0,0.0,closed,True,True
406,3,3,2,2,2.0,closed,True,True
405,94,94,1,0,0.0,closed,True,True
402,1,0,3,0,0.0,closed,True,True
399,1,1,0,0,0.0,closed,False,False
397,681,657,4,0,0.0,closed,True,True
395,1,0,1,0,0.0,closed,False,False
394,8,8,0,0,0.0,closed,False,False
393,1,1,0,0,0.0,closed,False,False
392,3,3,1,0,0.0,closed,False,False
391,2,2,1,0,0.0,closed,False,False
390,147,7,1,0,0.0,closed,True,True
389,1,1,0,0,0.0,closed,False,False
388,1,1,1,0,0.0,closed,True,True
387,5,5,1,0,0.0,closed,True,True
382,17,15,1,0,0.0,closed,True,True
381,169,170,1,0,0.0,closed,True,True
380,0,0,0,0,0.0,closed,False,False
379,0,0,2,1,0.5,closed,True,True
378,1,1,1,0,0.0,closed,False,False
377,21,21,1,0,0.0,closed,True,True
376,104,0,1,0,0.0,closed,False,False
375,1,1,1,0,0.0,closed,True,True
373,2,2,0,4,1.3333333333333333,closed,False,False
372,1,25201,0,0,0.0,closed,False,False
371,1,0,0,0,0.0,closed,True,True
370,32,56,1,0,0.0,closed,True,True
369,3,3,2,0,0.0,closed,True,True
367,13,13,1,0,0.0,closed,False,False
366,23,0,1,0,0.0,closed,False,False
365,1,0,1,0,0.0,closed,True,True
364,7,7,1,0,0.0,closed,True,True
363,1,0,1,0,0.0,closed,True,True
362,1,1,1,0,0.0,closed,True,True
361,10,10,1,0,0.0,closed,True,True
360,27,25,0,0,0.0,closed,False,False
359,1,0,3,0,0.0,closed,False,False
357,4,4,0,0,0.0,closed,False,False
356,15,17,2,0,0.0,closed,True,True
355,6,6,1,0,0.0,closed,False,False
354,1,25308,1,0,0.0,closed,False,False
353,2,0,1,0,0.0,closed,False,False
352,1,0,1,0,0.0,closed,False,False
351,1,1,2,0,0.0,closed,False,False
350,1,1,1,0,0.0,closed,False,False
349,2,2,1,0,0.0,closed,True,True
347,2,2,1,0,0.0,closed,True,True
346,1,0,1,0,0.0,closed,False,False
345,4,2,0,0,0.0,closed,False,False
343,2,2,1,0,0.0,closed,True,True
342,2,2,4,0,0.0,closed,True,True
341,774,0,0,0,0.0,closed,False,False
340,4,4,1,0,0.0,closed,False,False
339,3,3,0,0,0.0,closed,False,False
338,2,2,0,0,0.0,closed,False,False
337,1,1,0,0,0.0,closed,False,False
336,14,14,0,0,0.0,closed,False,False
335,491,1,0,0,0.0,closed,False,False
333,17,16,1,0,0.0,closed,False,False
332,4,2,1,0,0.0,closed,True,True
331,13,13,0,0,0.0,closed,False,False
330,0,0,0,0,0.0,closed,False,False
329,1,2,2,0,0.0,closed,False,False
327,4,4,0,0,0.0,closed,False,False
326,2,2,0,0,0.0,closed,False,False
324,42,35,1,0,0.0,closed,False,False
323,1,1,0,0,0.0,closed,False,False
322,1,0,2,0,0.0,closed,False,False
321,224,0,2,0,0.0,closed,False,False
320,10,0,1,0,0.0,closed,True,True
319,0,0,1,0,0.0,closed,True,True
317,12,0,1,0,0.0,closed,True,True
315,3,2,1,1,0.3333333333333333,closed,True,True
314,0,1,1,0,0.0,closed,True,True
313,10,0,1,0,0.0,closed,True,True
311,31,31,2,0,0.0,closed,True,True
310,5,5,0,0,0.0,closed,False,False
309,1,1,1,0,0.0,closed,True,True
306,1,1,0,0,0.0,closed,False,False
305,10,21,1,0,0.0,closed,True,True
304,1,1,0,0,0.0,closed,False,False
303,3,3,0,0,0.0,closed,False,False
302,1,1,0,0,0.0,closed,False,False
301,0,0,0,0,0.0,closed,False,False
300,1,1,1,0,0.0,closed,True,True
299,24,24,1,0,0.0,closed,False,False
298,4,4,0,0,0.0,closed,False,False
297,2,2,0,0,0.0,closed,False,False
296,1,1,1,0,0.0,closed,True,True
295,0,1,1,0,0.0,closed,True,True
293,4,4,0,0,0.0,closed,False,False
292,1,1,0,0,0.0,closed,False,False
291,1,1,1,0,0.0,closed,False,False
290,0,0,0,0,0.0,closed,False,False
289,386,0,0,0,0.0,closed,False,False
288,103,102,1,0,0.0,closed,True,True
287,315,0,0,0,0.0,closed,False,False
285,3,3,1,0,0.0,closed,True,True
284,1,1,2,0,0.0,closed,True,True
283,2011,38,9,0,0.0,closed,True,True
281,24,24,1,0,0.0,closed,False,False
278,472,11,0,0,0.0,closed,False,False
276,27653,0,0,0,0.0,closed,False,False
274,1,1,0,0,0.0,closed,False,False
273,1,1,1,0,0.0,closed,False,False
272,0,0,2,0,0.0,closed,False,False
270,254,0,0,0,0.0,closed,False,False
269,1983,0,4,0,0.0,closed,True,True
268,23,23,1,1,1.0,closed,False,False
267,3,0,3,0,0.0,closed,False,False
266,86,77,2,9,1.8,closed,False,False
265,84,85,3,0,0.0,closed,True,True
264,0,1,1,0,0.0,closed,True,True
263,14,14,1,0,0.0,closed,True,True
262,1,1,0,0,0.0,closed,False,False
261,1,1,0,0,0.0,closed,True,True
260,1,1,2,0,0.0,closed,False,False
258,1,0,1,0,0.0,closed,True,True
256,2,2,1,0,0.0,closed,False,False
255,1,1,0,0,0.0,closed,False,False
254,0,0,0,0,0.0,closed,False,False
252,211,87,0,0,0.0,closed,False,False
251,211,87,0,0,0.0,closed,False,False
250,1,1,1,0,0.0,closed,True,True
249,200,78,3,0,0.0,closed,True,True
248,1,1,0,0,0.0,closed,False,False
247,5,3623,0,0,0.0,closed,False,False
246,0,0,1,0,0.0,closed,True,True
245,0,0,0,0,0.0,closed,False,False
244,1,1,1,0,0.0,closed,True,True
242,8,7,8,0,0.0,closed,True,True
240,0,0,0,0,0.0,closed,False,False
238,4,4,1,0,0.0,closed,False,False
237,25571,8,0,0,0.0,closed,False,False
236,1,0,1,0,0.0,closed,False,False
235,122,428,0,0,0.0,closed,False,False
234,1,1,1,0,0.0,closed,True,True
233,3,3,1,0,0.0,closed,True,True
232,131,1727,1,0,0.0,closed,False,False
231,22,22,1,0,0.0,closed,True,True
230,3,3,1,0,0.0,closed,False,False
228,6,0,2,0,0.0,closed,False,False
227,18,18,0,0,0.0,closed,False,False
226,1,1,0,0,0.0,closed,False,False
225,4,4,0,0,0.0,closed,False,False
224,1,1,1,0,0.0,closed,True,True
223,1,5700,0,0,0.0,closed,False,False
222,1,1,0,0,0.0,closed,False,False
221,1,1,0,0,0.0,closed,False,False
220,1,1,0,0,0.0,closed,False,False
218,8,8,2,0,0.0,closed,False,False
217,4,5,1,0,0.0,closed,True,True
216,1,1,0,0,0.0,closed,True,True
215,1,1,0,0,0.0,closed,True,True
214,4,5,2,0,0.0,closed,True,True
213,1,1,1,0,0.0,closed,True,True
212,1,1,1,0,0.0,closed,True,True
210,0,0,1,0,0.0,closed,False,False
208,10,10,0,0,0.0,closed,False,False
207,10,11,1,0,0.0,closed,True,True
206,1,1,1,0,0.0,closed,False,False
205,1,1,0,0,0.0,closed,True,True
204,1,0,2,0,0.0,closed,False,False
203,1,0,1,0,0.0,closed,True,True
201,12,74,0,0,0.0,closed,True,True
200,2,2,0,0,0.0,closed,True,True
199,39,9,12,0,0.0,closed,False,False
198,5,5,1,0,0.0,closed,False,False
197,9,9,0,0,0.0,closed,False,False
196,1,0,0,0,0.0,closed,False,False
194,71,71,0,0,0.0,closed,False,False
193,2,2,1,0,0.0,closed,True,True
192,2,1,0,0,0.0,closed,True,True
191,3,0,1,0,0.0,closed,True,True
190,1963,0,3,0,0.0,closed,False,False
189,1,1,1,0,0.0,closed,False,False
188,3,3,1,0,0.0,closed,True,True
187,1,1,0,0,0.0,closed,False,False
185,45,0,1,1,0.5,closed,True,True
181,2,1,1,0,0.0,closed,True,True
180,10,13,1,0,0.0,closed,False,False
179,1,1,1,0,0.0,closed,True,True
178,2,2,0,0,0.0,closed,False,False
177,173,260,2,0,0.0,closed,True,True
176,2,2,0,0,0.0,closed,False,False
175,1,0,1,0,0.0,closed,True,True
173,20,17,4,1,0.5,closed,True,True
171,1934,0,0,0,0.0,closed,False,False
168,21,22,2,0,0.0,closed,True,True
167,652,0,3,0,0.0,closed,True,True
165,24,24,0,6,6.0,closed,False,False
164,18,18,2,0,0.0,closed,True,True
163,16,21,4,0,0.0,closed,False,False
162,1,0,1,0,0.0,closed,True,True
161,2,0,1,0,0.0,closed,True,True
160,2,0,1,0,0.0,closed,True,True
159,1940,0,5,15,7.5,closed,True,True
158,1,0,1,0,0.0,closed,True,True
157,1941,0,0,0,0.0,closed,False,False
155,21,22,0,0,0.0,closed,False,False
154,20,21,0,0,0.0,closed,False,False
153,1,1,0,0,0.0,closed,False,False
152,1,1,1,0,0.0,closed,True,True
151,1,1,1,0,0.0,closed,True,True
150,1,1,1,0,0.0,closed,True,True
149,8,16,2,0,0.0,closed,False,False
148,26,27,0,0,0.0,closed,False,False
147,0,0,0,0,0.0,closed,False,False
146,53,53,0,0,0.0,closed,False,False
145,0,0,0,0,0.0,closed,False,False
144,0,0,0,0,0.0,closed,False,False
143,0,0,0,0,0.0,closed,False,False
142,0,0,0,0,0.0,closed,False,False
141,2015,1,2,0,0.0,closed,False,False
139,133,158,2,0,0.0,closed,True,True
138,15,15,1,0,0.0,closed,False,False
137,1,1,1,0,0.0,closed,True,True
136,2000,0,4,0,0.0,closed,False,False
134,2009,0,0,0,0.0,closed,False,False
133,2035,0,0,0,0.0,closed,False,False
132,128,130,3,0,0.0,closed,True,True
129,2033,0,4,0,0.0,closed,True,True
128,2102,104,4,0,0.0,closed,False,False
127,0,0,2,0,0.0,closed,False,False
126,2,9417,1,0,0.0,closed,False,False
123,3,239,1,0,0.0,closed,False,False
121,1978,0,9,0,0.0,closed,True,True
120,2031,0,2,0,0.0,closed,False,False
119,2056,0,0,0,0.0,closed,True,True
116,436,442,7,0,0.0,closed,True,True
115,1970,1,9,0,0.0,closed,True,True
114,4,4,1,0,0.0,closed,True,True
112,1,1,1,0,0.0,closed,True,True
111,0,0,1,0,0.0,closed,False,False
110,19,11,2,0,0.0,closed,True,True
109,0,0,0,0,0.0,closed,False,False
108,11,9,2,0,0.0,closed,True,True
107,1,1,0,0,0.0,closed,True,True
105,2,4,3,0,0.0,closed,False,False
103,37,38,9,3,1.5,closed,False,False
102,27,27,1,0,0.0,closed,True,True
100,2009,0,9,0,0.0,closed,True,True
95,5,0,6,0,0.0,closed,True,True
94,15,15,0,0,0.0,closed,True,True
93,1979,26,11,0,0.0,closed,True,True
91,2018,0,1,0,0.0,closed,True,True
88,2001,0,9,2,0.021052631578947368,closed,True,True
86,2009,0,0,0,0.0,closed,True,True
85,2,0,0,0,0.0,closed,True,True
84,2014,0,4,0,0.0,closed,True,True
83,1678,1,4,2,0.2222222222222222,closed,True,True
79,1,1,1,0,0.0,closed,True,True
78,1923,2020,11,16,0.14414414414414414,closed,True,True
77,1,1,1,0,0.0,closed,True,True
76,1,1,1,0,0.0,closed,True,True
75,2022,1,1,0,0.0,closed,True,True
72,1,1,0,0,0.0,closed,False,False
71,1,1,1,0,0.0,closed,True,True
69,0,0,0,0,0.0,closed,False,False
68,18,19,1,0,0.0,closed,False,False
67,2,2,0,0,0.0,closed,True,True
66,1,1,1,0,0.0,closed,True,True
65,13,14,1,2,2.0,closed,True,True
63,1,1,0,0,0.0,closed,False,False
62,0,4,0,0,0.0,closed,False,False
61,8,9,0,0,0.0,closed,False,False
59,9,9,0,0,0.0,closed,False,False
58,90,90,0,0,0.0,closed,False,False
57,1,0,1,0,0.0,closed,True,True
56,3,3,1,0,0.0,closed,True,True
55,0,0,0,0,0.0,closed,False,False
53,1,1,1,0,0.0,closed,True,True
52,0,0,0,0,0.0,closed,False,False
51,0,0,1,0,0.0,closed,False,False
50,0,0,0,0,0.0,closed,False,False
49,0,0,0,0,0.0,closed,False,False
48,0,0,0,0,0.0,closed,False,False
47,0,0,0,0,0.0,closed,False,False
46,0,0,1,0,0.0,closed,False,False
45,0,0,0,0,0.0,closed,False,False
44,48,44,1,0,0.0,closed,True,True
43,658,658,0,0,0.0,closed,False,False
42,0,0,0,0,0.0,closed,False,False
41,7,7,1,0,0.0,closed,True,True
38,3,0,2,2,2.0,closed,True,True
37,10,10,0,0,0.0,closed,False,False
36,3,1,2,0,0.0,closed,True,True
35,18,0,2,0,0.0,closed,True,True
34,9,9,1,0,0.0,closed,True,True
32,1,1,0,0,0.0,closed,True,True
31,1656,0,1,1,0.013157894736842105,closed,True,True
29,7,6,0,0,0.0,closed,True,True
28,1,1,1,0,0.0,closed,True,True
27,1,1,3,4,2.0,closed,False,False
23,10,1,1,0,0.0,closed,True,True
22,1,1,0,0,0.0,closed,False,False
20,4,2,0,0,0.0,closed,True,True
19,658,658,1,0,0.0,closed,False,False
18,660,660,1,0,0.0,closed,True,True
17,1,0,1,0,0.0,closed,True,True
16,1,1,1,0,0.0,closed,True,True
15,658,658,3,0,0.0,closed,False,False
14,19,19,0,0,0.0,closed,True,True
12,325,376,2,2,0.6666666666666666,closed,True,True
11,4,4,0,0,0.0,closed,True,True
10,325,338,0,0,0.0,closed,True,True
9,87,102,5,1,0.5,closed,True,True
6,21,0,1,0,0.0,closed,False,False
4,1,1,0,0,0.0,closed,True,True
3,1,1,0,0,0.0,closed,True,True
2,1,1,0,0,0.0,closed,False,False
1,661,661,1,0,0.0,closed,False,False
