[
    {
        "Issue ID": 6421,
        "Issue State": "closed",
        "Issue Title": "Could we have support for WSL2 ubuntu",
        "Comment ID": 2509985608,
        "Author": "davidkna",
        "Created At": "2024-12-01T16:43:27Z",
        "Comment Body": "`exit code 56` indicates a networking error. Does your WSL system have working access to the internet?"
    },
    {
        "Issue ID": 6421,
        "Issue State": "closed",
        "Issue Title": "Could we have support for WSL2 ubuntu",
        "Comment ID": 2599754070,
        "Author": "davidkna",
        "Created At": "2025-01-18T15:09:11Z",
        "Comment Body": "Closing as stale."
    },
    {
        "Issue ID": 6421,
        "Issue State": "closed",
        "Issue Title": "Could we have support for WSL2 ubuntu",
        "Comment ID": 2660821480,
        "Author": "Suryansh-Dey",
        "Created At": "2025-02-15T08:46:36Z",
        "Comment Body": "Yes, I did install zsh pure prompt just after it"
    },
    {
        "Issue ID": 1631,
        "Issue State": "closed",
        "Issue Title": "Switch the package version loading order of package.json/composer.json",
        "Comment ID": 695186839,
        "Author": "andytom",
        "Created At": "2020-09-19T08:57:17Z",
        "Comment Body": "I think your suggestion makes sense to me but I'm neither a PHP or JS developer so maybe there are contradicting arguments that I'm not aware of."
    },
    {
        "Issue ID": 1631,
        "Issue State": "closed",
        "Issue Title": "Switch the package version loading order of package.json/composer.json",
        "Comment ID": 698816225,
        "Author": "micc83",
        "Created At": "2020-09-25T09:06:37Z",
        "Comment Body": "Moreover, when `package.json` is used (in a mixed language project) by the bundler the package is usually marked as private (I see that at the moment Starship doesn't show the version for a private `package.json` file). My first idea was indeed to simply skip it when marked as private but  I guess adding the check only for  `package.json`  would probably lead to some inconsistencies."
    },
    {
        "Issue ID": 1631,
        "Issue State": "closed",
        "Issue Title": "Switch the package version loading order of package.json/composer.json",
        "Comment ID": 892986126,
        "Author": "andytom",
        "Created At": "2021-08-04T21:26:32Z",
        "Comment Body": "I think this might be fixed by #2959, at least in the case of a private version in a `package.json` in a mixed language projects."
    },
    {
        "Issue ID": 1631,
        "Issue State": "closed",
        "Issue Title": "Switch the package version loading order of package.json/composer.json",
        "Comment ID": 893416033,
        "Author": "micc83",
        "Created At": "2021-08-05T12:23:08Z",
        "Comment Body": "> I think this might be fixed by #2959, at least in the case of a private version in a `package.json` in a mixed language projects.\r\n\r\nI guess so. I'll check it out as soon as it'll be released."
    },
    {
        "Issue ID": 1631,
        "Issue State": "closed",
        "Issue Title": "Switch the package version loading order of package.json/composer.json",
        "Comment ID": 1287853513,
        "Author": "Kissaki",
        "Created At": "2022-10-22T16:52:30Z",
        "Comment Body": "[@andytom comment](https://github.com/starship/starship/issues/1631#issuecomment-892986126) suggests this has been resolved. Is that the case, or is this still open?\r\n\r\n@micc83 did you have a chance to look into that?"
    },
    {
        "Issue ID": 1631,
        "Issue State": "closed",
        "Issue Title": "Switch the package version loading order of package.json/composer.json",
        "Comment ID": 1295955494,
        "Author": "micc83",
        "Created At": "2022-10-29T19:57:13Z",
        "Comment Body": "@Kissaki I confirm that now when `package.json` is set to private `composer.json` version is picked instead. Thank you and @andytom for the PR."
    },
    {
        "Issue ID": 1631,
        "Issue State": "closed",
        "Issue Title": "Switch the package version loading order of package.json/composer.json",
        "Comment ID": 2655937429,
        "Author": "niklasschaeffer",
        "Created At": "2025-02-13T08:59:18Z",
        "Comment Body": "Well Just now i stumble upon this issue when i was searching why my package.json version number would not show up at all in starship. Now that im reading this conversion im very surprised. In my eyes it literally makes zero sense to hide a version because it has been defined as private for the npm registry. Like why would you do that ? I want as much information out of my console as possible and this is just very hindering. Also i don't see sense in the argumentation. \n\n1. JS Projects: Never seen a JS project with a composer.json file in the root (There might be some edge cases I might not be aware of);\n\n- Wrong! I know of a lot of projects which have a composer.json as well.\n\n2. PHP Projects: Many of the most prominent PHP frameworks ([Laravel](https://github.com/laravel/laravel)/[Symfony](https://github.com/symfony/symfony)), but also packages that provides a Web UI, have a package.json file in their root to handle assets bundling.\n\n- Yes! That is true.\n\n3. So the point here is that while the first case is unlikely in the second one you'd probably be more interested in the PHP package version that the one of the JS bundler (which, by the way, is usually set to private).\n\n- WRONG! It does not mean you are not interested in the Js Version. Im a Frontend-Developer working in PHP Focused Project. \n\nPlease revert this offending and by the way very stupid line of code.\n\nhttps://github.com/starship/starship/blob/567ea8d2be63475841d2fe74985dbdc15d286846/src/modules/package.rs#L169"
    },
    {
        "Issue ID": 6095,
        "Issue State": "closed",
        "Issue Title": "custom format hide part completely if empty",
        "Comment ID": 2654393353,
        "Author": "lachieh",
        "Created At": "2025-02-12T17:25:50Z",
        "Comment Body": "This is already possible with [conditional format strings](https://starship.rs/config/#conditional-format-strings) since they work across multiple lines:\n\n```toml\nformat = \"\"\"\n$directory\\\n(\\\n[ > ](fg:color_aqua)\\\n$git_branch\\\n$git_status\\\n)\\\n$line_break$character\"\"\"\n```\n\nIn this case, if all of the variables inside the section are empty, the rest of the content inside the open/close parentheses will not show:\n\n```\n~/projects/somegitrepo > main [!]\n$ cd ..\n~/projects\n$ \n```"
    },
    {
        "Issue ID": 6095,
        "Issue State": "closed",
        "Issue Title": "custom format hide part completely if empty",
        "Comment ID": 2654542019,
        "Author": "mirsella",
        "Created At": "2025-02-12T18:33:47Z",
        "Comment Body": "honestly i dont even remember for what case i wanted to do this. thanks for the answer"
    },
    {
        "Issue ID": 6559,
        "Issue State": "closed",
        "Issue Title": "build(deps): update rust crate clap to 4.5.29",
        "Comment ID": 2652558979,
        "Author": "renovate[bot]",
        "Created At": "2025-02-12T03:12:20Z",
        "Comment Body": "### Branch automerge failure\n\nThis PR was configured for branch automerge. However, this is not possible, so it has been raised as a PR instead."
    },
    {
        "Issue ID": 6557,
        "Issue State": "closed",
        "Issue Title": "build(deps): update rust crate notify-rust to 4.11.5",
        "Comment ID": 2648644054,
        "Author": "renovate[bot]",
        "Created At": "2025-02-10T16:47:34Z",
        "Comment Body": "### Branch automerge failure\n\nThis PR was configured for branch automerge. However, this is not possible, so it has been raised as a PR instead."
    },
    {
        "Issue ID": 6552,
        "Issue State": "closed",
        "Issue Title": "Fix: Issue #6549",
        "Comment ID": 2646494685,
        "Author": "davidkna",
        "Created At": "2025-02-09T18:57:02Z",
        "Comment Body": "closing in favor of #6453"
    },
    {
        "Issue ID": 6387,
        "Issue State": "closed",
        "Issue Title": "perf(ancestor-scan): preallocate and reuse a single `PathBuf`",
        "Comment ID": 2646623745,
        "Author": "andytom",
        "Created At": "2025-02-09T22:12:54Z",
        "Comment Body": "Thank you for your contribution @poliorcetics and thank you for reviewing @davidkna "
    },
    {
        "Issue ID": 6544,
        "Issue State": "closed",
        "Issue Title": "fix(fossil_metrics): Add -i flag to the fossil_metrics module's command",
        "Comment ID": 2644743541,
        "Author": "davidkna",
        "Created At": "2025-02-08T09:23:47Z",
        "Comment Body": "Please also update the mocked command invocations e.g. in https://github.com/starship/starship/blob/master/src/utils.rs#L260"
    },
    {
        "Issue ID": 6544,
        "Issue State": "closed",
        "Issue Title": "fix(fossil_metrics): Add -i flag to the fossil_metrics module's command",
        "Comment ID": 2645735539,
        "Author": "Ayyanaruto",
        "Created At": "2025-02-08T14:22:31Z",
        "Comment Body": "> Please also update the mocked command invocations e.g. in https://github.com/starship/starship/blob/master/src/utils.rs#L260\r\n\r\nSure"
    },
    {
        "Issue ID": 6544,
        "Issue State": "closed",
        "Issue Title": "fix(fossil_metrics): Add -i flag to the fossil_metrics module's command",
        "Comment ID": 2646622994,
        "Author": "andytom",
        "Created At": "2025-02-09T22:10:31Z",
        "Comment Body": "Thank you for your contribution @Ayyanaruto and thank you for reviewing @davidkna "
    },
    {
        "Issue ID": 6550,
        "Issue State": "closed",
        "Issue Title": "Starship crashing",
        "Comment ID": 2646040449,
        "Author": "Packjackisback",
        "Created At": "2025-02-09T02:54:23Z",
        "Comment Body": "Feb 08 20:38:49 jackbox kernel: R10: 0000000000000fff R11: 0000000000000206 R12: 000072f0c800c56f\nFeb 08 20:38:49 jackbox kernel: R13: 000072f0c800c590 R14: 0000000000000015 R15: 000072f0d68a5bc0\nFeb 08 20:38:49 jackbox kernel:  </TASK>\nFeb 08 20:38:49 jackbox kernel: INFO: task starship:125740 blocked for more than 122 seconds.\nFeb 08 20:38:49 jackbox kernel:       Tainted: G        W          6.12.8-arch1-1 #1\nFeb 08 20:38:49 jackbox kernel: \"echo 0 > /proc/sys/kernel/hung_task_timeout_secs\" disables this message."
    },
    {
        "Issue ID": 6550,
        "Issue State": "closed",
        "Issue Title": "Starship crashing",
        "Comment ID": 2646044423,
        "Author": "Packjackisback",
        "Created At": "2025-02-09T03:07:53Z",
        "Comment Body": "It took 2 reboots, and then it was magically working again. Must have messed something up at some point, but not starship's fault"
    },
    {
        "Issue ID": 6538,
        "Issue State": "closed",
        "Issue Title": "unable to find '/tmp/.psub.yer5XsVh3Ysource'",
        "Comment ID": 2627703975,
        "Author": "davidkna",
        "Created At": "2025-01-31T16:07:39Z",
        "Comment Body": "Something about this set-up appears to break `psub` which is used by starship during fish init. `starship init fish --print-full-init | source` should work."
    },
    {
        "Issue ID": 6538,
        "Issue State": "closed",
        "Issue Title": "unable to find '/tmp/.psub.yer5XsVh3Ysource'",
        "Comment ID": 2628371450,
        "Author": "rafaScalet",
        "Created At": "2025-01-31T20:46:46Z",
        "Comment Body": "@davidkna, that works, thank you very much, i have this issue for so long time"
    },
    {
        "Issue ID": 6545,
        "Issue State": "closed",
        "Issue Title": "Right prompt time only on last command",
        "Comment ID": 2636168443,
        "Author": "davidkna",
        "Created At": "2025-02-05T09:19:03Z",
        "Comment Body": "Please try adding `hide-env TRANSIENT_PROMPT_COMMAND_RIGHT` to your nu config. Nushell seems to default to `TRANSIENT_PROMPT_COMMAND_RIGHT=\"\"` now."
    },
    {
        "Issue ID": 6545,
        "Issue State": "closed",
        "Issue Title": "Right prompt time only on last command",
        "Comment ID": 2637211476,
        "Author": "dougg0k",
        "Created At": "2025-02-05T15:17:12Z",
        "Comment Body": "That was the solution, thanks."
    },
    {
        "Issue ID": 6535,
        "Issue State": "closed",
        "Issue Title": "build(deps): update dependency cargo-wix to 0.3.8",
        "Comment ID": 2625594478,
        "Author": "renovate[bot]",
        "Created At": "2025-01-30T21:06:04Z",
        "Comment Body": "### Branch automerge failure\n\nThis PR was configured for branch automerge. However, this is not possible, so it has been raised as a PR instead.\n___\n * Branch has one or more failed status checks"
    },
    {
        "Issue ID": 6537,
        "Issue State": "closed",
        "Issue Title": "build(deps): update crate-ci/typos action to v1.29.5",
        "Comment ID": 2626321808,
        "Author": "renovate[bot]",
        "Created At": "2025-01-31T05:15:01Z",
        "Comment Body": "### Branch automerge failure\n\nThis PR was configured for branch automerge. However, this is not possible, so it has been raised as a PR instead."
    },
    {
        "Issue ID": 6528,
        "Issue State": "closed",
        "Issue Title": "feat(c++): add module for C++ language",
        "Comment ID": 2614905019,
        "Author": "siddharthkumarjha",
        "Created At": "2025-01-27T05:57:38Z",
        "Comment Body": "This is obviously not complete yet. Since test cases keep stalling at git tests on my machine.\r\nNeed help with that."
    },
    {
        "Issue ID": 6525,
        "Issue State": "closed",
        "Issue Title": "A C++ module for starship",
        "Comment ID": 2615445290,
        "Author": "davidkna",
        "Created At": "2025-01-27T11:01:36Z",
        "Comment Body": "Thanks for the feature request. But since this has been requested before I am closing this in favour of #4583 to keep discussion in one place."
    },
    {
        "Issue ID": 6527,
        "Issue State": "closed",
        "Issue Title": "build(deps): lock file maintenance",
        "Comment ID": 2614895851,
        "Author": "renovate[bot]",
        "Created At": "2025-01-27T05:48:18Z",
        "Comment Body": "### Branch automerge failure\n\nThis PR was configured for branch automerge. However, this is not possible, so it has been raised as a PR instead."
    },
    {
        "Issue ID": 6517,
        "Issue State": "closed",
        "Issue Title": "AppData\\Local\\clink\\starship.lua:1: attempt to call a nil value",
        "Comment ID": 2610926717,
        "Author": "davidkna",
        "Created At": "2025-01-23T20:13:44Z",
        "Comment Body": "Please try uninstalling and reinstalling `starship.portable`. This could be related to https://github.com/chocolatey/choco/issues/3206 per the above error."
    },
    {
        "Issue ID": 6411,
        "Issue State": "closed",
        "Issue Title": "hostname is automatically converted to uppercase (v1.21.1)",
        "Comment ID": 2495809264,
        "Author": "ahaoboy",
        "Created At": "2024-11-24T04:50:47Z",
        "Comment Body": " https://github.com/ardaku/whoami/issues/121"
    },
    {
        "Issue ID": 6411,
        "Issue State": "closed",
        "Issue Title": "hostname is automatically converted to uppercase (v1.21.1)",
        "Comment ID": 2496173340,
        "Author": "davidkna",
        "Created At": "2024-11-24T19:00:46Z",
        "Comment Body": "https://github.com/starship/starship/pull/6343 includes a fix for this issue by using a different function in `whoami`on Windows."
    },
    {
        "Issue ID": 6411,
        "Issue State": "closed",
        "Issue Title": "hostname is automatically converted to uppercase (v1.21.1)",
        "Comment ID": 2610836674,
        "Author": "meop",
        "Created At": "2025-01-23T19:25:37Z",
        "Comment Body": "> [ardaku/whoami#121](https://github.com/ardaku/whoami/issues/121)\n\nLooks like Starship fixed this on their side by flipping the whoami functions called.\nBut in the whoami bug I had put forth an argument that whoami should fix it by flipping its own functions behavior.\nIf whoami does fix the bug on their side, then you would have to revisit this and revert this change."
    },
    {
        "Issue ID": 6405,
        "Issue State": "closed",
        "Issue Title": "cmd.exe Starship not starting. Error: AppData\\Local\\clink\\starship.lua:1: attempt to call a nil value",
        "Comment ID": 2481783287,
        "Author": "n0valis",
        "Created At": "2024-11-18T02:10:33Z",
        "Comment Body": "I figured out that a reg entry in Command Processor\\AutoRun interfered with clink loading the lua. "
    },
    {
        "Issue ID": 6405,
        "Issue State": "closed",
        "Issue Title": "cmd.exe Starship not starting. Error: AppData\\Local\\clink\\starship.lua:1: attempt to call a nil value",
        "Comment ID": 2608213795,
        "Author": "JustJace1",
        "Created At": "2025-01-22T20:36:41Z",
        "Comment Body": "having this same could you explain how to fix it "
    },
    {
        "Issue ID": 6405,
        "Issue State": "closed",
        "Issue Title": "cmd.exe Starship not starting. Error: AppData\\Local\\clink\\starship.lua:1: attempt to call a nil value",
        "Comment ID": 2609665448,
        "Author": "n0valis",
        "Created At": "2025-01-23T12:18:04Z",
        "Comment Body": "I had an entry in the above mentioned registry key for loading my alias file upon shell opening.\nRemoving that entry fixed it for me. "
    },
    {
        "Issue ID": 5970,
        "Issue State": "closed",
        "Issue Title": "Failed to detect Linux OS",
        "Comment ID": 2154744592,
        "Author": "jonasrdl",
        "Created At": "2024-06-07T12:34:01Z",
        "Comment Body": "Seems like starship thinks you're using Rocky Linux. Can you maybe share the output of `cat /etc/os-release`?"
    },
    {
        "Issue ID": 5970,
        "Issue State": "closed",
        "Issue Title": "Failed to detect Linux OS",
        "Comment ID": 2155330661,
        "Author": "bestagi",
        "Created At": "2024-06-07T18:34:19Z",
        "Comment Body": "I have mentioned that I use Ubuntu 24.04 but sure here the output\r\n\r\n```\r\ncat /etc/os-release\r\n\r\nPRETTY_NAME=\"Ubuntu 24.04 LTS\"\r\nNAME=\"Ubuntu\"\r\nVERSION_ID=\"24.04\"\r\nVERSION=\"24.04 LTS (Noble Numbat)\"\r\nVERSION_CODENAME=noble\r\nID=ubuntu\r\nID_LIKE=debian\r\nHOME_URL=\"https://www.ubuntu.com/\"\r\nSUPPORT_URL=\"https://help.ubuntu.com/\"\r\nBUG_REPORT_URL=\"https://bugs.launchpad.net/ubuntu/\"\r\nPRIVACY_POLICY_URL=\"https://www.ubuntu.com/legal/terms-and-policies/privacy-policy\"\r\nUBUNTU_CODENAME=noble\r\nLOGO=ubuntu-logo\r\n```"
    },
    {
        "Issue ID": 5970,
        "Issue State": "closed",
        "Issue Title": "Failed to detect Linux OS",
        "Comment ID": 2187748596,
        "Author": "RasheedAZ",
        "Created At": "2024-06-25T01:31:41Z",
        "Comment Body": "Hi. Not sure if I should create a separate issue or not - I have a similar issue. The install script tries to download the wrong package `starship-x86_64-unknown-linux-musl.tar.gz` although I'm on Pop!_OS 22.04 so it should be downloading `starship-x86_64-unknown-linux-gnu.tar.gz` right?\r\n"
    },
    {
        "Issue ID": 5970,
        "Issue State": "closed",
        "Issue Title": "Failed to detect Linux OS",
        "Comment ID": 2188272557,
        "Author": "davidkna",
        "Created At": "2024-06-25T08:19:50Z",
        "Comment Body": "@RasheedAZ The static musl build is always preferred over glibc to avoid potential libc-versioning issues."
    },
    {
        "Issue ID": 5970,
        "Issue State": "closed",
        "Issue Title": "Failed to detect Linux OS",
        "Comment ID": 2339891626,
        "Author": "marleau",
        "Created At": "2024-09-10T07:34:05Z",
        "Comment Body": "I'm also seeing this error. Starship thinks I'm running Rocky, but I'm running Debian.\r\n\r\nHere is the output of `cat /etc/os-release`:\r\n\r\n```\r\nPRETTY_NAME=\"Debian GNU/Linux 12 (bookworm)\"\r\nNAME=\"Debian GNU/Linux\"\r\nVERSION_ID=\"12\"\r\nVERSION=\"12 (bookworm)\"\r\nVERSION_CODENAME=bookworm\r\nID=debian\r\nHOME_URL=\"https://www.debian.org/\"\r\nSUPPORT_URL=\"https://www.debian.org/support\"\r\nBUG_REPORT_URL=\"https://bugs.debian.org/\"\r\n```"
    },
    {
        "Issue ID": 5970,
        "Issue State": "closed",
        "Issue Title": "Failed to detect Linux OS",
        "Comment ID": 2339943051,
        "Author": "marleau",
        "Created At": "2024-09-10T08:00:04Z",
        "Comment Body": "Did a little more digging.\r\n\r\nSeems like when I generated my config, the `starship preset plain-text-symbols` command  generated the `.toml` file with `Rocky` instead of `RockyLinux` as reflected in this PR #5849.\r\n\r\nJust checked the latest version and the output of `starship preset plain-text-symbols` is correct.\r\n\r\nSo I think this issue can be closed."
    },
    {
        "Issue ID": 6507,
        "Issue State": "closed",
        "Issue Title": "\"disable all by default\" setting",
        "Comment ID": 2599753411,
        "Author": "davidkna",
        "Created At": "2025-01-18T15:06:50Z",
        "Comment Body": "Thanks for the report, as a workaround you can use the top-level format.\nSince this has been requested before, and to keep discussion in one place, I am closing this in favor of #4312."
    },
    {
        "Issue ID": 6507,
        "Issue State": "closed",
        "Issue Title": "\"disable all by default\" setting",
        "Comment ID": 2602538526,
        "Author": "ctcjab",
        "Created At": "2025-01-20T14:15:54Z",
        "Comment Body": "Sorry I missed #4312 before opening this!\n\n> as a workaround you can use the top-level format\n\nCan you show an example of how to do this please, either here or in #4312 or in the docs? I checked https://starship.rs/config/ and didn't see how you can use top-level format to disable all but the desired plugins.\n\nThanks for maintaining Starship!"
    },
    {
        "Issue ID": 6507,
        "Issue State": "closed",
        "Issue Title": "\"disable all by default\" setting",
        "Comment ID": 2602557448,
        "Author": "davidkna",
        "Created At": "2025-01-20T14:23:39Z",
        "Comment Body": "E.g. setting the top-level `format` to `$directory$rust$package` will only use the directory, rust and package modules in the prompt."
    },
    {
        "Issue ID": 6509,
        "Issue State": "closed",
        "Issue Title": "build(deps): update rust crate semver to 1.0.25",
        "Comment ID": 2601386098,
        "Author": "renovate[bot]",
        "Created At": "2025-01-20T05:13:35Z",
        "Comment Body": "### Branch automerge failure\n\nThis PR was configured for branch automerge. However, this is not possible, so it has been raised as a PR instead."
    },
    {
        "Issue ID": 6431,
        "Issue State": "closed",
        "Issue Title": "Terminal don't supported starship.",
        "Comment ID": 2538418161,
        "Author": "davidkna",
        "Created At": "2024-12-12T09:58:34Z",
        "Comment Body": "It sounds like you are attempting to use the PowerShell instructions with cmd. Please try the cmd instructions instead, please note that will also require [Clink](https://chrisant996.github.io/clink/clink.html)."
    },
    {
        "Issue ID": 6431,
        "Issue State": "closed",
        "Issue Title": "Terminal don't supported starship.",
        "Comment ID": 2599754164,
        "Author": "davidkna",
        "Created At": "2025-01-18T15:09:32Z",
        "Comment Body": "Closing as stale."
    },
    {
        "Issue ID": 6496,
        "Issue State": "closed",
        "Issue Title": "Trojan:Script/Wacatac.B!ml detected in starship-x86_64-pc-windows-msvc.zip (v1.22.1)",
        "Comment ID": 2586138930,
        "Author": "matchai",
        "Created At": "2025-01-13T04:08:29Z",
        "Comment Body": "Hey @pszlazak, thanks for the heads up!\r\n\r\nI've submitted all three Windows .zip builds to Microsoft Security Intelligence as false positives. Surprisingly, none of the .msi builds are flagged as malware.\r\n\r\nUsually this gets addressed my Microsoft within a couple days. Hopefully it gets seen quickly this time around \ud83d\udc4d\r\n\r\nI'll keep this issue open and updated with any news that comes from Microsoft about these reports."
    },
    {
        "Issue ID": 6496,
        "Issue State": "closed",
        "Issue Title": "Trojan:Script/Wacatac.B!ml detected in starship-x86_64-pc-windows-msvc.zip (v1.22.1)",
        "Comment ID": 2596884495,
        "Author": "pszlazak",
        "Created At": "2025-01-16T21:04:00Z",
        "Comment Body": "@matchai Today I downloaded file one more time - this time no report about Trojan. Also VirusTotal is all green:  \nhttps://www.virustotal.com/gui/file/d7e7252c992c65130daebe3fb7a087a273f63dc54af7883e5dfc4616d034871a"
    },
    {
        "Issue ID": 6501,
        "Issue State": "closed",
        "Issue Title": "\"log\" dependency version issue",
        "Comment ID": 2587907075,
        "Author": "davidkna",
        "Created At": "2025-01-13T18:33:35Z",
        "Comment Body": "Please build starship with `--locked`"
    },
    {
        "Issue ID": 6501,
        "Issue State": "closed",
        "Issue Title": "\"log\" dependency version issue",
        "Comment ID": 2588559931,
        "Author": "wadeduvall",
        "Created At": "2025-01-14T01:24:23Z",
        "Comment Body": "That did resolve the issue for me (not OP)."
    },
    {
        "Issue ID": 6501,
        "Issue State": "closed",
        "Issue Title": "\"log\" dependency version issue",
        "Comment ID": 2589073458,
        "Author": "Zooce",
        "Created At": "2025-01-14T05:56:10Z",
        "Comment Body": "That did work for me as well. _I remember having to do this for another crate in the past - forgot why it happened - I think it was a dependency of a dependency issue._ Thank you!\r\n\r\nIf this does need to be tracked, feel free to keep this Issue open."
    },
    {
        "Issue ID": 6501,
        "Issue State": "closed",
        "Issue Title": "\"log\" dependency version issue",
        "Comment ID": 2596405415,
        "Author": "davidkna",
        "Created At": "2025-01-16T18:20:00Z",
        "Comment Body": "Since this is a duplicate of #6494, which has been fixed in master, and because there has been a new log release which also makes `cargo install` without `--locked` work for now, I am closing this issue."
    },
    {
        "Issue ID": 6269,
        "Issue State": "closed",
        "Issue Title": "feat(status): add `{success,failure}_style` options",
        "Comment ID": 2563559541,
        "Author": "davidkna",
        "Created At": "2024-12-27T10:30:44Z",
        "Comment Body": "Thanks for the contribution @T0mstone!"
    },
    {
        "Issue ID": 6458,
        "Issue State": "closed",
        "Issue Title": "fix(preset): add missing rlang to plain-text-symbols preset",
        "Comment ID": 2588285072,
        "Author": "andytom",
        "Created At": "2025-01-13T21:45:23Z",
        "Comment Body": "Thank you for your contribution @dinhani "
    }
]