Login,Contributions,URL,Type,Site Admin,Account Age (days),Total PRs Submitted,Total PRs Merged,Total Issues Opened,Total Repositories Contributed To,Followers,Stars Received,Is Member of Organization
renovate[bot],902,https://github.com/apps/renovate,Bot,False,2816,30,0,0,0,0,0,False
matchai,616,https://github.com/matchai,User,False,4269,0,0,0,30,1075,2229,True
dependabot[bot],322,https://github.com/apps/dependabot,Bot,False,2133,0,0,0,0,0,0,False
davidkna,287,https://github.com/davidkna,User,False,5003,0,0,0,30,47,13,True
dependabot-preview[bot],283,https://github.com/apps/dependabot-preview,Bot,False,2858,0,30,30,0,0,0,False
andytom,127,https://github.com/andytom,User,False,5684,30,30,30,29,41,4,True
allcontributors[bot],82,https://github.com/apps/allcontributors,Bot,False,2232,30,30,0,0,0,0,False
chipbuster,60,https://github.com/chipbuster,User,False,4276,30,30,30,30,32,0,False
vladimyr,44,https://github.com/vladimyr,User,False,4854,0,0,0,30,150,14,True
github-actions[bot],35,https://github.com/apps/github-actions,Bot,False,2393,0,0,0,0,0,0,False
heyrict,26,https://github.com/heyrict,User,False,2928,0,0,0,30,36,54,True
kidonng,15,https://github.com/kidonng,User,False,2320,0,0,0,30,344,109,False
Isokaeder,14,https://github.com/Isokaeder,User,False,3306,0,0,0,6,9,0,False
wyze,9,https://github.com/wyze,User,False,5505,0,0,0,30,214,155,True
cymruu,9,https://github.com/cymruu,User,False,4455,30,30,9,30,30,32,False
jletey,8,https://github.com/jletey,User,False,2768,30,30,30,19,83,5,True
Byron,8,https://github.com/Byron,User,False,5817,30,30,30,30,1254,60,False
rashil2000,8,https://github.com/rashil2000,User,False,2220,30,30,30,30,100,34,False
bbigras,8,https://github.com/bbigras,User,False,6003,0,0,0,30,77,5,False
alexmaco,8,https://github.com/alexmaco,User,False,2987,0,0,0,30,11,11,False
Scotsguy,7,https://github.com/Scotsguy,User,False,3143,0,0,0,30,17,16,False
jankatins,7,https://github.com/jankatins,User,False,4978,0,0,0,30,104,9,False
segevfiner,7,https://github.com/segevfiner,User,False,2977,0,0,0,30,27,32,False
nickwb,6,https://github.com/nickwb,User,False,5129,16,16,30,19,29,33,False
cappyzawa,6,https://github.com/cappyzawa,User,False,3565,30,30,30,30,44,3,True
tiffafoo,6,https://github.com/tiffafoo,User,False,3645,0,0,0,30,0,21,True
offbyone,5,https://github.com/offbyone,User,True,5513,30,30,30,30,73,1,False
matiaskotlik,5,https://github.com/matiaskotlik,User,False,3145,0,0,0,30,13,8,False
akinomyoga,5,https://github.com/akinomyoga,User,False,3791,0,0,0,30,198,3017,False
injust,5,https://github.com/injust,User,False,4404,0,0,0,12,28,1,False
jonstodle,5,https://github.com/jonstodle,User,False,4667,0,0,0,30,35,37,False
eltociear,5,https://github.com/eltociear,User,False,3056,0,0,0,30,0,17,False
syphar,5,https://github.com/syphar,User,False,5163,30,30,30,30,121,14,False
ahouts,5,https://github.com/ahouts,User,False,3309,30,30,21,30,12,4,False
yuri1969,4,https://github.com/yuri1969,User,False,3496,30,30,30,30,8,0,False
moko256,4,https://github.com/moko256,User,False,3331,30,30,0,30,22,10,False
marcybelardo,4,https://github.com/marcybelardo,User,False,1540,0,0,0,13,6,0,False
cgzones,4,https://github.com/cgzones,User,False,4089,0,0,0,30,50,27,False
hezhizhen,4,https://github.com/hezhizhen,User,False,3928,0,0,0,30,110,8,False
Multimo,4,https://github.com/Multimo,User,False,4089,0,0,0,30,28,1,False
saghm,4,https://github.com/saghm,User,False,4119,0,0,0,30,58,23,False
Milo123459,4,https://github.com/Milo123459,User,False,2116,30,30,30,30,269,27,False
Kissaki,4,https://github.com/Kissaki,User,False,5732,30,30,30,30,50,2,False
m0nhawk,4,https://github.com/m0nhawk,User,False,3863,30,30,30,4,18,119,False
mjeffryes,3,https://github.com/mjeffryes,User,False,4846,30,30,0,30,9,3,False
hrombach,3,https://github.com/hrombach,User,False,3288,0,0,0,7,13,0,False
baoyachi,3,https://github.com/baoyachi,User,False,3693,0,0,0,30,296,725,False
Southclaws,3,https://github.com/Southclaws,User,False,4693,0,0,0,30,487,283,False
t-mangoe,3,https://github.com/t-mangoe,User,False,3063,0,0,0,24,3,1,False
iamsauravsharma,3,https://github.com/iamsauravsharma,User,False,2489,0,0,0,10,31,87,False
samwho,3,https://github.com/samwho,User,False,5326,0,0,0,30,953,66,False
mickimnet,3,https://github.com/mickimnet,User,False,4463,27,22,26,29,20,96,True
lucarin91,3,https://github.com/lucarin91,User,False,3994,30,30,30,30,56,2,False
Aelnor,3,https://github.com/Aelnor,User,False,4593,12,9,1,12,0,1,False
Perniciosius,3,https://github.com/Perniciosius,User,False,2260,9,7,0,30,17,2,False
popey,3,https://github.com/popey,User,False,4632,0,0,0,30,576,8,False
Ajpantuso,3,https://github.com/Ajpantuso,User,False,3481,0,0,0,30,2,0,False
alerque,3,https://github.com/alerque,User,False,5528,0,0,0,30,366,57,False
ivanhercaz,3,https://github.com/ivanhercaz,User,False,3814,0,0,0,30,54,17,False
HeyItsGilbert,3,https://github.com/HeyItsGilbert,User,False,5117,0,0,0,30,57,44,False
DrHyde,3,https://github.com/DrHyde,User,False,5462,30,30,30,30,79,35,False
Gautham,3,https://github.com/Gautham,User,False,4438,18,17,23,13,23,3,False
marcoieni,2,https://github.com/marcoieni,User,False,3630,30,30,30,30,310,26,False
dodgez,2,https://github.com/dodgez,User,False,4234,30,30,14,30,5,2,False
youssefhabri,2,https://github.com/youssefhabri,User,False,4710,0,0,0,30,32,24,False
wjhoward,2,https://github.com/wjhoward,User,False,1810,0,0,0,6,21,13,False
vivekmalneedi,2,https://github.com/vivekmalneedi,User,False,3495,0,0,0,6,9,155,False
VegardSkui,2,https://github.com/VegardSkui,User,False,4361,0,0,0,17,10,5,False
twm,2,https://github.com/twm,User,False,5890,0,0,0,30,31,5,False
TomHotston,2,https://github.com/TomHotston,User,False,3052,0,0,0,11,2,3,False
Turbo87,2,https://github.com/Turbo87,User,False,5600,30,30,30,30,595,176,False
stefb69,2,https://github.com/stefb69,User,False,4318,6,4,9,30,3,2,False
swpalmer,2,https://github.com/swpalmer,User,False,5043,14,7,30,23,3,1,False
sagittarius-a,2,https://github.com/sagittarius-a,User,False,3805,0,0,0,30,21,6,False
rjsab,2,https://github.com/rjsab,User,False,3631,0,0,0,7,5,0,False
poliorcetics,2,https://github.com/poliorcetics,User,False,3893,0,0,0,30,25,44,False
pe,2,https://github.com/pe,User,False,5823,0,0,0,13,11,3,False
nrabulinski,2,https://github.com/nrabulinski,User,False,2986,0,0,0,30,58,31,False
Nemo157,2,https://github.com/Nemo157,User,False,5766,0,0,0,30,220,37,False
dominikbraun,2,https://github.com/dominikbraun,User,False,2556,0,0,0,30,173,2057,False
schrieveslaach,2,https://github.com/schrieveslaach,User,False,3330,0,0,0,30,13,2,False
ognevny,2,https://github.com/ognevny,User,False,803,0,0,0,30,7,5,False
Snuggle,2,https://github.com/Snuggle,User,False,2903,0,0,0,30,104,57,True
billrisher,2,https://github.com/billrisher,User,False,2970,7,0,0,28,2,4,False
g2p,2,https://github.com/g2p,User,False,5823,0,0,0,30,92,830,False
71,2,https://github.com/71,User,False,3970,0,0,0,30,132,616,False
wlonkly,2,https://github.com/wlonkly,User,False,4719,0,0,0,30,19,8,False
rumia-san,2,https://github.com/rumia-san,User,False,2077,0,0,0,19,19,56,False
alexfertel,2,https://github.com/alexfertel,User,False,3072,0,0,0,30,106,282,False
jhilliker,2,https://github.com/jhilliker,User,False,2021,0,0,0,5,2,0,False
yutotnh,2,https://github.com/yutotnh,User,False,1922,0,0,0,30,9,0,False
nibon7,2,https://github.com/nibon7,User,False,3405,30,30,29,30,7,5,False
arcnmx,2,https://github.com/arcnmx,User,False,3499,30,30,30,30,145,92,False
laxtiz,2,https://github.com/laxtiz,User,False,4355,18,16,17,15,16,11,False
Haegin,2,https://github.com/Haegin,User,False,5641,30,30,30,30,28,18,False
haraldh,2,https://github.com/haraldh,User,False,5248,0,0,0,30,120,43,False
giorgiga,2,https://github.com/giorgiga,User,False,5214,0,0,0,16,6,2,False
gabrielvictorcf,2,https://github.com/gabrielvictorcf,User,False,1746,0,0,0,12,41,2,False
brianlow,2,https://github.com/brianlow,User,False,4955,0,0,0,30,56,113,False
Brettm12345,2,https://github.com/Brettm12345,User,False,3932,0,0,0,30,0,36,False
andrewda,2,https://github.com/andrewda,User,False,3716,0,0,0,30,387,191,True
alper,2,https://github.com/alper,User,False,5791,30,30,30,30,64,45,False
daniel-white,2,https://github.com/daniel-white,User,False,5054,30,30,30,30,28,20,False
Dentrax,2,https://github.com/Dentrax,User,False,3336,30,30,30,30,331,535,False
ajeetdsouza,2,https://github.com/ajeetdsouza,User,False,4650,30,30,30,30,436,1126,False
nagy,2,https://github.com/nagy,User,False,5076,0,0,0,30,10,4,False
aaronkollasch,2,https://github.com/aaronkollasch,User,False,3911,0,0,0,30,34,21,False
Indyandie,2,https://github.com/Indyandie,User,False,4901,0,0,0,30,4,3,False
zzamboni,2,https://github.com/zzamboni,User,False,5947,0,0,0,30,207,27,False
Flygrounder,2,https://github.com/Flygrounder,User,False,3370,0,0,0,2,13,0,False
MunifTanjim,2,https://github.com/MunifTanjim,User,False,3882,30,30,30,30,519,40,False
mika-fischer,2,https://github.com/mika-fischer,User,False,5249,30,30,30,30,19,79,False
miguelfito,2,https://github.com/miguelfito,User,False,4983,30,30,5,9,7,5,False
Micck,2,https://github.com/Micck,User,False,1359,0,0,0,0,0,0,False
mdonoughe,2,https://github.com/mdonoughe,User,False,6053,30,30,30,30,27,3,False
MatejKastak,2,https://github.com/MatejKastak,User,False,2895,30,30,30,30,14,9,False
MaT1g3R,2,https://github.com/MaT1g3R,User,False,3404,30,30,30,30,48,13,False
LinusU,2,https://github.com/LinusU,User,False,5501,30,30,30,30,972,9,False
abekoh,2,https://github.com/abekoh,User,False,3130,30,30,30,30,26,17,False
klane,2,https://github.com/klane,User,False,4259,30,30,30,30,21,186,False
keawade,2,https://github.com/keawade,User,False,3960,30,30,30,30,21,0,False
jimleroyer,2,https://github.com/jimleroyer,User,False,5018,30,30,30,30,19,3,True
jawang35,2,https://github.com/jawang35,User,False,4114,30,30,13,25,9,11,False
InNoobWeTrust,2,https://github.com/InNoobWeTrust,User,False,3017,30,30,2,30,18,12,False
izissise,2,https://github.com/izissise,User,False,4577,30,30,30,30,67,15,False
Hofer-Julian,2,https://github.com/Hofer-Julian,User,False,2778,30,30,30,30,90,1,False
IslandUsurper,1,https://github.com/IslandUsurper,User,False,6054,30,30,30,30,16,0,False
luismgsantos,1,https://github.com/luismgsantos,User,False,3525,11,11,2,10,17,0,False
Lyndeno,1,https://github.com/Lyndeno,User,False,3495,30,30,30,30,11,37,False
tchajed,1,https://github.com/tchajed,User,False,4816,30,30,30,30,314,24,False
LukeAI,1,https://github.com/LukeAI,User,False,2322,28,12,30,28,10,0,False
ananas-dev,1,https://github.com/ananas-dev,User,False,2226,30,28,2,30,10,4,False
rpl,1,https://github.com/rpl,User,False,6110,30,30,30,30,220,86,False
lucperkins,1,https://github.com/lucperkins,User,False,4726,30,30,30,30,473,1309,False
yamabiiko,1,https://github.com/yamabiiko,User,False,2765,14,10,7,18,4,1,False
wangl-cc,1,https://github.com/wangl-cc,User,False,2443,30,30,30,27,23,35,False
lberrymage,1,https://github.com/lberrymage,User,False,2236,30,30,30,13,61,3,False
liangyungong,1,https://github.com/liangyungong,User,False,3226,2,1,4,8,6,0,False
NoraCodes,1,https://github.com/NoraCodes,User,False,4414,30,30,30,30,562,440,False
LionC,1,https://github.com/LionC,User,False,4401,30,30,30,30,31,592,False
kylesferrazza,1,https://github.com/kylesferrazza,User,False,4021,30,30,30,19,83,3,False
mdtro,1,https://github.com/mdtro,User,False,3162,30,30,30,29,20,0,False
gunslingerfry,1,https://github.com/gunslingerfry,User,False,4254,8,6,30,6,4,2,False
KingMob,1,https://github.com/KingMob,User,False,4951,30,30,30,30,63,21,False
xeho91,1,https://github.com/xeho91,User,False,3221,30,30,30,30,38,36,False
matoous,1,https://github.com/matoous,User,False,3387,30,30,30,30,77,1442,False
mrjones2014,1,https://github.com/mrjones2014,User,False,3819,30,30,30,30,116,409,False
geeknees,1,https://github.com/geeknees,User,False,5071,30,30,30,30,81,5,False
mmng-a,1,https://github.com/mmng-a,User,False,2793,30,30,24,29,23,50,False
c0rner,1,https://github.com/c0rner,User,False,4503,11,9,9,16,5,2,False
cmdaltent,1,https://github.com/cmdaltent,User,False,4502,12,12,2,15,6,5,False
mslot,1,https://github.com/mslot,User,False,5159,30,30,14,30,8,3,False
cf-martin,1,https://github.com/cf-martin,User,False,304,0,0,0,0,0,0,False
RivenSkaye,1,https://github.com/RivenSkaye,User,False,3421,30,30,30,30,21,13,False
marlonrichert,1,https://github.com/marlonrichert,User,False,5101,30,30,30,26,197,7590,False
MarioAriasC,1,https://github.com/MarioAriasC,User,False,4342,30,30,16,30,149,933,False
NyCodeGHG,1,https://github.com/NyCodeGHG,User,False,2540,30,30,30,30,128,14,False
tranzystorekk,1,https://github.com/tranzystorekk,User,False,4145,30,30,30,30,77,23,False
YoshidaRyoko,1,https://github.com/YoshidaRyoko,User,False,643,5,4,1,3,3,0,False
mthmulders,1,https://github.com/mthmulders,User,False,5247,30,30,30,30,82,43,False
kohenkatz,1,https://github.com/kohenkatz,User,False,5745,30,30,30,30,36,5,False
justaskz,1,https://github.com/justaskz,User,False,3636,30,30,24,14,4,0,False
juliangehring,1,https://github.com/juliangehring,User,False,5364,30,30,30,30,68,190,False
jjant,1,https://github.com/jjant,User,False,3414,30,30,30,30,40,9,False
heyajulia,1,https://github.com/heyajulia,User,False,1670,18,17,30,30,21,9,False
TitanNano,1,https://github.com/TitanNano,User,False,4288,30,30,30,30,46,23,False
JohnFinn,1,https://github.com/JohnFinn,User,False,3053,20,11,23,30,1,2,False
jsnider-mtu,1,https://github.com/jsnider-mtu,User,False,3188,30,30,25,20,0,0,False
jpoehls,1,https://github.com/jpoehls,User,False,5792,25,22,30,30,37,87,False
CLIDragon,1,https://github.com/CLIDragon,User,False,1372,23,15,9,5,0,0,False
jonknapp,1,https://github.com/jonknapp,User,False,3803,30,30,30,17,27,5,False
jonathf,1,https://github.com/jonathf,User,False,4855,30,30,30,30,87,673,False
jonathanbcarlson,1,https://github.com/jonathanbcarlson,User,False,1726,30,30,13,18,3,1,False
jslow421,1,https://github.com/jslow421,User,False,3457,17,16,30,30,8,0,False
hooksie1,1,https://github.com/hooksie1,User,False,3303,30,30,21,30,9,15,False
jvbreen1,1,https://github.com/jvbreen1,User,False,4218,27,23,0,8,16,0,False
j-m-hoffmann,1,https://github.com/j-m-hoffmann,User,False,2859,30,15,16,30,4,36,False
JettChenT,1,https://github.com/JettChenT,User,False,2256,30,30,19,30,100,23,False
cg-jl,1,https://github.com/cg-jl,User,False,1999,30,30,30,30,56,37,False
jeremyschlatter,1,https://github.com/jeremyschlatter,User,False,4136,30,30,30,30,107,35,False
Jervx,1,https://github.com/Jervx,User,False,2171,30,30,27,17,19,2,False
cdenyar,1,https://github.com/cdenyar,User,False,4023,17,15,16,11,3,0,False
BatmanAoD,1,https://github.com/BatmanAoD,User,False,4543,30,30,30,30,53,3,False
ky-bean,1,https://github.com/ky-bean,User,False,432,4,4,6,6,0,0,False
mr-oliva,1,https://github.com/mr-oliva,User,False,3701,30,30,7,30,3,7,False
jakubclark,1,https://github.com/jakubclark,User,False,3194,28,19,6,30,5,7,False
Konrad-pl,1,https://github.com/Konrad-pl,User,False,3422,5,4,0,13,1,0,False
ickc,1,https://github.com/ickc,User,False,3657,30,30,30,30,26,21,False
KokaKiwi,1,https://github.com/KokaKiwi,User,False,5511,30,30,30,30,191,29,False
kichristensen,1,https://github.com/kichristensen,User,False,4521,30,30,26,30,9,1,False
kianmeng,1,https://github.com/kianmeng,User,False,5615,30,30,30,30,133,0,False
kppullin,1,https://github.com/kppullin,User,False,5295,30,30,16,30,28,4,False
pnotequalnp,1,https://github.com/pnotequalnp,User,False,2244,13,11,22,4,15,23,False
nirvdrum,1,https://github.com/nirvdrum,User,False,6101,30,30,30,30,226,25,False
kboshold,1,https://github.com/kboshold,User,False,3240,29,26,30,12,17,22,False
kesyog,1,https://github.com/kesyog,User,False,3660,30,30,30,30,14,77,False
kemingy,1,https://github.com/kemingy,User,False,3529,30,30,30,30,183,43,False
kudlatyamroth,1,https://github.com/kudlatyamroth,User,False,4567,30,30,30,28,4,9,False
kkovaacs,1,https://github.com/kkovaacs,User,False,5109,30,30,30,30,27,1,False
jugmac00,1,https://github.com/jugmac00,User,False,3739,30,30,30,30,90,78,False
Mic92,1,https://github.com/Mic92,User,False,5723,30,30,30,30,1035,42,False
jaudiger,1,https://github.com/jaudiger,User,False,2722,30,30,30,4,0,0,False
BRAVO68WEB,1,https://github.com/BRAVO68WEB,User,False,2404,30,30,30,30,253,14,False
foriequal0,1,https://github.com/foriequal0,User,False,4172,30,30,30,30,76,568,False
scott-parkhill,1,https://github.com/scott-parkhill,User,False,2162,30,30,30,9,3,1,False
SarthakSingh31,1,https://github.com/SarthakSingh31,User,False,2581,30,30,17,30,10,42,False
esposm03,1,https://github.com/esposm03,User,False,2568,24,18,19,7,24,6,False
SamirTalwar,1,https://github.com/SamirTalwar,User,False,5872,30,30,30,30,205,79,False
skvale,1,https://github.com/skvale,User,False,4192,30,30,30,13,25,25,False
Samji,1,https://github.com/Samji,User,False,3792,12,11,5,11,0,0,False
sagarkpanda,1,https://github.com/sagarkpanda,User,False,2361,18,13,5,27,14,17,False
qryxip,1,https://github.com/qryxip,User,False,3453,30,30,30,30,40,364,False
raccog,1,https://github.com/raccog,User,False,1507,28,23,6,30,2,4,False
toti1212,1,https://github.com/toti1212,User,False,3809,30,30,18,30,30,2,False
rcedwards,1,https://github.com/rcedwards,User,False,5141,30,30,10,13,19,11,False
hoop33,1,https://github.com/hoop33,User,False,5445,30,30,30,30,126,125,False
dinhani,1,https://github.com/dinhani,User,False,4868,19,13,30,15,31,170,False
Rekihyt,1,https://github.com/Rekihyt,User,False,2343,21,17,16,30,3,13,False
Ramiellll,1,https://github.com/Ramiellll,User,False,1806,6,6,0,25,0,0,False
weirongxu,1,https://github.com/weirongxu,User,False,4669,30,30,30,30,132,1459,False
rbutoi,1,https://github.com/rbutoi,User,False,4134,9,8,23,14,8,3,False
qstrahl,1,https://github.com/qstrahl,User,False,4555,30,30,30,19,17,65,False
quickstar,1,https://github.com/quickstar,User,False,4842,14,13,26,22,10,2,False
houqp,1,https://github.com/houqp,User,False,5087,30,30,30,30,461,44,False
TarunDaCoder,1,https://github.com/TarunDaCoder,User,False,1492,30,22,10,30,40,80,False
indigolain,1,https://github.com/indigolain,User,False,4357,30,30,7,30,44,3,False
dulltz,1,https://github.com/dulltz,User,False,4774,30,30,30,30,11,3,False
lemonadern,1,https://github.com/lemonadern,User,False,1796,30,30,30,30,35,6,False
ntadej,1,https://github.com/ntadej,User,False,5018,30,30,30,30,72,8,False
shuuji3,1,https://github.com/shuuji3,User,False,4755,30,30,30,30,92,1,False
T0mstone,1,https://github.com/T0mstone,User,False,2456,30,30,25,30,2,2,False
Snimm,1,https://github.com/Snimm,User,False,2018,9,3,30,25,1,3,False
st1020,1,https://github.com/st1020,User,False,2196,30,30,14,30,21,93,False
tarka,1,https://github.com/tarka,User,False,5727,30,30,16,30,26,18,False
stephymiehle,1,https://github.com/stephymiehle,User,False,4011,30,30,15,30,18,10,False
REBELinBLUE,1,https://github.com/REBELinBLUE,User,False,4570,30,30,30,30,67,1035,False
stefanobaghino,1,https://github.com/stefanobaghino,User,False,4772,30,30,30,24,64,1,False
02strich,1,https://github.com/02strich,User,False,5886,30,30,18,30,55,91,False
stefanc,1,https://github.com/stefanc,User,False,5808,3,3,2,1,7,0,False
sbarzowski,1,https://github.com/sbarzowski,User,False,5080,30,30,30,18,28,37,False
simao,1,https://github.com/simao,User,False,5481,30,30,30,30,42,41,False
shivammathur,1,https://github.com/shivammathur,User,False,4712,30,30,30,30,1044,186,False
Shan-Zhou,1,https://github.com/Shan-Zhou,User,False,3615,6,5,3,7,4,0,False
exshak,1,https://github.com/exshak,User,False,2165,6,3,0,17,6,14,False
shafschwd,1,https://github.com/shafschwd,User,False,2589,12,7,30,23,6,0,False
cortinico,1,https://github.com/cortinico,User,False,4452,30,30,30,30,1946,40,False
nickconway,1,https://github.com/nickconway,User,False,2882,21,7,11,30,9,9,False
hongquan,1,https://github.com/hongquan,User,False,5350,30,30,30,30,313,369,False
mrgum,1,https://github.com/mrgum,User,False,3911,30,20,30,30,0,0,False
Lucretiel,1,https://github.com/Lucretiel,User,False,4638,30,30,30,30,160,136,False
ariasuni,1,https://github.com/ariasuni,User,False,4524,30,30,30,30,111,2,False
MejanH,1,https://github.com/MejanH,User,False,2408,10,8,17,30,8,1,False
mortenscheel,1,https://github.com/mortenscheel,User,False,4038,30,30,30,30,12,6,False
rosowskimik,1,https://github.com/rosowskimik,User,False,2144,14,14,0,26,0,1,False
mfs,1,https://github.com/mfs,User,False,5207,10,9,23,30,22,20,False
micky2be,1,https://github.com/micky2be,User,False,5057,30,30,30,30,14,3,False
michel-slm,1,https://github.com/michel-slm,User,False,5754,30,30,30,30,127,23,False
vadorovsky,1,https://github.com/vadorovsky,User,False,2616,30,30,30,30,229,52,False
msanders,1,https://github.com/msanders,User,False,5844,30,30,30,30,223,1092,False
tracker1,1,https://github.com/tracker1,User,False,5235,30,30,30,30,96,90,False
Maxxus220,1,https://github.com/Maxxus220,User,False,1256,3,1,2,18,0,2,False
MeztliRA,1,https://github.com/MeztliRA,User,False,1467,30,30,8,30,0,2,False
melroy89,1,https://github.com/melroy89,User,False,5110,30,30,30,30,115,4,False
maximousblk,1,https://github.com/maximousblk,User,False,2844,30,30,30,30,182,478,False
maxmynter,1,https://github.com/maxmynter,User,False,2683,30,30,30,30,37,1,False
badnetmask,1,https://github.com/badnetmask,User,False,4631,30,27,30,25,15,10,False
xqm32,1,https://github.com/xqm32,User,False,2662,30,30,30,30,41,20,False
aeruhxi,1,https://github.com/aeruhxi,User,False,3305,30,22,30,30,59,50,False
ps173,1,https://github.com/ps173,User,False,1722,10,9,23,30,13,12,False
pjbull,1,https://github.com/pjbull,User,False,4644,30,30,30,30,382,45,False
pavelzw,1,https://github.com/pavelzw,User,False,2801,30,30,30,30,93,80,False
paulo-santana,1,https://github.com/paulo-santana,User,False,3947,30,30,30,30,194,4,False
sanders41,1,https://github.com/sanders41,User,False,2959,30,30,30,30,34,53,False
pstadler,1,https://github.com/pstadler,User,False,5126,30,30,30,30,260,5197,False
arcuru,1,https://github.com/arcuru,User,False,5555,30,30,30,30,47,109,False
hpwxf,1,https://github.com/hpwxf,User,False,2908,30,30,30,30,28,0,False
panglars,1,https://github.com/panglars,User,False,1056,30,30,9,27,12,1,False
Pandademic,1,https://github.com/Pandademic,User,False,1553,30,30,30,30,20,0,False
oransimhony,1,https://github.com/oransimhony,User,False,2362,30,30,30,21,13,27,False
OrBin,1,https://github.com/OrBin,User,False,3997,30,30,30,30,21,2,False
pelgerr,1,https://github.com/pelgerr,User,False,4251,30,29,22,20,2,5,False
onielfa,1,https://github.com/onielfa,User,False,4304,5,4,2,10,6,0,False
DestyNova,1,https://github.com/DestyNova,User,False,4690,30,30,30,30,35,23,False
lutzky,1,https://github.com/lutzky,User,False,6144,30,30,30,30,48,7,False
coolreader18,1,https://github.com/coolreader18,User,False,2671,30,30,30,30,119,9,False
nimishbongale,1,https://github.com/nimishbongale,User,False,2342,30,30,30,30,265,28,False
nicoe,1,https://github.com/nicoe,User,False,5884,30,30,30,30,55,4,False
chadcatlett,1,https://github.com/chadcatlett,User,False,5686,30,30,12,30,15,2,False
clvanbrandt,1,https://github.com/clvanbrandt,User,False,1979,3,1,1,3,3,0,False
CSumm,1,https://github.com/CSumm,User,False,2720,30,27,30,7,18,1,False
cardin,1,https://github.com/cardin,User,False,5152,16,10,30,16,12,16,False
camflan,1,https://github.com/camflan,User,False,5981,30,30,30,30,65,45,False
CAESIUS-TIM,1,https://github.com/CAESIUS-TIM,User,False,1849,30,25,30,30,7,1,False
BuggStream,1,https://github.com/BuggStream,User,False,2089,14,12,5,17,2,0,False
brettcannon,1,https://github.com/brettcannon,User,True,5847,30,30,30,30,2192,37,False
brandondong,1,https://github.com/brandondong,User,False,3479,30,30,24,30,4,116,False
brahmlower,1,https://github.com/brahmlower,User,False,4386,30,30,30,30,37,13,False
bradyjoslin,1,https://github.com/bradyjoslin,User,False,3520,30,30,28,30,43,83,False
bjornfor,1,https://github.com/bjornfor,User,False,5617,30,30,30,30,41,24,False
bmwiedemann,1,https://github.com/bmwiedemann,User,False,5105,30,30,30,30,85,3,False
lovesegfault,1,https://github.com/lovesegfault,User,False,3966,30,30,30,30,284,522,False
bsherman,1,https://github.com/bsherman,User,False,5827,30,30,30,30,38,103,False
deadalusai,1,https://github.com/deadalusai,User,False,4964,30,29,21,30,5,20,False
bbenzikry,1,https://github.com/bbenzikry,User,False,4597,26,20,30,30,123,9,False
filmor,1,https://github.com/filmor,User,False,5959,30,30,30,30,74,8,False
benwaffle,1,https://github.com/benwaffle,User,False,4668,30,30,30,30,159,11,False
beanieboi,1,https://github.com/beanieboi,User,False,5967,30,30,30,30,181,32,False
dbeckwith,1,https://github.com/dbeckwith,User,False,4805,30,30,30,30,14,20,False
dmedinag,1,https://github.com/dmedinag,User,False,3973,15,12,12,30,12,33,False
wendorf,1,https://github.com/wendorf,User,False,5264,30,30,30,30,11,1,False
TsekNet,1,https://github.com/TsekNet,User,False,2845,15,14,12,30,46,72,False
Kwelity,1,https://github.com/Kwelity,User,False,4498,4,4,7,9,0,1,False
CuriousCorrelation,1,https://github.com/CuriousCorrelation,User,False,1893,30,30,5,30,3,0,False
CosmoLau,1,https://github.com/CosmoLau,User,False,2711,8,4,10,30,11,11,False
devmatteini,1,https://github.com/devmatteini,User,False,2166,7,7,29,30,32,254,False
cdmistman,1,https://github.com/cdmistman,User,False,3015,30,30,30,30,40,2,False
cmarqu,1,https://github.com/cmarqu,User,False,5303,30,30,30,30,61,12,False
CoelacanthusHex,1,https://github.com/CoelacanthusHex,User,False,2354,30,30,30,30,391,33,False
codybloemhard,1,https://github.com/codybloemhard,User,False,3456,30,30,30,30,19,4,False
cljoly,1,https://github.com/cljoly,User,False,3956,30,30,30,30,66,45,False
chrisgzf,1,https://github.com/chrisgzf,User,False,4246,30,30,30,30,130,12,False
cschlosser,1,https://github.com/cschlosser,User,False,4521,30,30,30,30,29,327,False
sirhcel,1,https://github.com/sirhcel,User,False,3808,30,30,21,30,15,8,False
potatoqualitee,1,https://github.com/potatoqualitee,User,False,3858,30,30,30,30,940,37,False
christippett,1,https://github.com/christippett,User,False,3968,26,25,28,30,42,241,False
Chiffario,1,https://github.com/Chiffario,User,False,2146,30,30,30,30,5,0,False
vanilla-extracts,1,https://github.com/vanilla-extracts,User,False,3297,30,30,30,30,59,47,False
cswartzvi,1,https://github.com/cswartzvi,User,False,4881,28,18,20,30,8,2,False
AZanellato,1,https://github.com/AZanellato,User,False,2763,16,11,7,25,18,14,False
andymac4182,1,https://github.com/andymac4182,User,False,4795,30,30,30,30,38,6,False
tapeinosyne,1,https://github.com/tapeinosyne,User,False,4444,30,30,30,30,35,139,False
alapshin,1,https://github.com/alapshin,User,False,5342,30,30,29,19,6,10,False
andrewiggins,1,https://github.com/andrewiggins,User,False,5224,30,30,30,30,226,338,False
Andree37,1,https://github.com/Andree37,User,False,2661,18,17,5,30,26,8,False
aes,1,https://github.com/aes,User,False,5369,26,18,30,25,20,24,False
ananta,1,https://github.com/ananta,User,False,3580,30,30,4,30,61,25,False
alvaroaleman,1,https://github.com/alvaroaleman,User,False,4041,30,30,30,30,170,58,False
alago1,1,https://github.com/alago1,User,False,2580,30,29,12,30,4,6,False
ixti,1,https://github.com/ixti,User,False,5728,30,30,30,30,189,24,False
AlexHaxe,1,https://github.com/AlexHaxe,User,False,3968,30,30,30,30,25,72,False
cfal,1,https://github.com/cfal,User,False,3437,0,0,0,30,0,44,False
alexjurkiewicz,1,https://github.com/alexjurkiewicz,User,False,5285,30,30,30,30,25,120,False
akikanellis,1,https://github.com/akikanellis,User,False,4092,30,30,30,20,10,19,False
AkiaCode,1,https://github.com/AkiaCode,User,False,1617,30,30,30,30,280,26,False
aduong,1,https://github.com/aduong,User,False,4911,30,25,28,30,30,24,False
adhaamehab,1,https://github.com/adhaamehab,User,False,3472,29,24,22,30,151,41,False
aarongable,1,https://github.com/aarongable,User,False,4520,30,30,30,30,1186,21,False
AaronFriel,1,https://github.com/AaronFriel,User,False,5026,30,30,30,30,60,1,False
pt2121,1,https://github.com/pt2121,User,False,5117,30,30,9,30,134,84,False
BasixKOR,1,https://github.com/BasixKOR,User,False,3949,30,30,30,30,545,1112,False
basnijholt,1,https://github.com/basnijholt,User,False,3997,30,30,30,30,1200,2288,False
EHfive,1,https://github.com/EHfive,User,False,2967,30,30,24,30,82,2101,False
balthild,1,https://github.com/balthild,User,False,4495,30,25,30,30,166,46,False
probaku1234,1,https://github.com/probaku1234,User,False,3714,30,30,4,30,0,5,False
B1kku,1,https://github.com/B1kku,User,False,1486,3,2,4,7,2,0,False
Ayyanaruto,1,https://github.com/Ayyanaruto,User,False,1588,30,9,7,13,1,5,False
agateau,1,https://github.com/agateau,User,False,6176,30,30,30,30,120,247,False
tyilo,1,https://github.com/tyilo,User,False,5145,30,30,30,30,277,122,False
aryaag,1,https://github.com/aryaag,User,False,3610,6,4,6,30,8,2,False
adaschevici,1,https://github.com/adaschevici,User,False,4661,30,30,30,30,29,2,False
mandx,1,https://github.com/mandx,User,False,5168,30,30,30,30,19,8,False
hanoii,1,https://github.com/hanoii,User,False,5084,30,30,30,30,9,14,False
ehcrae,1,https://github.com/ehcrae,User,False,2179,7,7,0,13,1,1,False
amtoine,1,https://github.com/amtoine,User,False,2319,30,30,30,30,87,34,False
Anthuang,1,https://github.com/Anthuang,User,False,3424,29,24,13,30,10,7,False
Anomalocaridid,1,https://github.com/Anomalocaridid,User,False,2786,30,30,30,15,6,191,False
AnirbanHalder654322,1,https://github.com/AnirbanHalder654322,User,False,1221,15,12,5,11,0,0,False
yangzai,1,https://github.com/yangzai,User,False,4584,30,23,7,30,10,4,False
anki-code,1,https://github.com/anki-code,User,False,4670,0,0,0,30,0,14,False
rouge8,1,https://github.com/rouge8,User,False,5431,30,30,30,30,49,79,False
pickfire,1,https://github.com/pickfire,User,False,4266,30,30,30,30,154,19,False
jpiggg,1,https://github.com/jpiggg,User,False,3116,3,2,5,7,19,5,False
IsaacHorvath,1,https://github.com/IsaacHorvath,User,False,4175,4,2,0,11,0,5,False
iwahbe,1,https://github.com/iwahbe,User,False,3076,30,30,30,30,27,38,False
Huhni,1,https://github.com/Huhni,User,False,2643,0,0,0,15,0,2,False
WhyNotHugo,1,https://github.com/WhyNotHugo,User,False,5056,0,0,0,30,0,432,False
AlwaysIngame,1,https://github.com/AlwaysIngame,User,False,2019,9,4,6,17,2,4,False
hkmatsumoto,1,https://github.com/hkmatsumoto,User,False,1918,30,30,17,30,93,34,False
ryuheechul,1,https://github.com/ryuheechul,User,False,4498,30,30,30,30,93,5,False
msfjarvis,1,https://github.com/msfjarvis,User,False,3504,30,30,30,30,682,277,False
harrysarson,1,https://github.com/harrysarson,User,False,3351,30,30,30,30,24,5,False
hhtpcd,1,https://github.com/hhtpcd,User,False,4357,18,17,9,26,7,7,False
HarrisonMc555,1,https://github.com/HarrisonMc555,User,False,3055,30,30,30,30,21,45,False
hbina,1,https://github.com/hbina,User,False,4014,30,30,30,30,46,10,False
yuchanns,1,https://github.com/yuchanns,User,False,2959,30,30,30,30,214,97,False
nim65s,1,https://github.com/nim65s,User,False,5621,30,30,30,30,125,0,False
Glandos,1,https://github.com/Glandos,User,False,5370,30,30,30,30,12,4,False
giggio,1,https://github.com/giggio,User,False,5328,30,30,30,30,1910,268,False
gerrywastaken,1,https://github.com/gerrywastaken,User,False,5794,30,30,30,30,26,44,False
gkeep,1,https://github.com/gkeep,User,False,3131,30,30,27,24,4,101,False
imlazyeye,1,https://github.com/imlazyeye,User,False,2457,22,18,9,17,14,21,False
jeffbyrnes,1,https://github.com/jeffbyrnes,User,False,5406,30,30,30,30,73,36,False
jeanga,1,https://github.com/jeanga,User,False,3975,8,3,30,4,8,0,False
jgoday,1,https://github.com/jgoday,User,False,6108,30,30,2,30,20,18,False
Jason-S-Ross,1,https://github.com/Jason-S-Ross,User,False,2423,14,12,22,22,2,16,False
JasonEtco,1,https://github.com/JasonEtco,User,True,3678,30,30,30,30,1318,1659,False
JanPokorny,1,https://github.com/JanPokorny,User,False,4279,30,30,30,22,29,37,False
majutsushi,1,https://github.com/majutsushi,User,False,5219,19,17,30,30,98,541,False
jangorecki,1,https://github.com/jangorecki,User,False,4381,30,30,30,29,237,259,False
jan-di,1,https://github.com/jan-di,User,False,3023,30,30,30,30,22,58,False
jceb,1,https://github.com/jceb,User,False,5706,30,30,30,30,151,475,False
jkp,1,https://github.com/jkp,User,False,6199,30,17,30,19,60,0,False
ItsJamie9494,1,https://github.com/ItsJamie9494,User,False,3074,30,30,30,21,70,21,False
james-thorne-canva,1,https://github.com/james-thorne-canva,User,False,566,1,1,0,1,0,0,False
twpol,1,https://github.com/twpol,User,False,4918,30,30,30,30,34,22,False
JamesMConroy,1,https://github.com/JamesMConroy,User,False,3029,30,30,12,30,9,2,False
jirutka,1,https://github.com/jirutka,User,False,4950,30,30,30,30,475,197,False
JakeWharton,1,https://github.com/JakeWharton,User,False,5808,30,30,30,30,67772,38510,False
jacobmichels,1,https://github.com/jacobmichels,User,False,2468,24,22,18,26,8,3,False
jmfergeau,1,https://github.com/jmfergeau,User,False,4017,30,30,30,24,9,27,False
JKatzwinkel,1,https://github.com/JKatzwinkel,User,False,4610,30,30,30,30,73,15,False
IzhakJakov,1,https://github.com/IzhakJakov,User,False,3240,17,9,30,14,0,0,False
domsleee,1,https://github.com/domsleee,User,False,3428,30,30,12,30,10,2,False
Dietr1ch,1,https://github.com/Dietr1ch,User,False,4579,30,30,30,30,18,0,False
djornada,1,https://github.com/djornada,User,False,4101,12,12,30,3,47,6,False
underrun,1,https://github.com/underrun,User,False,5135,30,30,30,30,21,1,False
DerRockWolf,1,https://github.com/DerRockWolf,User,False,2109,30,30,30,27,9,2,False
tuxinaut,1,https://github.com/tuxinaut,User,False,5060,30,30,30,12,24,5,False
Funinja,1,https://github.com/Funinja,User,False,1498,15,7,1,24,9,0,False
dmccaffery,1,https://github.com/dmccaffery,User,False,4643,30,30,30,30,42,0,False
dtanabe,1,https://github.com/dtanabe,User,False,5024,3,2,3,8,9,1,False
Marzal,1,https://github.com/Marzal,User,False,4583,30,30,30,30,22,13,False
dten,1,https://github.com/dten,User,False,4917,30,30,30,30,20,19,False
Dav1dde,1,https://github.com/Dav1dde,User,False,5408,30,30,30,30,320,202,False
dbanetto,1,https://github.com/dbanetto,User,False,4866,30,30,30,30,13,5,False
djpowers,1,https://github.com/djpowers,User,False,4239,30,30,30,30,56,15,False
DaveParr,1,https://github.com/DaveParr,User,False,3848,30,30,30,30,83,31,False
OddBloke,1,https://github.com/OddBloke,User,False,5820,30,30,30,30,69,14,False
danielwaltz,1,https://github.com/danielwaltz,User,False,4561,22,20,27,27,19,123,False
Daniel15,1,https://github.com/Daniel15,User,False,5736,30,30,30,30,1419,3,False
Letsch22,1,https://github.com/Letsch22,User,False,3527,19,16,28,16,5,0,False
DanielKneipp,1,https://github.com/DanielKneipp,User,False,3986,17,15,3,30,18,68,False
daniel-illi,1,https://github.com/daniel-illi,User,False,5106,30,30,30,30,15,6,False
FabioAntunes,1,https://github.com/FabioAntunes,User,False,4510,30,30,30,30,68,564,False
fbanning,1,https://github.com/fbanning,User,False,1742,30,30,30,16,8,3,False
mcfedr,1,https://github.com/mcfedr,User,False,5070,30,30,30,30,39,63,False
fraserli,1,https://github.com/fraserli,User,False,1977,9,8,0,12,5,4,False
Foster0123,1,https://github.com/Foster0123,User,False,1584,1,1,0,17,0,0,False
flovilmart,1,https://github.com/flovilmart,User,False,5300,30,30,30,30,338,33,False
cheap-glitch,1,https://github.com/cheap-glitch,User,False,2227,30,30,30,23,139,322,False
sergot,1,https://github.com/sergot,User,False,4913,30,30,30,30,34,83,False
BattleCh1cken,1,https://github.com/BattleCh1cken,User,False,1529,30,30,30,30,18,12,False
felipesere,1,https://github.com/felipesere,User,False,4630,30,30,30,30,72,82,False
jmfederico,1,https://github.com/jmfederico,User,False,5430,30,30,30,29,13,83,False
emattiza,1,https://github.com/emattiza,User,False,3611,30,30,23,30,12,1,False
ericbn,1,https://github.com/ericbn,User,False,4330,30,30,30,30,67,17,False
edrex,1,https://github.com/edrex,User,False,6083,30,30,30,30,87,0,False
em-,1,https://github.com/em-,User,False,5591,30,30,30,30,32,25,False
EliaGeretto,1,https://github.com/EliaGeretto,User,False,3784,30,30,30,30,13,3,False
e-khurmamatov,1,https://github.com/e-khurmamatov,User,False,1552,0,0,0,2,0,0,False
ejortegau,1,https://github.com/ejortegau,User,False,4129,30,30,26,23,6,3,False
ekorchmar,1,https://github.com/ekorchmar,User,False,2698,30,30,26,30,6,3,False
Dosenpfand,1,https://github.com/Dosenpfand,User,False,5258,30,30,7,30,11,8,False
dnaka91,1,https://github.com/dnaka91,User,False,2549,30,30,30,30,82,21,False
